# akm sketchfab prep (vertex colors, X-axis, muzzle +X)
v -0.035227 -0.143751 0.018977 0.2588 0.2667 0.2824
v -0.035183 -0.142506 0.018978 0.2588 0.2667 0.2824
v -0.038473 -0.145394 0.018976 0.2588 0.2667 0.2824
v -0.037233 -0.145512 0.018976 0.2588 0.2667 0.2824
v -0.027910 -0.137395 0.018980 0.2588 0.2667 0.2824
v -0.027852 -0.136166 0.018982 0.2588 0.2667 0.2824
v -0.031128 -0.139043 0.018980 0.2588 0.2667 0.2824
v -0.029902 -0.139144 0.018979 0.2588 0.2667 0.2824
v -0.020613 -0.130921 0.018984 0.2588 0.2667 0.2824
v -0.020568 -0.129675 0.018985 0.2588 0.2667 0.2824
v -0.023835 -0.132543 0.018984 0.2588 0.2667 0.2824
v -0.022594 -0.132661 0.018983 0.2588 0.2667 0.2824
v -0.036225 -0.141438 0.018069 0.2588 0.2667 0.2824
v -0.036947 -0.141807 0.017260 0.2588 0.2667 0.2824
v -0.038952 -0.143567 0.017259 0.2588 0.2667 0.2824
v -0.039404 -0.144229 0.018067 0.2588 0.2667 0.2824
v -0.022332 -0.128977 0.017267 0.2588 0.2667 0.2824
v -0.021610 -0.128608 0.018076 0.2588 0.2667 0.2824
v -0.024766 -0.131378 0.018075 0.2588 0.2667 0.2824
v -0.024313 -0.130716 0.017266 0.2588 0.2667 0.2824
v -0.029342 -0.135763 0.017263 0.2588 0.2667 0.2824
v -0.028700 -0.135199 0.018122 0.2588 0.2667 0.2824
v -0.031977 -0.138075 0.018120 0.2588 0.2667 0.2824
v -0.031334 -0.137512 0.017262 0.2588 0.2667 0.2824
v -0.023124 -0.132090 0.017569 0.2588 0.2667 0.2824
v -0.023990 -0.132259 0.018271 0.2588 0.2667 0.2824
v -0.028025 -0.135962 0.018315 0.2588 0.2667 0.2824
v -0.028296 -0.136980 0.017567 0.2588 0.2667 0.2824
v -0.020834 -0.129488 0.018272 0.2588 0.2667 0.2824
v -0.021142 -0.130350 0.017570 0.2588 0.2667 0.2824
v -0.030288 -0.138729 0.017565 0.2588 0.2667 0.2824
v -0.031302 -0.138838 0.018313 0.2588 0.2667 0.2824
v -0.035449 -0.142319 0.018265 0.2588 0.2667 0.2824
v -0.035757 -0.143180 0.017563 0.2588 0.2667 0.2824
v -0.037762 -0.144941 0.017562 0.2588 0.2667 0.2824
v -0.038628 -0.145109 0.018263 0.2588 0.2667 0.2824
v -0.066535 -0.084981 0.019645 0.2588 0.2667 0.2824
v -0.066817 -0.084444 0.020435 0.2588 0.2667 0.2824
v -0.065062 -0.085050 0.019644 0.2588 0.2667 0.2824
v -0.064473 -0.084543 0.020440 0.2588 0.2667 0.2824
v -0.065804 -0.084717 0.019644 0.2588 0.2667 0.2824
v -0.065640 -0.084020 0.020437 0.2588 0.2667 0.2824
v -0.076884 -0.094542 0.019645 0.2588 0.2667 0.2824
v -0.077162 -0.094001 0.020435 0.2588 0.2667 0.2824
v -0.075548 -0.094656 0.019645 0.2588 0.2667 0.2824
v -0.074915 -0.094181 0.020442 0.2588 0.2667 0.2824
v -0.076211 -0.094307 0.019645 0.2588 0.2667 0.2824
v -0.076015 -0.093602 0.020438 0.2588 0.2667 0.2824
v -0.067013 -0.086800 0.019644 0.2588 0.2667 0.2824
v -0.067547 -0.087378 0.020441 0.2588 0.2667 0.2824
v -0.067004 -0.085415 0.019645 0.2588 0.2667 0.2824
v -0.067520 -0.085094 0.020435 0.2588 0.2667 0.2824
v -0.067302 -0.086085 0.019645 0.2588 0.2667 0.2824
v -0.068018 -0.086215 0.020437 0.2588 0.2667 0.2824
v -0.077436 -0.096505 0.019645 0.2588 0.2667 0.2824
v -0.077997 -0.097038 0.020442 0.2588 0.2667 0.2824
v -0.077368 -0.094989 0.019645 0.2588 0.2667 0.2824
v -0.077881 -0.094665 0.020435 0.2588 0.2667 0.2824
v -0.077700 -0.095715 0.019645 0.2588 0.2667 0.2824
v -0.078406 -0.095813 0.020438 0.2588 0.2667 0.2824
v -0.047125 -0.116821 0.017255 0.2588 0.2667 0.2824
v -0.047569 -0.116070 0.018112 0.2588 0.2667 0.2824
v -0.045762 -0.116904 0.017255 0.2588 0.2667 0.2824
v -0.045230 -0.116214 0.018113 0.2588 0.2667 0.2824
v -0.046426 -0.116576 0.017255 0.2588 0.2667 0.2824
v -0.046369 -0.115650 0.018112 0.2588 0.2667 0.2824
v -0.047713 -0.118691 0.017255 0.2588 0.2667 0.2824
v -0.048469 -0.119124 0.018113 0.2588 0.2667 0.2824
v -0.047626 -0.117271 0.017255 0.2588 0.2667 0.2824
v -0.048323 -0.116748 0.018112 0.2588 0.2667 0.2824
v -0.047959 -0.117963 0.017255 0.2588 0.2667 0.2824
v -0.048881 -0.117906 0.018112 0.2588 0.2667 0.2824
v -0.068684 -0.106965 0.017253 0.2588 0.2667 0.2824
v -0.069603 -0.105849 0.017697 0.2588 0.2667 0.2824
v -0.066017 -0.104788 0.018062 0.2588 0.2667 0.2824
v -0.066728 -0.105169 0.017252 0.2588 0.2667 0.2824
v -0.067650 -0.104055 0.017695 0.2588 0.2667 0.2824
v -0.058568 -0.095447 0.017750 0.2588 0.2667 0.2824
v -0.057429 -0.096631 0.017245 0.2588 0.2667 0.2824
v -0.057868 -0.097306 0.018056 0.2588 0.2667 0.2824
v -0.056634 -0.093671 0.017748 0.2588 0.2667 0.2824
v -0.055881 -0.093387 0.018906 0.2588 0.2667 0.2824
v -0.054783 -0.094473 0.018054 0.2588 0.2667 0.2824
v -0.055493 -0.094854 0.017244 0.2588 0.2667 0.2824
v -0.059583 -0.090697 0.019636 0.2588 0.2667 0.2824
v -0.058900 -0.090287 0.020437 0.2588 0.2667 0.2824
v -0.058924 -0.096144 0.018956 0.2588 0.2667 0.2824
v -0.061979 -0.093119 0.020439 0.2588 0.2667 0.2824
v -0.061518 -0.092465 0.019637 0.2588 0.2667 0.2824
v -0.069785 -0.100299 0.020443 0.2588 0.2667 0.2824
v -0.070478 -0.100702 0.019642 0.2588 0.2667 0.2824
v -0.072879 -0.103147 0.020445 0.2588 0.2667 0.2824
v -0.072412 -0.102503 0.019643 0.2588 0.2667 0.2824
v -0.021275 -0.099300 0.017416 0.2588 0.2667 0.2824
v -0.021904 -0.098854 0.018212 0.2588 0.2667 0.2824
v 0.026663 -0.031016 0.017416 0.2588 0.2667 0.2824
v 0.027474 -0.031142 0.018212 0.2588 0.2667 0.2824
v 0.023409 -0.030512 0.018212 0.2588 0.2667 0.2824
v 0.024220 -0.030638 0.017416 0.2588 0.2667 0.2824
v 0.029225 -0.018114 0.017416 0.2588 0.2667 0.2824
v 0.028387 -0.018075 0.018212 0.2588 0.2667 0.2824
v 0.032578 -0.018271 0.018212 0.2588 0.2667 0.2824
v 0.031741 -0.018232 0.017416 0.2588 0.2667 0.2824
v 0.017170 -0.043724 0.018212 0.2588 0.2667 0.2824
v 0.017970 -0.043889 0.017416 0.2588 0.2667 0.2824
v 0.021188 -0.044552 0.018212 0.2588 0.2667 0.2824
v 0.020389 -0.044387 0.017416 0.2588 0.2667 0.2824
v 0.040499 0.008645 0.017416 0.2588 0.2667 0.2824
v 0.041339 0.008658 0.018212 0.2588 0.2667 0.2824
v 0.037367 -0.004517 0.018212 0.2588 0.2667 0.2824
v 0.036530 -0.004497 0.017416 0.2588 0.2667 0.2824
v 0.043640 0.021862 0.017416 0.2588 0.2667 0.2824
v 0.044475 0.021875 0.018212 0.2588 0.2667 0.2824
v 0.040331 0.021810 0.018212 0.2588 0.2667 0.2824
v 0.041167 0.021823 0.017416 0.2588 0.2667 0.2824
v 0.027572 0.008443 0.017416 0.2588 0.2667 0.2824
v 0.026729 0.008430 0.018212 0.2588 0.2667 0.2824
v 0.030922 0.008495 0.018212 0.2588 0.2667 0.2824
v 0.030079 0.008482 0.017416 0.2588 0.2667 0.2824
v 0.010281 -0.042305 0.017416 0.2588 0.2667 0.2824
v 0.011081 -0.042470 0.018212 0.2588 0.2667 0.2824
v 0.013966 -0.029048 0.017416 0.2588 0.2667 0.2824
v 0.013154 -0.028922 0.018212 0.2588 0.2667 0.2824
v 0.017832 -0.017582 0.018212 0.2588 0.2667 0.2824
v 0.018672 -0.017621 0.017416 0.2588 0.2667 0.2824
v 0.021192 -0.017739 0.017416 0.2588 0.2667 0.2824
v 0.022031 -0.017778 0.018212 0.2588 0.2667 0.2824
v 0.017223 -0.029553 0.018212 0.2588 0.2667 0.2824
v 0.016412 -0.029427 0.017416 0.2588 0.2667 0.2824
v -0.003542 -0.039458 0.018212 0.2588 0.2667 0.2824
v -0.002740 -0.039624 0.017416 0.2588 0.2667 0.2824
v 0.012578 -0.003919 0.017416 0.2588 0.2667 0.2824
v 0.011737 -0.003898 0.018212 0.2588 0.2667 0.2824
v 0.015800 0.008259 0.018212 0.2588 0.2667 0.2824
v 0.016645 0.008272 0.017416 0.2588 0.2667 0.2824
v 0.019963 0.021493 0.017416 0.2588 0.2667 0.2824
v 0.019124 0.021480 0.018212 0.2588 0.2667 0.2824
v 0.021124 0.032615 0.018212 0.2588 0.2667 0.2824
v 0.021970 0.032693 0.017416 0.2588 0.2667 0.2824
v 0.024451 0.032922 0.017416 0.2588 0.2667 0.2824
v 0.025296 0.033001 0.018212 0.2588 0.2667 0.2824
v 0.032171 0.033637 0.018212 0.2588 0.2667 0.2824
v 0.033017 0.033715 0.017416 0.2588 0.2667 0.2824
v 0.029978 0.021649 0.018212 0.2588 0.2667 0.2824
v 0.030815 0.021662 0.017416 0.2588 0.2667 0.2824
v 0.007859 -0.041807 0.017416 0.2588 0.2667 0.2824
v 0.007058 -0.041642 0.018212 0.2588 0.2667 0.2824
v 0.023555 -0.004184 0.017416 0.2588 0.2667 0.2824
v 0.022716 -0.004163 0.018212 0.2588 0.2667 0.2824
v 0.026063 -0.004244 0.017416 0.2588 0.2667 0.2824
v 0.026902 -0.004264 0.018212 0.2588 0.2667 0.2824
v 0.015932 -0.004000 0.018212 0.2588 0.2667 0.2824
v 0.015091 -0.003979 0.017416 0.2588 0.2667 0.2824
v 0.034127 0.021714 0.018212 0.2588 0.2667 0.2824
v 0.033291 0.021701 0.017416 0.2588 0.2667 0.2824
v 0.019157 0.008312 0.017416 0.2588 0.2667 0.2824
v 0.020001 0.008325 0.018212 0.2588 0.2667 0.2824
v 0.023280 0.021545 0.018212 0.2588 0.2667 0.2824
v 0.022441 0.021532 0.017416 0.2588 0.2667 0.2824
v -0.000316 -0.040123 0.017416 0.2588 0.2667 0.2824
v 0.000486 -0.040288 0.018212 0.2588 0.2667 0.2824
v 0.035497 0.033944 0.017416 0.2588 0.2667 0.2824
v 0.036341 0.034022 0.018212 0.2588 0.2667 0.2824
v -0.028593 -0.092535 0.017416 0.2588 0.2667 0.2824
v -0.029222 -0.092089 0.018212 0.2588 0.2667 0.2824
v -0.026038 -0.094348 0.018212 0.2588 0.2667 0.2824
v -0.026667 -0.093902 0.017416 0.2588 0.2667 0.2824
v 0.042709 0.034611 0.018212 0.2588 0.2667 0.2824
v 0.043554 0.034689 0.017416 0.2588 0.2667 0.2824
v 0.033188 -0.004416 0.018212 0.2588 0.2667 0.2824
v 0.034026 -0.004436 0.017416 0.2588 0.2667 0.2824
v 0.046034 0.034919 0.017416 0.2588 0.2667 0.2824
v 0.046878 0.034997 0.018212 0.2588 0.2667 0.2824
v 0.037996 0.008606 0.017416 0.2588 0.2667 0.2824
v 0.037154 0.008593 0.018212 0.2588 0.2667 0.2824
v -0.018718 -0.101114 0.018212 0.2588 0.2667 0.2824
v -0.019348 -0.100668 0.017416 0.2588 0.2667 0.2824
v 0.006765 -0.017064 0.018212 0.2588 0.2667 0.2824
v 0.007608 -0.017104 0.017416 0.2588 0.2667 0.2824
v 0.010134 -0.017222 0.017416 0.2588 0.2667 0.2824
v 0.010975 -0.017261 0.018212 0.2588 0.2667 0.2824
v 0.006477 -0.027887 0.018212 0.2588 0.2667 0.2824
v 0.005665 -0.027761 0.017416 0.2588 0.2667 0.2824
v 0.003216 -0.027381 0.017416 0.2588 0.2667 0.2824
v 0.002403 -0.027255 0.018212 0.2588 0.2667 0.2824
v -0.037017 -0.086522 0.017416 0.2588 0.2667 0.2824
v -0.037645 -0.086076 0.018212 0.2588 0.2667 0.2824
v -0.034463 -0.088334 0.018212 0.2588 0.2667 0.2824
v -0.035092 -0.087888 0.017416 0.2588 0.2667 0.2824
v 0.034323 0.045170 0.017416 0.2588 0.2667 0.2824
v 0.033525 0.045503 0.018212 0.2588 0.2667 0.2824
v 0.035278 0.046105 0.017416 0.2588 0.2667 0.2824
v 0.034924 0.046872 0.018212 0.2588 0.2667 0.2824
v 0.036196 0.046097 0.017416 0.2588 0.2667 0.2824
v 0.036499 0.046924 0.018212 0.2588 0.2667 0.2824
v 0.036770 0.045317 0.017416 0.2588 0.2667 0.2824
v 0.037632 0.045567 0.018212 0.2588 0.2667 0.2824
v 0.046871 0.047173 0.017416 0.2588 0.2667 0.2824
v 0.047177 0.048001 0.018212 0.2588 0.2667 0.2824
v 0.047448 0.046452 0.017416 0.2588 0.2667 0.2824
v 0.048312 0.046701 0.018212 0.2588 0.2667 0.2824
v 0.044981 0.046146 0.017416 0.2588 0.2667 0.2824
v 0.044190 0.046487 0.018212 0.2588 0.2667 0.2824
v 0.045790 0.047179 0.017416 0.2588 0.2667 0.2824
v 0.045438 0.047945 0.018212 0.2588 0.2667 0.2824
v 0.024991 0.045156 0.017416 0.2588 0.2667 0.2824
v 0.025191 0.045973 0.018212 0.2588 0.2667 0.2824
v 0.025606 0.044391 0.017416 0.2588 0.2667 0.2824
v 0.026468 0.044646 0.018212 0.2588 0.2667 0.2824
v 0.023149 0.044148 0.017416 0.2588 0.2667 0.2824
v 0.022345 0.044471 0.018212 0.2588 0.2667 0.2824
v 0.024083 0.045072 0.017416 0.2588 0.2667 0.2824
v 0.023726 0.045838 0.018212 0.2588 0.2667 0.2824
v -0.029027 -0.108439 0.017416 0.2588 0.2667 0.2824
v -0.029784 -0.108877 0.018212 0.2588 0.2667 0.2824
v -0.028931 -0.107351 0.017416 0.2588 0.2667 0.2824
v -0.029748 -0.107102 0.018212 0.2588 0.2667 0.2824
v -0.036184 -0.101195 0.017416 0.2588 0.2667 0.2824
v -0.036940 -0.101634 0.018212 0.2588 0.2667 0.2824
v -0.036271 -0.100301 0.017416 0.2588 0.2667 0.2824
v -0.037095 -0.100059 0.018212 0.2588 0.2667 0.2824
v -0.034191 -0.101499 0.017416 0.2588 0.2667 0.2824
v -0.033864 -0.102267 0.018212 0.2588 0.2667 0.2824
v -0.035565 -0.101634 0.017416 0.2588 0.2667 0.2824
v -0.035784 -0.102455 0.018212 0.2588 0.2667 0.2824
v -0.027033 -0.108744 0.017416 0.2588 0.2667 0.2824
v -0.026706 -0.109512 0.018212 0.2588 0.2667 0.2824
v -0.028407 -0.108879 0.017416 0.2588 0.2667 0.2824
v -0.028625 -0.109700 0.018212 0.2588 0.2667 0.2824
v -0.042759 -0.093353 0.017416 0.2588 0.2667 0.2824
v -0.043515 -0.093792 0.018212 0.2588 0.2667 0.2824
v -0.042847 -0.092457 0.017416 0.2588 0.2667 0.2824
v -0.043670 -0.092215 0.018212 0.2588 0.2667 0.2824
v -0.040767 -0.093655 0.017416 0.2588 0.2667 0.2824
v -0.040441 -0.094423 0.018212 0.2588 0.2667 0.2824
v -0.041915 -0.093875 0.017416 0.2588 0.2667 0.2824
v -0.042133 -0.094696 0.018212 0.2588 0.2667 0.2824
v 0.023518 0.044832 0.017416 0.2588 0.2667 0.2824
v 0.022938 0.045377 0.018212 0.2588 0.2667 0.2824
v 0.025482 0.044893 0.017416 0.2588 0.2667 0.2824
v 0.026063 0.045436 0.018212 0.2588 0.2667 0.2824
v 0.034635 0.045821 0.017416 0.2588 0.2667 0.2824
v 0.034059 0.046370 0.018212 0.2588 0.2667 0.2824
v 0.036637 0.045830 0.017416 0.2588 0.2667 0.2824
v 0.037220 0.046368 0.018212 0.2588 0.2667 0.2824
v 0.045249 0.046861 0.017416 0.2588 0.2667 0.2824
v 0.044683 0.047420 0.018212 0.2588 0.2667 0.2824
v 0.047287 0.046991 0.017416 0.2588 0.2667 0.2824
v 0.047871 0.047528 0.018212 0.2588 0.2667 0.2824
v -0.041270 -0.093922 0.017416 0.2588 0.2667 0.2824
v -0.041216 -0.094716 0.018212 0.2588 0.2667 0.2824
v -0.042911 -0.092917 0.017416 0.2588 0.2667 0.2824
v -0.043701 -0.093015 0.018212 0.2588 0.2667 0.2824
v -0.034825 -0.101725 0.017416 0.2588 0.2667 0.2824
v -0.034771 -0.102519 0.018212 0.2588 0.2667 0.2824
v -0.036396 -0.100711 0.017416 0.2588 0.2667 0.2824
v -0.037185 -0.100809 0.018212 0.2588 0.2667 0.2824
v -0.029159 -0.107849 0.017416 0.2588 0.2667 0.2824
v -0.029946 -0.107943 0.018212 0.2588 0.2667 0.2824
v -0.027697 -0.109028 0.017416 0.2588 0.2667 0.2824
v -0.027642 -0.109822 0.018212 0.2588 0.2667 0.2824
v 0.004974 -0.064717 0.018212 0.2588 0.2667 0.2824
v 0.011342 -0.054463 0.018212 0.2588 0.2667 0.2824
v 0.012099 -0.054718 0.017416 0.2588 0.2667 0.2824
v 0.005711 -0.065008 0.017416 0.2588 0.2667 0.2824
v 0.007951 -0.065891 0.017416 0.2588 0.2667 0.2824
v 0.014394 -0.055493 0.017416 0.2588 0.2667 0.2824
v 0.015151 -0.055749 0.018212 0.2588 0.2667 0.2824
v 0.008688 -0.066180 0.018212 0.2588 0.2667 0.2824
v 0.005620 -0.052533 0.018212 0.2588 0.2667 0.2824
v -0.000334 -0.061993 0.018212 0.2588 0.2667 0.2824
v -0.001080 -0.061714 0.017416 0.2588 0.2667 0.2824
v 0.004863 -0.052277 0.017416 0.2588 0.2667 0.2824
v -0.004087 -0.060583 0.018212 0.2588 0.2667 0.2824
v 0.001808 -0.051246 0.018212 0.2588 0.2667 0.2824
v 0.002566 -0.051501 0.017416 0.2588 0.2667 0.2824
v -0.003343 -0.060864 0.017416 0.2588 0.2667 0.2824
v -0.007426 -0.048130 0.017416 0.2588 0.2667 0.2824
v -0.013172 -0.057129 0.017416 0.2588 0.2667 0.2824
v -0.013915 -0.056845 0.018212 0.2588 0.2667 0.2824
v -0.008185 -0.047875 0.018212 0.2588 0.2667 0.2824
v -0.004369 -0.049162 0.018212 0.2588 0.2667 0.2824
v -0.010166 -0.058268 0.018212 0.2588 0.2667 0.2824
v -0.010911 -0.057987 0.017416 0.2588 0.2667 0.2824
v -0.005127 -0.048906 0.017416 0.2588 0.2667 0.2824
v -0.010054 -0.085249 0.018212 0.2588 0.2667 0.2824
v -0.002718 -0.075702 0.018212 0.2588 0.2667 0.2824
v -0.002030 -0.076069 0.017416 0.2588 0.2667 0.2824
v -0.009365 -0.085620 0.017416 0.2588 0.2667 0.2824
v 0.000758 -0.077553 0.018212 0.2588 0.2667 0.2824
v -0.006562 -0.087110 0.018212 0.2588 0.2667 0.2824
v -0.007255 -0.086744 0.017416 0.2588 0.2667 0.2824
v 0.000069 -0.077187 0.017416 0.2588 0.2667 0.2824
v -0.010478 -0.070951 0.017416 0.2588 0.2667 0.2824
v -0.018252 -0.080876 0.017416 0.2588 0.2667 0.2824
v -0.018941 -0.080505 0.018212 0.2588 0.2667 0.2824
v -0.011167 -0.070584 0.018212 0.2588 0.2667 0.2824
v -0.007692 -0.072435 0.018212 0.2588 0.2667 0.2824
v -0.015447 -0.082367 0.018212 0.2588 0.2667 0.2824
v -0.016140 -0.082000 0.017416 0.2588 0.2667 0.2824
v -0.008381 -0.072068 0.017416 0.2588 0.2667 0.2824
v -0.015994 -0.066412 0.018212 0.2588 0.2667 0.2824
v -0.024728 -0.077417 0.018212 0.2588 0.2667 0.2824
v -0.025421 -0.077051 0.017416 0.2588 0.2667 0.2824
v -0.016682 -0.066045 0.017416 0.2588 0.2667 0.2824
v -0.018776 -0.064929 0.017416 0.2588 0.2667 0.2824
v -0.027533 -0.075926 0.017416 0.2588 0.2667 0.2824
v -0.028222 -0.075556 0.018212 0.2588 0.2667 0.2824
v -0.019464 -0.064563 0.018212 0.2588 0.2667 0.2824
v 0.029562 -0.064751 0.018975 0.2588 0.2667 0.2824
v 0.012133 -0.091933 0.018975 0.2588 0.2667 0.2824
v -0.004416 -0.111616 0.019019 0.2588 0.2667 0.2824
v -0.018020 -0.125755 0.018989 0.2588 0.2667 0.2824
v -0.044210 -0.148747 0.018975 0.2588 0.2667 0.2824
v 0.058037 0.036029 0.020147 0.2588 0.2667 0.2824
v 0.052379 0.008831 0.020147 0.2588 0.2667 0.2824
v -0.036111 -0.045927 0.032904 0.2588 0.2667 0.2824
v 0.046944 0.008746 0.020147 0.2588 0.2667 0.2824
v 0.026674 -0.045682 0.020147 0.2588 0.2667 0.2824
v 0.029562 -0.064751 0.031269 0.2588 0.2667 0.2824
v 0.033050 -0.032006 0.020147 0.2588 0.2667 0.2824
v -0.045556 -0.058185 0.032904 0.2588 0.2667 0.2824
v 0.043027 -0.004654 0.020147 0.2588 0.2667 0.2824
v 0.038308 -0.018539 0.020147 0.2588 0.2667 0.2824
v 0.012133 -0.091933 0.031269 0.2588 0.2667 0.2824
v -0.058258 -0.072838 0.032904 0.2588 0.2667 0.2824
v 0.023432 -0.062682 0.020147 0.2588 0.2667 0.2824
v 0.008020 -0.086046 0.020147 0.2588 0.2667 0.2824
v -0.008950 -0.106282 0.020147 0.2588 0.2667 0.2824
v -0.004709 -0.112009 0.031293 0.2588 0.2667 0.2824
v -0.065515 -0.079923 0.032904 0.2588 0.2667 0.2824
v 0.052610 0.035527 0.020147 0.2588 0.2667 0.2824
v 0.048451 -0.004785 0.020147 0.2588 0.2667 0.2824
v -0.018115 -0.125872 0.031277 0.2588 0.2667 0.2824
v 0.038325 -0.032824 0.020147 0.2588 0.2667 0.2824
v -0.083389 -0.096499 0.032904 0.2588 0.2667 0.2824
v 0.031889 -0.046756 0.020147 0.2588 0.2667 0.2824
v 0.050052 0.021961 0.020147 0.2588 0.2667 0.2824
v 0.055441 0.022045 0.020147 0.2588 0.2667 0.2824
v -0.044210 -0.148747 0.032904 0.2588 0.2667 0.2824
v -0.013086 -0.103347 0.020147 0.2588 0.2667 0.2824
v -0.044210 -0.148747 0.031269 0.2588 0.2667 0.2824
v 0.003500 -0.083638 0.020147 0.2588 0.2667 0.2824
v 0.043745 -0.018793 0.020147 0.2588 0.2667 0.2824
v -0.074356 -0.108542 0.032904 0.2588 0.2667 0.2824
v 0.018479 -0.061010 0.020147 0.2588 0.2667 0.2824
v -0.013047 -0.129236 0.031263 0.2588 0.2667 0.2824
v -0.013059 -0.129252 0.032904 0.2588 0.2667 0.2824
v 0.000131 -0.115610 0.031251 0.2588 0.2667 0.2824
v 0.000092 -0.115662 0.032904 0.2588 0.2667 0.2824
v 0.035219 -0.067103 0.031269 0.2588 0.2667 0.2824
v 0.035219 -0.067103 0.032904 0.2588 0.2667 0.2824
v 0.017577 -0.094743 0.032904 0.2588 0.2667 0.2824
v 0.017577 -0.094743 0.031269 0.2588 0.2667 0.2824
v 0.057887 0.049114 0.020147 0.2588 0.2667 0.2824
v 0.059282 0.047302 0.020147 0.2588 0.2667 0.2824
v 0.058922 0.048524 0.020147 0.2588 0.2667 0.2824
v 0.054193 0.047219 0.020147 0.2588 0.2667 0.2824
v 0.056242 0.049182 0.020147 0.2588 0.2667 0.2824
v -0.023346 -0.048269 0.021365 0.2588 0.2667 0.2824
v 0.054894 0.048538 0.020147 0.2588 0.2667 0.2824
v -0.034013 -0.063130 0.021365 0.2588 0.2667 0.2824
v -0.023148 -0.116420 0.020147 0.2588 0.2667 0.2824
v -0.047809 -0.079626 0.021332 0.2588 0.2667 0.2824
v -0.056673 -0.088337 0.021355 0.2588 0.2667 0.2824
v -0.023345 -0.114036 0.020147 0.2588 0.2667 0.2824
v -0.076096 -0.106210 0.021365 0.2588 0.2667 0.2824
v -0.023809 -0.115274 0.020147 0.2588 0.2667 0.2824
v -0.019275 -0.117052 0.020147 0.2588 0.2667 0.2824
v -0.021990 -0.117278 0.020147 0.2588 0.2667 0.2824
v -0.020591 -0.117659 0.020147 0.2588 0.2667 0.2824
v -0.034474 -0.046332 0.021365 0.2588 0.2667 0.2824
v -0.036111 -0.045927 0.022999 0.2588 0.2667 0.2824
v -0.035631 -0.046046 0.021844 0.2588 0.2667 0.2824
v -0.044102 -0.058920 0.021365 0.2588 0.2667 0.2824
v -0.045556 -0.058185 0.022999 0.2588 0.2667 0.2824
v -0.045130 -0.058401 0.021844 0.2588 0.2667 0.2824
v -0.056736 -0.073467 0.021379 0.2588 0.2667 0.2824
v -0.058055 -0.072566 0.023017 0.2588 0.2667 0.2824
v -0.057653 -0.072808 0.021861 0.2588 0.2667 0.2824
v -0.064321 -0.080919 0.021369 0.2588 0.2667 0.2824
v -0.065449 -0.079842 0.023005 0.2588 0.2667 0.2824
v -0.065113 -0.080151 0.021849 0.2588 0.2667 0.2824
v -0.083389 -0.096499 0.022999 0.2588 0.2667 0.2824
v -0.082448 -0.097698 0.021365 0.2588 0.2667 0.2824
v -0.083113 -0.096850 0.021844 0.2588 0.2667 0.2824
v 0.066419 0.047621 0.018975 0.2588 0.2667 0.2824
v 0.064829 0.036657 0.018975 0.2588 0.2667 0.2824
v 0.062084 0.022149 0.018975 0.2588 0.2667 0.2824
v 0.059063 0.008935 0.018975 0.2588 0.2667 0.2824
v 0.055183 -0.004947 0.018975 0.2588 0.2667 0.2824
v 0.050545 -0.019111 0.018975 0.2588 0.2667 0.2824
v -0.003505 0.041198 0.032904 0.2588 0.2667 0.2824
v -0.005092 0.027785 0.032904 0.2588 0.2667 0.2824
v 0.064830 0.036661 0.031269 0.2588 0.2667 0.2824
v 0.066419 0.047617 0.031269 0.2588 0.2667 0.2824
v -0.006969 0.018585 0.032904 0.2588 0.2667 0.2824
v -0.010724 0.005493 0.032904 0.2588 0.2667 0.2824
v 0.059064 0.008938 0.031269 0.2588 0.2667 0.2824
v 0.062083 0.022143 0.031269 0.2588 0.2667 0.2824
v -0.015059 -0.005802 0.032904 0.2588 0.2667 0.2824
v -0.020419 -0.018203 0.032904 0.2588 0.2667 0.2824
v 0.055183 -0.004948 0.031269 0.2588 0.2667 0.2824
v 0.050548 -0.019103 0.031269 0.2588 0.2667 0.2824
v 0.056278 -0.021256 0.031269 0.2588 0.2667 0.2824
v 0.060834 -0.007265 0.031269 0.2588 0.2667 0.2824
v 0.056278 -0.021254 0.032904 0.2588 0.2667 0.2824
v 0.060834 -0.007266 0.032904 0.2588 0.2667 0.2824
v 0.072255 0.048027 0.031269 0.2588 0.2667 0.2824
v 0.070854 0.037088 0.031269 0.2588 0.2667 0.2824
v 0.070855 0.037092 0.032904 0.2588 0.2667 0.2824
v 0.072255 0.048026 0.032904 0.2588 0.2667 0.2824
v 0.065138 0.008384 0.032904 0.2588 0.2667 0.2824
v 0.068071 0.021588 0.032904 0.2588 0.2667 0.2824
v 0.068071 0.021590 0.031269 0.2588 0.2667 0.2824
v 0.065138 0.008383 0.031269 0.2588 0.2667 0.2824
v 0.007747 0.030851 0.021365 0.2588 0.2667 0.2824
v 0.008896 0.042426 0.021365 0.2588 0.2667 0.2824
v 0.002415 0.007522 0.021365 0.2588 0.2667 0.2824
v 0.005904 0.020730 0.021365 0.2588 0.2667 0.2824
v -0.006905 -0.016980 0.021365 0.2588 0.2667 0.2824
v -0.001756 -0.004138 0.021365 0.2588 0.2667 0.2824
v -0.001741 0.041371 0.021365 0.2588 0.2667 0.2824
v -0.003325 0.027903 0.021365 0.2588 0.2667 0.2824
v -0.005095 0.027770 0.022999 0.2588 0.2667 0.2824
v -0.003505 0.041200 0.022999 0.2588 0.2667 0.2824
v -0.004578 0.027801 0.021844 0.2588 0.2667 0.2824
v -0.002988 0.041251 0.021844 0.2588 0.2667 0.2824
v -0.005202 0.018658 0.021365 0.2588 0.2667 0.2824
v -0.008978 0.005453 0.021365 0.2588 0.2667 0.2824
v -0.010733 0.005468 0.022999 0.2588 0.2667 0.2824
v -0.006967 0.018593 0.022999 0.2588 0.2667 0.2824
v -0.006449 0.018617 0.021844 0.2588 0.2667 0.2824
v -0.010223 0.005451 0.021844 0.2588 0.2667 0.2824
v -0.013272 -0.005769 0.021365 0.2588 0.2667 0.2824
v -0.018684 -0.018335 0.021365 0.2588 0.2667 0.2824
v -0.020430 -0.018227 0.022999 0.2588 0.2667 0.2824
v -0.015054 -0.005788 0.022999 0.2588 0.2667 0.2824
v -0.019925 -0.018271 0.021844 0.2588 0.2667 0.2824
v -0.014530 -0.005775 0.021844 0.2588 0.2667 0.2824
v 0.044937 -0.033849 0.018975 0.2588 0.2667 0.2824
v 0.038402 -0.048097 0.018975 0.2588 0.2667 0.2824
v -0.024190 -0.025782 0.032904 0.2588 0.2667 0.2824
v -0.030105 -0.036714 0.032904 0.2588 0.2667 0.2824
v 0.038403 -0.048094 0.031269 0.2588 0.2667 0.2824
v 0.044938 -0.033847 0.031269 0.2588 0.2667 0.2824
v 0.050941 -0.035245 0.031269 0.2588 0.2667 0.2824
v 0.044390 -0.049594 0.031269 0.2588 0.2667 0.2824
v 0.044391 -0.049591 0.032904 0.2588 0.2667 0.2824
v 0.050942 -0.035245 0.032904 0.2588 0.2667 0.2824
v -0.016804 -0.037390 0.021365 0.2588 0.2667 0.2824
v -0.010941 -0.025808 0.021365 0.2588 0.2667 0.2824
v -0.022474 -0.025979 0.021365 0.2588 0.2667 0.2824
v -0.028434 -0.037031 0.021365 0.2588 0.2667 0.2824
v -0.030113 -0.036729 0.022999 0.2588 0.2667 0.2824
v -0.024190 -0.025780 0.022999 0.2588 0.2667 0.2824
v -0.023687 -0.025838 0.021844 0.2588 0.2667 0.2824
v -0.029626 -0.036825 0.021844 0.2588 0.2667 0.2824
v -0.002856 0.050568 0.021844 0.2588 0.2667 0.2824
v -0.003360 0.050450 0.032904 0.2588 0.2667 0.2824
v 0.009204 0.051785 0.021365 0.2588 0.2667 0.2824
v -0.003360 0.050450 0.022999 0.2588 0.2667 0.2824
v 0.055441 0.022045 0.018975 0.2588 0.2667 0.2824
v 0.050052 0.021961 0.018975 0.2588 0.2667 0.2824
v 0.058037 0.036029 0.018975 0.2588 0.2667 0.2824
v 0.052610 0.035527 0.018975 0.2588 0.2667 0.2824
v 0.008020 -0.086046 0.018975 0.2588 0.2667 0.2824
v -0.013086 -0.103347 0.018994 0.2588 0.2667 0.2824
v -0.008950 -0.106282 0.019003 0.2588 0.2667 0.2824
v -0.020591 -0.117659 0.018982 0.2588 0.2667 0.2824
v -0.019275 -0.117052 0.018985 0.2588 0.2667 0.2824
v -0.021990 -0.117278 0.018979 0.2588 0.2667 0.2824
v -0.023345 -0.114036 0.018976 0.2588 0.2667 0.2824
v -0.023148 -0.116420 0.018976 0.2588 0.2667 0.2824
v -0.023809 -0.115274 0.018975 0.2588 0.2667 0.2824
v 0.003500 -0.083638 0.018975 0.2588 0.2667 0.2824
v 0.023432 -0.062682 0.018975 0.2588 0.2667 0.2824
v 0.048451 -0.004785 0.018975 0.2588 0.2667 0.2824
v 0.043027 -0.004654 0.018975 0.2588 0.2667 0.2824
v 0.052379 0.008831 0.018975 0.2588 0.2667 0.2824
v 0.033050 -0.032006 0.018975 0.2588 0.2667 0.2824
v 0.043745 -0.018793 0.018975 0.2588 0.2667 0.2824
v 0.018479 -0.061010 0.018975 0.2588 0.2667 0.2824
v 0.031889 -0.046756 0.018975 0.2588 0.2667 0.2824
v 0.056242 0.049182 0.018975 0.2588 0.2667 0.2824
v 0.038325 -0.032824 0.018975 0.2588 0.2667 0.2824
v 0.026674 -0.045682 0.018975 0.2588 0.2667 0.2824
v 0.038308 -0.018539 0.018975 0.2588 0.2667 0.2824
v 0.046944 0.008746 0.018975 0.2588 0.2667 0.2824
v 0.059282 0.047302 0.018975 0.2588 0.2667 0.2824
v 0.057887 0.049114 0.018975 0.2588 0.2667 0.2824
v 0.058922 0.048524 0.018975 0.2588 0.2667 0.2824
v 0.054193 0.047219 0.018975 0.2588 0.2667 0.2824
v 0.054894 0.048538 0.018975 0.2588 0.2667 0.2824
v 0.022000 0.044610 0.018975 0.2588 0.2667 0.2824
v 0.022689 0.045610 0.018975 0.2588 0.2667 0.2824
v 0.023573 0.046166 0.018975 0.2588 0.2667 0.2824
v 0.033812 0.046606 0.018975 0.2588 0.2667 0.2824
v 0.026313 0.045669 0.018975 0.2588 0.2667 0.2824
v 0.026837 0.044756 0.018975 0.2588 0.2667 0.2824
v 0.033184 0.045646 0.018975 0.2588 0.2667 0.2824
v 0.034772 0.047200 0.018975 0.2588 0.2667 0.2824
v 0.036630 0.047278 0.018975 0.2588 0.2667 0.2824
v 0.037470 0.046599 0.018975 0.2588 0.2667 0.2824
v 0.038002 0.045674 0.018975 0.2588 0.2667 0.2824
v 0.044441 0.047660 0.018975 0.2588 0.2667 0.2824
v 0.043851 0.046634 0.018975 0.2588 0.2667 0.2824
v 0.045287 0.048273 0.018975 0.2588 0.2667 0.2824
v 0.048122 0.047759 0.018975 0.2588 0.2667 0.2824
v 0.048682 0.046807 0.018975 0.2588 0.2667 0.2824
v 0.018765 0.021474 0.018975 0.2588 0.2667 0.2824
v 0.020761 0.032581 0.018975 0.2588 0.2667 0.2824
v 0.025659 0.033034 0.018975 0.2588 0.2667 0.2824
v 0.031809 0.033603 0.018975 0.2588 0.2667 0.2824
v 0.036703 0.034056 0.018975 0.2588 0.2667 0.2824
v 0.042347 0.034578 0.018975 0.2588 0.2667 0.2824
v 0.047239 0.035030 0.018975 0.2588 0.2667 0.2824
v 0.015437 0.008253 0.018975 0.2588 0.2667 0.2824
v 0.023639 0.021550 0.018975 0.2588 0.2667 0.2824
v 0.020363 0.008330 0.018975 0.2588 0.2667 0.2824
v 0.026368 0.008424 0.018975 0.2588 0.2667 0.2824
v 0.029619 0.021643 0.018975 0.2588 0.2667 0.2824
v 0.034486 0.021719 0.018975 0.2588 0.2667 0.2824
v 0.031283 0.008501 0.018975 0.2588 0.2667 0.2824
v 0.036794 0.008587 0.018975 0.2588 0.2667 0.2824
v 0.039972 0.021805 0.018975 0.2588 0.2667 0.2824
v 0.044833 0.021880 0.018975 0.2588 0.2667 0.2824
v 0.041700 0.008664 0.018975 0.2588 0.2667 0.2824
v 0.011376 -0.003890 0.018975 0.2588 0.2667 0.2824
v 0.006404 -0.017047 0.018975 0.2588 0.2667 0.2824
v 0.016292 -0.004008 0.018975 0.2588 0.2667 0.2824
v 0.011335 -0.017278 0.018975 0.2588 0.2667 0.2824
v 0.022356 -0.004155 0.018975 0.2588 0.2667 0.2824
v 0.017472 -0.017565 0.018975 0.2588 0.2667 0.2824
v 0.027261 -0.004273 0.018975 0.2588 0.2667 0.2824
v 0.022390 -0.017795 0.018975 0.2588 0.2667 0.2824
v 0.032829 -0.004408 0.018975 0.2588 0.2667 0.2824
v 0.028028 -0.018058 0.018975 0.2588 0.2667 0.2824
v 0.037725 -0.004526 0.018975 0.2588 0.2667 0.2824
v -0.003886 -0.039388 0.018975 0.2588 0.2667 0.2824
v 0.002054 -0.027201 0.018975 0.2588 0.2667 0.2824
v 0.006825 -0.027941 0.018975 0.2588 0.2667 0.2824
v 0.000830 -0.040359 0.018975 0.2588 0.2667 0.2824
v 0.012806 -0.028868 0.018975 0.2588 0.2667 0.2824
v 0.006715 -0.041571 0.018975 0.2588 0.2667 0.2824
v 0.017570 -0.029607 0.018975 0.2588 0.2667 0.2824
v 0.023062 -0.030458 0.018975 0.2588 0.2667 0.2824
v 0.027821 -0.031196 0.018975 0.2588 0.2667 0.2824
v 0.032937 -0.018288 0.018975 0.2588 0.2667 0.2824
v -0.008510 -0.047766 0.018975 0.2588 0.2667 0.2824
v -0.014234 -0.056724 0.018975 0.2588 0.2667 0.2824
v -0.004044 -0.049272 0.018975 0.2588 0.2667 0.2824
v -0.009847 -0.058388 0.018975 0.2588 0.2667 0.2824
v 0.001483 -0.051137 0.018975 0.2588 0.2667 0.2824
v -0.004406 -0.060463 0.018975 0.2588 0.2667 0.2824
v 0.011424 -0.042541 0.018975 0.2588 0.2667 0.2824
v 0.016827 -0.043654 0.018975 0.2588 0.2667 0.2824
v 0.021531 -0.044623 0.018975 0.2588 0.2667 0.2824
v 0.015475 -0.055858 0.018975 0.2588 0.2667 0.2824
v -0.028518 -0.075397 0.018971 0.2588 0.2667 0.2824
v -0.019759 -0.064406 0.018975 0.2588 0.2667 0.2824
v -0.015699 -0.066569 0.018976 0.2588 0.2667 0.2824
v -0.011462 -0.070427 0.018976 0.2588 0.2667 0.2824
v -0.007397 -0.072592 0.018976 0.2588 0.2667 0.2824
v -0.000014 -0.062112 0.018975 0.2588 0.2667 0.2824
v 0.004659 -0.064592 0.018975 0.2588 0.2667 0.2824
v -0.003014 -0.075544 0.018976 0.2588 0.2667 0.2824
v 0.005945 -0.052643 0.018975 0.2588 0.2667 0.2824
v 0.011017 -0.054354 0.018975 0.2588 0.2667 0.2824
v 0.009004 -0.066304 0.018975 0.2588 0.2667 0.2824
v -0.044039 -0.093057 0.018952 0.2588 0.2667 0.2824
v -0.043839 -0.093980 0.018954 0.2588 0.2667 0.2824
v -0.037914 -0.085885 0.018940 0.2588 0.2667 0.2824
v -0.044023 -0.092112 0.018950 0.2588 0.2667 0.2824
v -0.042227 -0.095048 0.018955 0.2588 0.2667 0.2824
v -0.041193 -0.095056 0.018954 0.2588 0.2667 0.2824
v -0.034194 -0.088525 0.018948 0.2588 0.2667 0.2824
v -0.040302 -0.094751 0.018952 0.2588 0.2667 0.2824
v -0.029491 -0.091898 0.018958 0.2588 0.2667 0.2824
v -0.037447 -0.099954 0.018960 0.2588 0.2667 0.2824
v -0.037524 -0.100851 0.018962 0.2588 0.2667 0.2824
v -0.037264 -0.101822 0.018964 0.2588 0.2667 0.2824
v -0.035877 -0.102807 0.018965 0.2588 0.2667 0.2824
v -0.033725 -0.102596 0.018962 0.2588 0.2667 0.2824
v -0.025768 -0.094539 0.018966 0.2588 0.2667 0.2824
v -0.022174 -0.098662 0.018977 0.2588 0.2667 0.2824
v -0.030098 -0.106995 0.018968 0.2588 0.2667 0.2824
v -0.034747 -0.102860 0.018964 0.2588 0.2667 0.2824
v -0.030283 -0.107984 0.018970 0.2588 0.2667 0.2824
v -0.030108 -0.109066 0.018972 0.2588 0.2667 0.2824
v -0.028718 -0.110051 0.018973 0.2588 0.2667 0.2824
v -0.027619 -0.110162 0.018972 0.2588 0.2667 0.2824
v -0.019237 -0.080346 0.018981 0.2588 0.2667 0.2824
v -0.026565 -0.109841 0.018970 0.2588 0.2667 0.2824
v -0.024431 -0.077574 0.018980 0.2588 0.2667 0.2824
v -0.015150 -0.082524 0.018981 0.2588 0.2667 0.2824
v -0.006265 -0.087267 0.018980 0.2588 0.2667 0.2824
v -0.018449 -0.101305 0.018986 0.2588 0.2667 0.2824
v -0.010350 -0.085090 0.018980 0.2588 0.2667 0.2824
v 0.001053 -0.077711 0.018976 0.2588 0.2667 0.2824
v 0.025276 0.046323 0.018975 0.2588 0.2667 0.2824
v 0.047308 0.048355 0.018975 0.2588 0.2667 0.2824
v -0.066738 -0.084508 0.021364 0.2588 0.2667 0.2824
v -0.065520 -0.084068 0.021364 0.2588 0.2667 0.2824
v -0.064313 -0.084609 0.021362 0.2588 0.2667 0.2824
v -0.067463 -0.085178 0.021364 0.2588 0.2667 0.2824
v -0.067980 -0.086341 0.021363 0.2588 0.2667 0.2824
v -0.075892 -0.093649 0.021361 0.2588 0.2667 0.2824
v -0.067493 -0.087546 0.021362 0.2588 0.2667 0.2824
v -0.077824 -0.094749 0.021362 0.2588 0.2667 0.2824
v -0.078368 -0.095937 0.021362 0.2588 0.2667 0.2824
v -0.077946 -0.097201 0.021363 0.2588 0.2667 0.2824
v -0.077083 -0.094065 0.021361 0.2588 0.2667 0.2824
v -0.074751 -0.094249 0.021360 0.2588 0.2667 0.2824
v -0.069301 -0.100745 0.021360 0.2588 0.2667 0.2824
v -0.061577 -0.093641 0.021356 0.2588 0.2667 0.2824
v -0.054606 -0.094559 0.018963 0.2588 0.2667 0.2824
v -0.058728 -0.090125 0.021355 0.2588 0.2667 0.2824
v -0.072506 -0.103694 0.021362 0.2588 0.2667 0.2824
v -0.048324 -0.116748 0.018981 0.2588 0.2667 0.2824
v -0.047569 -0.116070 0.018980 0.2588 0.2667 0.2824
v -0.046370 -0.115650 0.018980 0.2588 0.2667 0.2824
v -0.045230 -0.116214 0.018980 0.2588 0.2667 0.2824
v -0.021536 -0.128556 0.018987 0.2588 0.2667 0.2824
v -0.039441 -0.144274 0.018978 0.2588 0.2667 0.2824
v -0.048881 -0.117906 0.018981 0.2588 0.2667 0.2824
v -0.048469 -0.119124 0.018981 0.2588 0.2667 0.2824
v -0.036054 -0.141515 0.018979 0.2588 0.2667 0.2824
v -0.032075 -0.137946 0.018981 0.2588 0.2667 0.2824
v -0.028798 -0.135069 0.018983 0.2588 0.2667 0.2824
v -0.024803 -0.131424 0.018985 0.2588 0.2667 0.2824
v -0.024661 -0.131585 0.018985 0.2588 0.2667 0.2824
v -0.024659 -0.131584 0.019240 0.2588 0.2667 0.2824
v -0.023911 -0.132636 0.031274 0.2588 0.2667 0.2824
v -0.024734 -0.131674 0.031275 0.2588 0.2667 0.2824
v -0.022671 -0.132752 0.031273 0.2588 0.2667 0.2824
v -0.020682 -0.131008 0.031273 0.2588 0.2667 0.2824
v -0.021458 -0.128802 0.031275 0.2588 0.2667 0.2824
v -0.021394 -0.128717 0.018987 0.2588 0.2667 0.2824
v -0.021392 -0.128716 0.019242 0.2588 0.2667 0.2824
v -0.020636 -0.129764 0.031275 0.2588 0.2667 0.2824
v -0.039299 -0.144436 0.018978 0.2588 0.2667 0.2824
v -0.039297 -0.144434 0.019233 0.2588 0.2667 0.2824
v -0.038503 -0.145428 0.031270 0.2588 0.2667 0.2824
v -0.039327 -0.144467 0.031270 0.2588 0.2667 0.2824
v -0.037263 -0.145545 0.031270 0.2588 0.2667 0.2824
v -0.036018 -0.141556 0.018979 0.2588 0.2667 0.2824
v -0.035242 -0.143773 0.031271 0.2588 0.2667 0.2824
v -0.036031 -0.141576 0.031271 0.2588 0.2667 0.2824
v -0.036017 -0.141555 0.019279 0.2588 0.2667 0.2824
v -0.035196 -0.142529 0.031271 0.2588 0.2667 0.2824
v -0.032053 -0.138090 0.031272 0.2588 0.2667 0.2824
v -0.032001 -0.138029 0.018981 0.2588 0.2667 0.2824
v -0.031999 -0.138028 0.019248 0.2588 0.2667 0.2824
v -0.031183 -0.139107 0.031272 0.2588 0.2667 0.2824
v -0.029957 -0.139208 0.031272 0.2588 0.2667 0.2824
v -0.028725 -0.135153 0.018983 0.2588 0.2667 0.2824
v -0.028723 -0.135152 0.019249 0.2588 0.2667 0.2824
v -0.027953 -0.137451 0.031273 0.2588 0.2667 0.2824
v -0.027894 -0.136223 0.031273 0.2588 0.2667 0.2824
v -0.028764 -0.135207 0.031273 0.2588 0.2667 0.2824
v -0.037802 -0.150667 0.032904 0.2588 0.2667 0.2824
v -0.036983 -0.150486 0.032904 0.2588 0.2667 0.2824
v -0.036983 -0.150486 0.031269 0.2588 0.2667 0.2824
v -0.037802 -0.150667 0.031269 0.2588 0.2667 0.2824
v 0.066399 0.083624 0.018975 0.2588 0.2667 0.2824
v 0.065896 0.089561 0.024929 0.2588 0.2667 0.2824
v 0.066206 0.085896 0.019428 0.2588 0.2667 0.2824
v 0.066043 0.087822 0.020719 0.2588 0.2667 0.2824
v 0.065934 0.089110 0.022650 0.2588 0.2667 0.2824
v 0.032534 0.085563 0.022649 0.2588 0.2667 0.2824
v 0.032582 0.085964 0.024927 0.2588 0.2667 0.2824
v 0.008003 0.077730 0.021008 0.2588 0.2667 0.2824
v 0.030283 0.081096 0.019186 0.2588 0.2667 0.2824
v 0.032384 0.084308 0.020718 0.2588 0.2667 0.2824
v 0.028617 0.080131 0.019008 0.2588 0.2667 0.2824
v 0.031579 0.082525 0.019536 0.2588 0.2667 0.2824
v 0.026746 0.079722 0.018975 0.2588 0.2667 0.2824
v 0.032582 0.085968 0.025364 0.2588 0.2667 0.2824
v 0.066437 0.083256 0.025364 0.2588 0.2667 0.2824
v 0.065896 0.089561 0.025364 0.2588 0.2667 0.2824
v 0.078181 0.057575 0.027542 0.2588 0.2667 0.2824
v -0.049017 -0.126954 0.017245 0.2588 0.2667 0.2824
v -0.051908 -0.128929 0.018103 0.2588 0.2667 0.2824
v -0.040051 -0.113229 0.017261 0.2588 0.2667 0.2824
v -0.040750 -0.113474 0.017261 0.2588 0.2667 0.2824
v -0.039607 -0.113980 0.018118 0.2588 0.2667 0.2824
v -0.051117 -0.128563 0.017245 0.2588 0.2667 0.2824
v -0.040806 -0.114400 0.018119 0.2588 0.2667 0.2824
v -0.035731 -0.115190 0.017258 0.2588 0.2667 0.2824
v -0.039462 -0.111359 0.017262 0.2588 0.2667 0.2824
v -0.039550 -0.112779 0.017261 0.2588 0.2667 0.2824
v -0.038853 -0.113302 0.018119 0.2588 0.2667 0.2824
v -0.038707 -0.110926 0.018120 0.2588 0.2667 0.2824
v -0.039217 -0.112087 0.017261 0.2588 0.2667 0.2824
v -0.038295 -0.112144 0.018119 0.2588 0.2667 0.2824
v -0.038852 -0.113302 0.018987 0.2588 0.2667 0.2824
v -0.035199 -0.114499 0.018115 0.2588 0.2667 0.2824
v -0.039606 -0.113980 0.018986 0.2588 0.2667 0.2824
v -0.040806 -0.114400 0.018986 0.2588 0.2667 0.2824
v -0.041920 -0.113835 0.018978 0.2588 0.2667 0.2824
v -0.038295 -0.112144 0.018987 0.2588 0.2667 0.2824
v -0.038688 -0.110936 0.018976 0.2588 0.2667 0.2824
v -0.041414 -0.113146 0.017261 0.2588 0.2667 0.2824
v -0.041980 -0.113660 0.018064 0.2588 0.2667 0.2824
v -0.038850 -0.116192 0.018983 0.2588 0.2667 0.2824
v -0.035199 -0.114499 0.018983 0.2588 0.2667 0.2824
v -0.036338 -0.113935 0.018982 0.2588 0.2667 0.2824
v -0.037538 -0.114356 0.018983 0.2588 0.2667 0.2824
v -0.038292 -0.115033 0.018983 0.2588 0.2667 0.2824
v -0.038849 -0.116192 0.018115 0.2588 0.2667 0.2824
v -0.051908 -0.128929 0.018970 0.2588 0.2667 0.2824
v -0.037928 -0.116249 0.017258 0.2588 0.2667 0.2824
v -0.048427 -0.126312 0.018970 0.2588 0.2667 0.2824
v -0.038292 -0.115033 0.018115 0.2588 0.2667 0.2824
v -0.037595 -0.115556 0.017257 0.2588 0.2667 0.2824
v -0.038138 -0.117614 0.018066 0.2588 0.2667 0.2824
v -0.051471 -0.122542 0.018991 0.2588 0.2667 0.2824
v -0.037682 -0.116976 0.017258 0.2588 0.2667 0.2824
v -0.036338 -0.113936 0.018115 0.2588 0.2667 0.2824
v -0.037538 -0.114356 0.018114 0.2588 0.2667 0.2824
v -0.036395 -0.114861 0.017257 0.2588 0.2667 0.2824
v -0.038076 -0.117787 0.018981 0.2588 0.2667 0.2824
v -0.037094 -0.115106 0.017257 0.2588 0.2667 0.2824
v -0.050368 -0.126752 0.017245 0.2588 0.2667 0.2824
v -0.049650 -0.126569 0.017245 0.2588 0.2667 0.2824
v -0.050745 -0.125966 0.018102 0.2588 0.2667 0.2824
v -0.049513 -0.125651 0.018102 0.2588 0.2667 0.2824
v -0.050906 -0.127157 0.017245 0.2588 0.2667 0.2824
v -0.051555 -0.126575 0.018102 0.2588 0.2667 0.2824
v -0.051298 -0.127817 0.017245 0.2588 0.2667 0.2824
v -0.052212 -0.127680 0.018102 0.2588 0.2667 0.2824
v -0.051555 -0.126575 0.018970 0.2588 0.2667 0.2824
v -0.050745 -0.125965 0.018970 0.2588 0.2667 0.2824
v -0.049513 -0.125651 0.018970 0.2588 0.2667 0.2824
v -0.052212 -0.127680 0.018970 0.2588 0.2667 0.2824
v -0.048427 -0.126312 0.018103 0.2588 0.2667 0.2824
v -0.052882 -0.124806 0.017266 0.2588 0.2667 0.2824
v -0.053588 -0.125031 0.017266 0.2588 0.2667 0.2824
v -0.052460 -0.125569 0.018123 0.2588 0.2667 0.2824
v -0.053671 -0.125954 0.018123 0.2588 0.2667 0.2824
v -0.052240 -0.122953 0.017266 0.2588 0.2667 0.2824
v -0.051472 -0.122542 0.018124 0.2588 0.2667 0.2824
v -0.052368 -0.124370 0.017266 0.2588 0.2667 0.2824
v -0.051686 -0.124913 0.018123 0.2588 0.2667 0.2824
v -0.052015 -0.123688 0.017266 0.2588 0.2667 0.2824
v -0.051096 -0.123771 0.018123 0.2588 0.2667 0.2824
v -0.051686 -0.124913 0.018991 0.2588 0.2667 0.2824
v -0.052459 -0.125569 0.018991 0.2588 0.2667 0.2824
v -0.053671 -0.125954 0.018990 0.2588 0.2667 0.2824
v -0.054794 -0.125358 0.018991 0.2588 0.2667 0.2824
v -0.051095 -0.123771 0.018991 0.2588 0.2667 0.2824
v -0.054242 -0.124683 0.017266 0.2588 0.2667 0.2824
v -0.054794 -0.125358 0.018124 0.2588 0.2667 0.2824
v 0.007455 0.075637 0.021393 0.2588 0.2667 0.2824
v 0.012956 0.063375 0.019371 0.2588 0.2667 0.2824
v -0.018780 -0.049098 0.019347 0.2588 0.2667 0.2824
v -0.016808 -0.049073 0.018975 0.2588 0.2667 0.2824
v -0.029155 -0.066594 0.018974 0.2588 0.2667 0.2824
v -0.029980 -0.064962 0.019342 0.2588 0.2667 0.2824
v -0.042694 -0.083003 0.018929 0.2588 0.2667 0.2824
v -0.044128 -0.082093 0.019290 0.2588 0.2667 0.2824
v -0.053527 -0.091348 0.019322 0.2588 0.2667 0.2824
v -0.052333 -0.092499 0.018961 0.2588 0.2667 0.2824
v -0.073494 -0.109622 0.019359 0.2588 0.2667 0.2824
v -0.072453 -0.111002 0.018975 0.2588 0.2667 0.2824
v 0.013348 0.045134 0.019372 0.2588 0.2667 0.2824
v 0.015138 0.045387 0.018975 0.2588 0.2667 0.2824
v 0.013916 0.031948 0.018975 0.2588 0.2667 0.2824
v 0.012107 0.031694 0.019370 0.2588 0.2667 0.2824
v 0.012086 0.021370 0.018975 0.2588 0.2667 0.2824
v 0.010278 0.021252 0.019370 0.2588 0.2667 0.2824
v 0.006893 0.008033 0.019367 0.2588 0.2667 0.2824
v 0.008725 0.008149 0.018975 0.2588 0.2667 0.2824
v -0.000431 -0.016728 0.018975 0.2588 0.2667 0.2824
v -0.002278 -0.016731 0.019362 0.2588 0.2667 0.2824
v 0.004611 -0.003726 0.018975 0.2588 0.2667 0.2824
v 0.002775 -0.003774 0.019366 0.2588 0.2667 0.2824
v -0.012223 -0.037776 0.019357 0.2588 0.2667 0.2824
v -0.010444 -0.038037 0.018975 0.2588 0.2667 0.2824
v -0.004604 -0.026169 0.018975 0.2588 0.2667 0.2824
v -0.006397 -0.025991 0.019360 0.2588 0.2667 0.2824
v 0.013422 0.052430 0.019372 0.2588 0.2667 0.2824
v -0.057771 -0.097521 0.018965 0.2588 0.2667 0.2824
v -0.058962 -0.096303 0.019386 0.2588 0.2667 0.2824
v -0.069036 -0.107865 0.018973 0.2588 0.2667 0.2824
v -0.070120 -0.106550 0.019395 0.2588 0.2667 0.2824
v -0.070095 -0.106450 0.018311 0.2588 0.2667 0.2824
v -0.069125 -0.107641 0.018064 0.2588 0.2667 0.2824
v -0.066906 -0.103599 0.019393 0.2588 0.2667 0.2824
v -0.065821 -0.104913 0.018971 0.2588 0.2667 0.2824
v -0.067055 -0.103646 0.018270 0.2588 0.2667 0.2824
v 0.013251 0.078288 0.018975 0.2588 0.2667 0.2824
v 0.011514 0.078103 0.019367 0.2588 0.2667 0.2824
v 0.013443 0.076335 0.018975 0.2588 0.2667 0.2824
v 0.011707 0.076147 0.019373 0.2588 0.2667 0.2824
v -0.055717 -0.093387 0.019309 0.2588 0.2667 0.2824
v 0.007699 0.030342 0.027798 0.2588 0.2667 0.2824
v -0.003977 0.027842 0.028658 0.2588 0.2667 0.2824
v 0.013578 0.031166 0.025428 0.2588 0.2667 0.2824
v 0.012018 0.030990 0.025777 0.2588 0.2667 0.2824
v -0.003030 0.027934 0.027807 0.2588 0.2667 0.2824
v 0.062014 0.033719 0.025128 0.2588 0.2667 0.2824
v -0.003955 0.027842 0.032904 0.2588 0.2667 0.2824
v -0.002030 0.049314 0.022581 0.2588 0.2667 0.2824
v -0.002225 0.049287 0.032904 0.2588 0.2667 0.2824
v 0.066567 0.055464 0.019681 0.2588 0.2667 0.2824
v 0.066586 0.055463 0.032904 0.2588 0.2667 0.2824
v -0.001300 0.049379 0.022360 0.2588 0.2667 0.2824
v 0.065716 0.083482 0.019707 0.2588 0.2667 0.2824
v 0.065044 0.088577 0.024198 0.2588 0.2667 0.2824
v 0.065565 0.085537 0.020122 0.2588 0.2667 0.2824
v 0.065424 0.087224 0.021249 0.2588 0.2667 0.2824
v 0.065331 0.088349 0.022933 0.2588 0.2667 0.2824
v 0.032633 0.084633 0.023035 0.2588 0.2667 0.2824
v 0.032667 0.084835 0.024252 0.2588 0.2667 0.2824
v 0.008429 0.077781 0.021924 0.2588 0.2667 0.2824
v 0.030305 0.080876 0.020173 0.2588 0.2667 0.2824
v 0.032457 0.083613 0.021449 0.2588 0.2667 0.2824
v 0.028620 0.080101 0.020019 0.2588 0.2667 0.2824
v 0.031614 0.082187 0.020488 0.2588 0.2667 0.2824
v 0.026746 0.079721 0.019986 0.2588 0.2667 0.2824
v 0.032691 0.084963 0.025368 0.2588 0.2667 0.2824
v 0.065430 0.083168 0.025364 0.2588 0.2667 0.2824
v 0.065000 0.088754 0.025367 0.2588 0.2667 0.2824
v 0.065430 0.083168 0.032904 0.2588 0.2667 0.2824
v -0.004020 0.074149 0.023239 0.2588 0.2667 0.2824
v -0.003176 0.074244 0.022493 0.2588 0.2667 0.2824
v -0.003833 0.074170 0.022683 0.2588 0.2667 0.2824
v 0.007737 0.075664 0.022364 0.2588 0.2667 0.2824
v -0.003760 0.027869 0.028029 0.2588 0.2667 0.2824
v 0.014858 0.063028 0.019980 0.2588 0.2667 0.2824
v 0.013747 0.052435 0.020329 0.2588 0.2667 0.2824
v 0.015308 0.052611 0.019980 0.2588 0.2667 0.2824
v 0.013362 0.078299 0.019980 0.2588 0.2667 0.2824
v 0.011839 0.078140 0.020324 0.2588 0.2667 0.2824
v 0.013555 0.076347 0.019980 0.2588 0.2667 0.2824
v 0.012034 0.076181 0.020329 0.2588 0.2667 0.2824
v -0.002248 0.049286 0.023211 0.2588 0.2667 0.2824
v 0.009429 0.051787 0.022351 0.2588 0.2667 0.2824
v 0.062014 0.033719 0.032904 0.2588 0.2667 0.2824
v 0.067658 0.069274 0.025364 0.2588 0.2667 0.2824
v 0.066419 0.047619 0.025364 0.2588 0.2667 0.2824
v 0.078181 0.057575 0.032904 0.2588 0.2667 0.2824
v 0.072799 0.055146 0.027542 0.2588 0.2667 0.2824
v 0.067289 0.055414 0.025364 0.2588 0.2667 0.2824
v 0.072799 0.055146 0.032904 0.2588 0.2667 0.2824
v 0.072912 0.057308 0.032904 0.2588 0.2667 0.2824
v 0.078259 0.056835 0.027542 0.2588 0.2667 0.2824
v 0.067089 0.083325 0.032904 0.2588 0.2667 0.2824
v 0.078259 0.056835 0.032904 0.2588 0.2667 0.2824
v 0.067289 0.055414 0.027542 0.2588 0.2667 0.2824
v 0.066419 0.047619 0.027542 0.2588 0.2667 0.2824
v 0.066437 0.083256 0.027542 0.2588 0.2667 0.2824
v 0.067089 0.083325 0.027542 0.2588 0.2667 0.2824
v 0.072255 0.048027 0.027542 0.2588 0.2667 0.2824
v 0.067658 0.069274 0.027542 0.2588 0.2667 0.2824
v 0.072912 0.057308 0.027542 0.2588 0.2667 0.2824
v -0.004527 0.050355 0.021888 0.2588 0.2667 0.2824
v -0.005912 0.050208 0.032904 0.2588 0.2667 0.2824
v -0.002781 0.050541 0.020254 0.2588 0.2667 0.2824
v -0.004023 0.050474 0.020733 0.2588 0.2667 0.2824
v -0.006172 0.073963 0.021917 0.2588 0.2667 0.2824
v -0.004528 0.074138 0.020388 0.2588 0.2667 0.2824
v -0.005693 0.074014 0.020838 0.2588 0.2667 0.2824
v 0.067658 0.069274 0.018085 0.2588 0.2667 0.2824
v 0.066206 0.085896 0.018538 0.2588 0.2667 0.2824
v 0.066399 0.083624 0.018085 0.2588 0.2667 0.2824
v 0.031579 0.082525 0.018646 0.2588 0.2667 0.2824
v 0.066043 0.087823 0.019829 0.2588 0.2667 0.2824
v 0.032384 0.084308 0.019828 0.2588 0.2667 0.2824
v 0.065889 0.089537 0.022459 0.2588 0.2667 0.2824
v 0.032489 0.085989 0.022458 0.2588 0.2667 0.2824
v 0.065849 0.090006 0.024929 0.2588 0.2667 0.2824
v 0.032529 0.086462 0.024927 0.2588 0.2667 0.2824
v 0.065849 0.090006 0.025364 0.2588 0.2667 0.2824
v 0.030283 0.081096 0.018296 0.2588 0.2667 0.2824
v 0.028617 0.080131 0.018118 0.2588 0.2667 0.2824
v 0.026746 0.079722 0.018085 0.2588 0.2667 0.2824
v 0.032529 0.086466 0.025364 0.2588 0.2667 0.2824
v 0.014749 0.063021 0.018085 0.2588 0.2667 0.2824
v 0.013251 0.078288 0.018085 0.2588 0.2667 0.2824
v 0.013443 0.076335 0.018085 0.2588 0.2667 0.2824
v 0.067658 0.069274 0.018975 0.2588 0.2667 0.2824
v 0.067289 0.055414 0.018975 0.2588 0.2667 0.2824
v 0.014749 0.063021 0.018975 0.2588 0.2667 0.2824
v 0.015199 0.052609 0.018975 0.2588 0.2667 0.2824
v 0.063099 0.055189 0.018975 0.2588 0.2667 0.2824
v 0.067401 0.059609 0.018975 0.2588 0.2667 0.2824
v 0.064711 0.055594 0.018975 0.2588 0.2667 0.2824
v 0.066095 0.056577 0.018975 0.2588 0.2667 0.2824
v 0.067039 0.057986 0.018975 0.2588 0.2667 0.2824
v 0.019388 0.052839 0.018975 0.2588 0.2667 0.2824
v 0.015406 0.055214 0.018975 0.2588 0.2667 0.2824
v 0.016373 0.053903 0.018975 0.2588 0.2667 0.2824
v 0.017772 0.053067 0.018975 0.2588 0.2667 0.2824
v 0.067401 0.059609 0.018085 0.2588 0.2667 0.2824
v 0.063099 0.055189 0.018085 0.2588 0.2667 0.2824
v 0.067039 0.057987 0.018085 0.2588 0.2667 0.2824
v 0.066095 0.056577 0.018085 0.2588 0.2667 0.2824
v 0.064711 0.055594 0.018085 0.2588 0.2667 0.2824
v 0.019389 0.052834 0.018085 0.2588 0.2667 0.2824
v 0.015018 0.056801 0.018085 0.2588 0.2667 0.2824
v 0.017772 0.053067 0.018085 0.2588 0.2667 0.2824
v 0.016373 0.053903 0.018085 0.2588 0.2667 0.2824
v 0.015406 0.055214 0.018085 0.2588 0.2667 0.2824
v 0.015018 0.056801 0.018975 0.2588 0.2667 0.2824
v -0.001614 0.050635 0.021365 0.2588 0.2667 0.2824
v 0.008785 0.054735 0.020254 0.2588 0.2667 0.2824
v 0.005868 0.051460 0.020254 0.2588 0.2667 0.2824
v 0.008439 0.053215 0.020254 0.2588 0.2667 0.2824
v 0.007372 0.052017 0.020254 0.2588 0.2667 0.2824
v 0.004134 0.075248 0.020310 0.2588 0.2667 0.2824
v 0.007450 0.072694 0.020276 0.2588 0.2667 0.2824
v 0.005686 0.075047 0.020295 0.2588 0.2667 0.2824
v 0.006899 0.074112 0.020283 0.2588 0.2667 0.2824
v 0.009081 0.054736 0.021365 0.2588 0.2667 0.2824
v 0.007668 0.052018 0.021365 0.2588 0.2667 0.2824
v 0.008736 0.053217 0.021365 0.2588 0.2667 0.2824
v 0.004432 0.075244 0.021423 0.2588 0.2667 0.2824
v 0.007196 0.074114 0.021394 0.2588 0.2667 0.2824
v 0.005983 0.075046 0.021407 0.2588 0.2667 0.2824
v 0.006165 0.051462 0.021365 0.2588 0.2667 0.2824
v 0.007747 0.072696 0.021387 0.2588 0.2667 0.2824
v -0.006759 0.073901 0.024129 0.2588 0.2667 0.2824
v -0.003861 0.071939 0.024129 0.2588 0.2667 0.2824
v -0.004018 0.074149 0.024129 0.2588 0.2667 0.2824
v -0.003841 0.071942 0.032904 0.2588 0.2667 0.2824
v -0.006554 0.071653 0.024129 0.2588 0.2667 0.2824
v -0.007251 0.071579 0.032904 0.2588 0.2667 0.2824
v -0.004885 0.050317 0.024129 0.2588 0.2667 0.2824
v -0.006852 0.071622 0.026141 0.2588 0.2667 0.2824
v -0.005182 0.050286 0.026141 0.2588 0.2667 0.2824
v -0.007153 0.071590 0.029523 0.2588 0.2667 0.2824
v -0.005716 0.050229 0.029523 0.2588 0.2667 0.2824
v -0.005146 0.066305 0.020803 0.2588 0.2667 0.2824
v -0.005146 0.066307 0.029523 0.2588 0.2667 0.2824
v -0.004469 0.056911 0.020757 0.2588 0.2667 0.2824
v -0.004514 0.056906 0.029523 0.2588 0.2667 0.2824
v -0.004980 0.056856 0.021896 0.2588 0.2667 0.2824
v -0.005341 0.066286 0.032904 0.2588 0.2667 0.2824
v -0.006349 0.056711 0.032904 0.2588 0.2667 0.2824
v -0.006884 0.066122 0.032904 0.2588 0.2667 0.2824
v -0.006154 0.056732 0.029523 0.2588 0.2667 0.2824
v -0.006786 0.066132 0.029523 0.2588 0.2667 0.2824
v -0.005323 0.056820 0.024129 0.2588 0.2667 0.2824
v -0.005635 0.066253 0.021907 0.2588 0.2667 0.2824
v -0.004709 0.056885 0.032904 0.2588 0.2667 0.2824
v -0.006186 0.066195 0.024129 0.2588 0.2667 0.2824
v -0.005620 0.056788 0.026141 0.2588 0.2667 0.2824
v -0.006485 0.066164 0.026141 0.2588 0.2667 0.2824
v -0.008577 0.071480 0.032904 0.2588 0.2667 0.2824
v -0.008250 0.071515 0.030629 0.2588 0.2667 0.2824
v -0.008211 0.066023 0.032904 0.2588 0.2667 0.2824
v -0.007883 0.066058 0.030629 0.2588 0.2667 0.2824
v -0.007003 0.071606 0.027832 0.2588 0.2667 0.2824
v -0.006636 0.066148 0.027832 0.2588 0.2667 0.2824
v -0.035227 -0.143751 0.046832 0.2588 0.2667 0.2824
v -0.035183 -0.142506 0.046831 0.2588 0.2667 0.2824
v -0.038473 -0.145394 0.046833 0.2588 0.2667 0.2824
v -0.037233 -0.145512 0.046833 0.2588 0.2667 0.2824
v -0.027910 -0.137395 0.046828 0.2588 0.2667 0.2824
v -0.027852 -0.136166 0.046827 0.2588 0.2667 0.2824
v -0.031128 -0.139043 0.046829 0.2588 0.2667 0.2824
v -0.029902 -0.139144 0.046829 0.2588 0.2667 0.2824
v -0.020613 -0.130921 0.046825 0.2588 0.2667 0.2824
v -0.020568 -0.129675 0.046823 0.2588 0.2667 0.2824
v -0.023835 -0.132543 0.046825 0.2588 0.2667 0.2824
v -0.022594 -0.132661 0.046826 0.2588 0.2667 0.2824
v -0.036225 -0.141438 0.047740 0.2588 0.2667 0.2824
v -0.036947 -0.141807 0.048549 0.2588 0.2667 0.2824
v -0.038952 -0.143567 0.048550 0.2588 0.2667 0.2824
v -0.039404 -0.144229 0.047742 0.2588 0.2667 0.2824
v -0.022332 -0.128977 0.048542 0.2588 0.2667 0.2824
v -0.021610 -0.128608 0.047733 0.2588 0.2667 0.2824
v -0.024766 -0.131378 0.047734 0.2588 0.2667 0.2824
v -0.024313 -0.130716 0.048543 0.2588 0.2667 0.2824
v -0.029342 -0.135763 0.048546 0.2588 0.2667 0.2824
v -0.028700 -0.135199 0.047687 0.2588 0.2667 0.2824
v -0.031977 -0.138075 0.047689 0.2588 0.2667 0.2824
v -0.031334 -0.137512 0.048547 0.2588 0.2667 0.2824
v -0.023124 -0.132090 0.048239 0.2588 0.2667 0.2824
v -0.023990 -0.132259 0.047538 0.2588 0.2667 0.2824
v -0.028025 -0.135962 0.047494 0.2588 0.2667 0.2824
v -0.028296 -0.136980 0.048242 0.2588 0.2667 0.2824
v -0.020834 -0.129488 0.047536 0.2588 0.2667 0.2824
v -0.021142 -0.130350 0.048238 0.2588 0.2667 0.2824
v -0.030288 -0.138729 0.048243 0.2588 0.2667 0.2824
v -0.031302 -0.138838 0.047496 0.2588 0.2667 0.2824
v -0.035449 -0.142319 0.047544 0.2588 0.2667 0.2824
v -0.035757 -0.143180 0.048246 0.2588 0.2667 0.2824
v -0.037762 -0.144941 0.048247 0.2588 0.2667 0.2824
v -0.038628 -0.145109 0.047546 0.2588 0.2667 0.2824
v -0.066535 -0.084981 0.046164 0.2588 0.2667 0.2824
v -0.066817 -0.084444 0.045374 0.2588 0.2667 0.2824
v -0.065062 -0.085050 0.046165 0.2588 0.2667 0.2824
v -0.064473 -0.084543 0.045369 0.2588 0.2667 0.2824
v -0.065804 -0.084717 0.046165 0.2588 0.2667 0.2824
v -0.065640 -0.084020 0.045372 0.2588 0.2667 0.2824
v -0.076884 -0.094542 0.046164 0.2588 0.2667 0.2824
v -0.077162 -0.094001 0.045373 0.2588 0.2667 0.2824
v -0.075548 -0.094656 0.046164 0.2588 0.2667 0.2824
v -0.074915 -0.094181 0.045367 0.2588 0.2667 0.2824
v -0.076211 -0.094307 0.046164 0.2588 0.2667 0.2824
v -0.076015 -0.093602 0.045371 0.2588 0.2667 0.2824
v -0.067013 -0.086800 0.046165 0.2588 0.2667 0.2824
v -0.067547 -0.087378 0.045368 0.2588 0.2667 0.2824
v -0.067004 -0.085415 0.046164 0.2588 0.2667 0.2824
v -0.067520 -0.085094 0.045374 0.2588 0.2667 0.2824
v -0.067302 -0.086085 0.046164 0.2588 0.2667 0.2824
v -0.068018 -0.086215 0.045372 0.2588 0.2667 0.2824
v -0.077436 -0.096505 0.046164 0.2588 0.2667 0.2824
v -0.077997 -0.097038 0.045367 0.2588 0.2667 0.2824
v -0.077368 -0.094989 0.046164 0.2588 0.2667 0.2824
v -0.077881 -0.094665 0.045373 0.2588 0.2667 0.2824
v -0.077700 -0.095715 0.046164 0.2588 0.2667 0.2824
v -0.078406 -0.095813 0.045371 0.2588 0.2667 0.2824
v -0.047125 -0.116821 0.048554 0.2588 0.2667 0.2824
v -0.047569 -0.116070 0.047697 0.2588 0.2667 0.2824
v -0.045762 -0.116904 0.048554 0.2588 0.2667 0.2824
v -0.045230 -0.116214 0.047696 0.2588 0.2667 0.2824
v -0.046426 -0.116576 0.048554 0.2588 0.2667 0.2824
v -0.046369 -0.115650 0.047697 0.2588 0.2667 0.2824
v -0.047713 -0.118691 0.048554 0.2588 0.2667 0.2824
v -0.048469 -0.119124 0.047696 0.2588 0.2667 0.2824
v -0.047626 -0.117271 0.048554 0.2588 0.2667 0.2824
v -0.048323 -0.116748 0.047697 0.2588 0.2667 0.2824
v -0.047959 -0.117963 0.048554 0.2588 0.2667 0.2824
v -0.048881 -0.117906 0.047696 0.2588 0.2667 0.2824
v -0.068684 -0.106965 0.048556 0.2588 0.2667 0.2824
v -0.069603 -0.105849 0.048112 0.2588 0.2667 0.2824
v -0.066017 -0.104788 0.047747 0.2588 0.2667 0.2824
v -0.066728 -0.105169 0.048557 0.2588 0.2667 0.2824
v -0.067650 -0.104055 0.048113 0.2588 0.2667 0.2824
v -0.058568 -0.095447 0.048059 0.2588 0.2667 0.2824
v -0.057429 -0.096631 0.048564 0.2588 0.2667 0.2824
v -0.057868 -0.097306 0.047752 0.2588 0.2667 0.2824
v -0.056634 -0.093671 0.048060 0.2588 0.2667 0.2824
v -0.055881 -0.093387 0.046903 0.2588 0.2667 0.2824
v -0.054783 -0.094473 0.047755 0.2588 0.2667 0.2824
v -0.055493 -0.094854 0.048565 0.2588 0.2667 0.2824
v -0.059583 -0.090697 0.046173 0.2588 0.2667 0.2824
v -0.058900 -0.090287 0.045372 0.2588 0.2667 0.2824
v -0.058924 -0.096144 0.046853 0.2588 0.2667 0.2824
v -0.061979 -0.093119 0.045370 0.2588 0.2667 0.2824
v -0.061518 -0.092465 0.046172 0.2588 0.2667 0.2824
v -0.069785 -0.100299 0.045366 0.2588 0.2667 0.2824
v -0.070478 -0.100702 0.046167 0.2588 0.2667 0.2824
v -0.072879 -0.103147 0.045364 0.2588 0.2667 0.2824
v -0.072412 -0.102503 0.046166 0.2588 0.2667 0.2824
v -0.021275 -0.099300 0.048392 0.2588 0.2667 0.2824
v -0.021904 -0.098854 0.047597 0.2588 0.2667 0.2824
v 0.026663 -0.031016 0.048392 0.2588 0.2667 0.2824
v 0.027474 -0.031142 0.047597 0.2588 0.2667 0.2824
v 0.023409 -0.030512 0.047597 0.2588 0.2667 0.2824
v 0.024220 -0.030638 0.048392 0.2588 0.2667 0.2824
v 0.029225 -0.018114 0.048392 0.2588 0.2667 0.2824
v 0.028387 -0.018075 0.047597 0.2588 0.2667 0.2824
v 0.032578 -0.018271 0.047597 0.2588 0.2667 0.2824
v 0.031741 -0.018232 0.048392 0.2588 0.2667 0.2824
v 0.017170 -0.043724 0.047597 0.2588 0.2667 0.2824
v 0.017970 -0.043889 0.048392 0.2588 0.2667 0.2824
v 0.021188 -0.044552 0.047597 0.2588 0.2667 0.2824
v 0.020389 -0.044387 0.048392 0.2588 0.2667 0.2824
v 0.040499 0.008645 0.048392 0.2588 0.2667 0.2824
v 0.041339 0.008658 0.047597 0.2588 0.2667 0.2824
v 0.037367 -0.004517 0.047597 0.2588 0.2667 0.2824
v 0.036530 -0.004497 0.048392 0.2588 0.2667 0.2824
v 0.043640 0.021862 0.048392 0.2588 0.2667 0.2824
v 0.044475 0.021875 0.047597 0.2588 0.2667 0.2824
v 0.040331 0.021810 0.047597 0.2588 0.2667 0.2824
v 0.041167 0.021823 0.048392 0.2588 0.2667 0.2824
v 0.027572 0.008443 0.048392 0.2588 0.2667 0.2824
v 0.026729 0.008430 0.047597 0.2588 0.2667 0.2824
v 0.030922 0.008495 0.047597 0.2588 0.2667 0.2824
v 0.030079 0.008482 0.048392 0.2588 0.2667 0.2824
v 0.010281 -0.042305 0.048392 0.2588 0.2667 0.2824
v 0.011081 -0.042470 0.047597 0.2588 0.2667 0.2824
v 0.013966 -0.029048 0.048392 0.2588 0.2667 0.2824
v 0.013154 -0.028922 0.047597 0.2588 0.2667 0.2824
v 0.017832 -0.017582 0.047597 0.2588 0.2667 0.2824
v 0.018672 -0.017621 0.048392 0.2588 0.2667 0.2824
v 0.021192 -0.017739 0.048392 0.2588 0.2667 0.2824
v 0.022031 -0.017778 0.047597 0.2588 0.2667 0.2824
v 0.017223 -0.029553 0.047597 0.2588 0.2667 0.2824
v 0.016412 -0.029427 0.048392 0.2588 0.2667 0.2824
v -0.003542 -0.039458 0.047597 0.2588 0.2667 0.2824
v -0.002740 -0.039624 0.048392 0.2588 0.2667 0.2824
v 0.012578 -0.003919 0.048392 0.2588 0.2667 0.2824
v 0.011737 -0.003898 0.047597 0.2588 0.2667 0.2824
v 0.015800 0.008259 0.047597 0.2588 0.2667 0.2824
v 0.016645 0.008272 0.048392 0.2588 0.2667 0.2824
v 0.019963 0.021493 0.048392 0.2588 0.2667 0.2824
v 0.019124 0.021480 0.047597 0.2588 0.2667 0.2824
v 0.021124 0.032615 0.047597 0.2588 0.2667 0.2824
v 0.021970 0.032693 0.048392 0.2588 0.2667 0.2824
v 0.024451 0.032922 0.048392 0.2588 0.2667 0.2824
v 0.025296 0.033001 0.047597 0.2588 0.2667 0.2824
v 0.032171 0.033637 0.047597 0.2588 0.2667 0.2824
v 0.033017 0.033715 0.048392 0.2588 0.2667 0.2824
v 0.029978 0.021649 0.047597 0.2588 0.2667 0.2824
v 0.030815 0.021662 0.048392 0.2588 0.2667 0.2824
v 0.007859 -0.041807 0.048392 0.2588 0.2667 0.2824
v 0.007058 -0.041642 0.047597 0.2588 0.2667 0.2824
v 0.023555 -0.004184 0.048392 0.2588 0.2667 0.2824
v 0.022716 -0.004163 0.047597 0.2588 0.2667 0.2824
v 0.026063 -0.004244 0.048392 0.2588 0.2667 0.2824
v 0.026902 -0.004264 0.047597 0.2588 0.2667 0.2824
v 0.015932 -0.004000 0.047597 0.2588 0.2667 0.2824
v 0.015091 -0.003979 0.048392 0.2588 0.2667 0.2824
v 0.034127 0.021714 0.047597 0.2588 0.2667 0.2824
v 0.033291 0.021701 0.048392 0.2588 0.2667 0.2824
v 0.019157 0.008312 0.048392 0.2588 0.2667 0.2824
v 0.020001 0.008325 0.047597 0.2588 0.2667 0.2824
v 0.023280 0.021545 0.047597 0.2588 0.2667 0.2824
v 0.022441 0.021532 0.048392 0.2588 0.2667 0.2824
v -0.000316 -0.040123 0.048392 0.2588 0.2667 0.2824
v 0.000486 -0.040288 0.047597 0.2588 0.2667 0.2824
v 0.035497 0.033944 0.048392 0.2588 0.2667 0.2824
v 0.036341 0.034022 0.047597 0.2588 0.2667 0.2824
v -0.028593 -0.092535 0.048392 0.2588 0.2667 0.2824
v -0.029222 -0.092089 0.047597 0.2588 0.2667 0.2824
v -0.026038 -0.094348 0.047597 0.2588 0.2667 0.2824
v -0.026667 -0.093902 0.048392 0.2588 0.2667 0.2824
v 0.042709 0.034611 0.047597 0.2588 0.2667 0.2824
v 0.043554 0.034689 0.048392 0.2588 0.2667 0.2824
v 0.033188 -0.004416 0.047597 0.2588 0.2667 0.2824
v 0.034026 -0.004436 0.048392 0.2588 0.2667 0.2824
v 0.046034 0.034919 0.048392 0.2588 0.2667 0.2824
v 0.046878 0.034997 0.047597 0.2588 0.2667 0.2824
v 0.037996 0.008606 0.048392 0.2588 0.2667 0.2824
v 0.037154 0.008593 0.047597 0.2588 0.2667 0.2824
v -0.018718 -0.101114 0.047597 0.2588 0.2667 0.2824
v -0.019348 -0.100668 0.048392 0.2588 0.2667 0.2824
v 0.006765 -0.017064 0.047597 0.2588 0.2667 0.2824
v 0.007608 -0.017104 0.048392 0.2588 0.2667 0.2824
v 0.010134 -0.017222 0.048392 0.2588 0.2667 0.2824
v 0.010975 -0.017261 0.047597 0.2588 0.2667 0.2824
v 0.006477 -0.027887 0.047597 0.2588 0.2667 0.2824
v 0.005665 -0.027761 0.048392 0.2588 0.2667 0.2824
v 0.003216 -0.027381 0.048392 0.2588 0.2667 0.2824
v 0.002403 -0.027255 0.047597 0.2588 0.2667 0.2824
v -0.037017 -0.086522 0.048392 0.2588 0.2667 0.2824
v -0.037645 -0.086076 0.047597 0.2588 0.2667 0.2824
v -0.034463 -0.088334 0.047597 0.2588 0.2667 0.2824
v -0.035092 -0.087888 0.048392 0.2588 0.2667 0.2824
v 0.034323 0.045170 0.048392 0.2588 0.2667 0.2824
v 0.033525 0.045503 0.047597 0.2588 0.2667 0.2824
v 0.035278 0.046105 0.048392 0.2588 0.2667 0.2824
v 0.034924 0.046872 0.047597 0.2588 0.2667 0.2824
v 0.036196 0.046097 0.048392 0.2588 0.2667 0.2824
v 0.036499 0.046924 0.047597 0.2588 0.2667 0.2824
v 0.036770 0.045317 0.048392 0.2588 0.2667 0.2824
v 0.037632 0.045567 0.047597 0.2588 0.2667 0.2824
v 0.046871 0.047173 0.048392 0.2588 0.2667 0.2824
v 0.047177 0.048001 0.047597 0.2588 0.2667 0.2824
v 0.047448 0.046452 0.048392 0.2588 0.2667 0.2824
v 0.048312 0.046701 0.047597 0.2588 0.2667 0.2824
v 0.044981 0.046146 0.048392 0.2588 0.2667 0.2824
v 0.044190 0.046487 0.047597 0.2588 0.2667 0.2824
v 0.045790 0.047179 0.048392 0.2588 0.2667 0.2824
v 0.045438 0.047945 0.047597 0.2588 0.2667 0.2824
v 0.024991 0.045156 0.048392 0.2588 0.2667 0.2824
v 0.025191 0.045973 0.047597 0.2588 0.2667 0.2824
v 0.025606 0.044391 0.048392 0.2588 0.2667 0.2824
v 0.026468 0.044646 0.047597 0.2588 0.2667 0.2824
v 0.023149 0.044148 0.048392 0.2588 0.2667 0.2824
v 0.022345 0.044471 0.047597 0.2588 0.2667 0.2824
v 0.024083 0.045072 0.048392 0.2588 0.2667 0.2824
v 0.023726 0.045838 0.047597 0.2588 0.2667 0.2824
v -0.029027 -0.108439 0.048392 0.2588 0.2667 0.2824
v -0.029784 -0.108877 0.047597 0.2588 0.2667 0.2824
v -0.028931 -0.107351 0.048392 0.2588 0.2667 0.2824
v -0.029748 -0.107102 0.047597 0.2588 0.2667 0.2824
v -0.036184 -0.101195 0.048392 0.2588 0.2667 0.2824
v -0.036940 -0.101634 0.047597 0.2588 0.2667 0.2824
v -0.036271 -0.100301 0.048392 0.2588 0.2667 0.2824
v -0.037095 -0.100059 0.047597 0.2588 0.2667 0.2824
v -0.034191 -0.101499 0.048392 0.2588 0.2667 0.2824
v -0.033864 -0.102267 0.047597 0.2588 0.2667 0.2824
v -0.035565 -0.101634 0.048392 0.2588 0.2667 0.2824
v -0.035784 -0.102455 0.047597 0.2588 0.2667 0.2824
v -0.027033 -0.108744 0.048392 0.2588 0.2667 0.2824
v -0.026706 -0.109512 0.047597 0.2588 0.2667 0.2824
v -0.028407 -0.108879 0.048392 0.2588 0.2667 0.2824
v -0.028625 -0.109700 0.047597 0.2588 0.2667 0.2824
v -0.042759 -0.093353 0.048392 0.2588 0.2667 0.2824
v -0.043515 -0.093792 0.047597 0.2588 0.2667 0.2824
v -0.042847 -0.092457 0.048392 0.2588 0.2667 0.2824
v -0.043670 -0.092215 0.047597 0.2588 0.2667 0.2824
v -0.040767 -0.093655 0.048392 0.2588 0.2667 0.2824
v -0.040441 -0.094423 0.047597 0.2588 0.2667 0.2824
v -0.041915 -0.093875 0.048392 0.2588 0.2667 0.2824
v -0.042133 -0.094696 0.047597 0.2588 0.2667 0.2824
v 0.023518 0.044832 0.048392 0.2588 0.2667 0.2824
v 0.022938 0.045377 0.047597 0.2588 0.2667 0.2824
v 0.025482 0.044893 0.048392 0.2588 0.2667 0.2824
v 0.026063 0.045436 0.047597 0.2588 0.2667 0.2824
v 0.034635 0.045821 0.048392 0.2588 0.2667 0.2824
v 0.034059 0.046370 0.047597 0.2588 0.2667 0.2824
v 0.036637 0.045830 0.048392 0.2588 0.2667 0.2824
v 0.037220 0.046368 0.047597 0.2588 0.2667 0.2824
v 0.045249 0.046861 0.048392 0.2588 0.2667 0.2824
v 0.044683 0.047420 0.047597 0.2588 0.2667 0.2824
v 0.047287 0.046991 0.048392 0.2588 0.2667 0.2824
v 0.047871 0.047528 0.047597 0.2588 0.2667 0.2824
v -0.041270 -0.093922 0.048392 0.2588 0.2667 0.2824
v -0.041216 -0.094716 0.047597 0.2588 0.2667 0.2824
v -0.042911 -0.092917 0.048392 0.2588 0.2667 0.2824
v -0.043701 -0.093015 0.047597 0.2588 0.2667 0.2824
v -0.034825 -0.101725 0.048392 0.2588 0.2667 0.2824
v -0.034771 -0.102519 0.047597 0.2588 0.2667 0.2824
v -0.036396 -0.100711 0.048392 0.2588 0.2667 0.2824
v -0.037185 -0.100809 0.047597 0.2588 0.2667 0.2824
v -0.029159 -0.107849 0.048392 0.2588 0.2667 0.2824
v -0.029946 -0.107943 0.047597 0.2588 0.2667 0.2824
v -0.027697 -0.109028 0.048392 0.2588 0.2667 0.2824
v -0.027642 -0.109822 0.047597 0.2588 0.2667 0.2824
v 0.004974 -0.064717 0.047597 0.2588 0.2667 0.2824
v 0.011342 -0.054463 0.047597 0.2588 0.2667 0.2824
v 0.012099 -0.054718 0.048392 0.2588 0.2667 0.2824
v 0.005711 -0.065008 0.048392 0.2588 0.2667 0.2824
v 0.007951 -0.065891 0.048392 0.2588 0.2667 0.2824
v 0.014394 -0.055493 0.048392 0.2588 0.2667 0.2824
v 0.015151 -0.055749 0.047597 0.2588 0.2667 0.2824
v 0.008688 -0.066180 0.047597 0.2588 0.2667 0.2824
v 0.005620 -0.052533 0.047597 0.2588 0.2667 0.2824
v -0.000334 -0.061993 0.047597 0.2588 0.2667 0.2824
v -0.001080 -0.061714 0.048392 0.2588 0.2667 0.2824
v 0.004863 -0.052277 0.048392 0.2588 0.2667 0.2824
v -0.004087 -0.060583 0.047597 0.2588 0.2667 0.2824
v 0.001808 -0.051246 0.047597 0.2588 0.2667 0.2824
v 0.002566 -0.051501 0.048392 0.2588 0.2667 0.2824
v -0.003343 -0.060864 0.048392 0.2588 0.2667 0.2824
v -0.007426 -0.048130 0.048392 0.2588 0.2667 0.2824
v -0.013172 -0.057129 0.048392 0.2588 0.2667 0.2824
v -0.013915 -0.056845 0.047597 0.2588 0.2667 0.2824
v -0.008185 -0.047875 0.047597 0.2588 0.2667 0.2824
v -0.004369 -0.049162 0.047597 0.2588 0.2667 0.2824
v -0.010166 -0.058268 0.047597 0.2588 0.2667 0.2824
v -0.010911 -0.057987 0.048392 0.2588 0.2667 0.2824
v -0.005127 -0.048906 0.048392 0.2588 0.2667 0.2824
v -0.010054 -0.085249 0.047597 0.2588 0.2667 0.2824
v -0.002718 -0.075702 0.047597 0.2588 0.2667 0.2824
v -0.002030 -0.076069 0.048392 0.2588 0.2667 0.2824
v -0.009365 -0.085620 0.048392 0.2588 0.2667 0.2824
v 0.000758 -0.077553 0.047597 0.2588 0.2667 0.2824
v -0.006562 -0.087110 0.047597 0.2588 0.2667 0.2824
v -0.007255 -0.086744 0.048392 0.2588 0.2667 0.2824
v 0.000069 -0.077187 0.048392 0.2588 0.2667 0.2824
v -0.010478 -0.070951 0.048392 0.2588 0.2667 0.2824
v -0.018252 -0.080876 0.048392 0.2588 0.2667 0.2824
v -0.018941 -0.080505 0.047597 0.2588 0.2667 0.2824
v -0.011167 -0.070584 0.047597 0.2588 0.2667 0.2824
v -0.007692 -0.072435 0.047597 0.2588 0.2667 0.2824
v -0.015447 -0.082367 0.047597 0.2588 0.2667 0.2824
v -0.016140 -0.082000 0.048392 0.2588 0.2667 0.2824
v -0.008381 -0.072068 0.048392 0.2588 0.2667 0.2824
v -0.015994 -0.066412 0.047597 0.2588 0.2667 0.2824
v -0.024728 -0.077417 0.047597 0.2588 0.2667 0.2824
v -0.025421 -0.077051 0.048392 0.2588 0.2667 0.2824
v -0.016682 -0.066045 0.048392 0.2588 0.2667 0.2824
v -0.018776 -0.064929 0.048392 0.2588 0.2667 0.2824
v -0.027533 -0.075926 0.048392 0.2588 0.2667 0.2824
v -0.028222 -0.075556 0.047597 0.2588 0.2667 0.2824
v -0.019464 -0.064563 0.047597 0.2588 0.2667 0.2824
v 0.029562 -0.064751 0.046834 0.2588 0.2667 0.2824
v 0.012133 -0.091933 0.046834 0.2588 0.2667 0.2824
v -0.004416 -0.111616 0.046790 0.2588 0.2667 0.2824
v -0.018020 -0.125755 0.046820 0.2588 0.2667 0.2824
v -0.044210 -0.148747 0.046834 0.2588 0.2667 0.2824
v 0.058037 0.036029 0.045662 0.2588 0.2667 0.2824
v 0.052379 0.008831 0.045662 0.2588 0.2667 0.2824
v 0.046944 0.008746 0.045662 0.2588 0.2667 0.2824
v 0.026674 -0.045682 0.045662 0.2588 0.2667 0.2824
v 0.029562 -0.064751 0.034540 0.2588 0.2667 0.2824
v 0.033050 -0.032006 0.045662 0.2588 0.2667 0.2824
v 0.043027 -0.004654 0.045662 0.2588 0.2667 0.2824
v 0.038308 -0.018539 0.045662 0.2588 0.2667 0.2824
v 0.012133 -0.091933 0.034540 0.2588 0.2667 0.2824
v 0.023432 -0.062682 0.045662 0.2588 0.2667 0.2824
v 0.008020 -0.086046 0.045662 0.2588 0.2667 0.2824
v -0.008950 -0.106282 0.045662 0.2588 0.2667 0.2824
v -0.004709 -0.112009 0.034515 0.2588 0.2667 0.2824
v 0.052610 0.035527 0.045662 0.2588 0.2667 0.2824
v 0.048451 -0.004785 0.045662 0.2588 0.2667 0.2824
v -0.018115 -0.125872 0.034532 0.2588 0.2667 0.2824
v 0.038325 -0.032824 0.045662 0.2588 0.2667 0.2824
v 0.031889 -0.046756 0.045662 0.2588 0.2667 0.2824
v 0.050052 0.021961 0.045662 0.2588 0.2667 0.2824
v 0.055441 0.022045 0.045662 0.2588 0.2667 0.2824
v -0.013086 -0.103347 0.045662 0.2588 0.2667 0.2824
v -0.044210 -0.148747 0.034540 0.2588 0.2667 0.2824
v 0.003500 -0.083638 0.045662 0.2588 0.2667 0.2824
v 0.043745 -0.018793 0.045662 0.2588 0.2667 0.2824
v 0.018479 -0.061010 0.045662 0.2588 0.2667 0.2824
v -0.013047 -0.129236 0.034546 0.2588 0.2667 0.2824
v 0.000131 -0.115610 0.034558 0.2588 0.2667 0.2824
v 0.035219 -0.067103 0.034540 0.2588 0.2667 0.2824
v 0.017577 -0.094743 0.034540 0.2588 0.2667 0.2824
v 0.057887 0.049114 0.045662 0.2588 0.2667 0.2824
v 0.059282 0.047302 0.045662 0.2588 0.2667 0.2824
v 0.058922 0.048524 0.045662 0.2588 0.2667 0.2824
v 0.054193 0.047219 0.045662 0.2588 0.2667 0.2824
v 0.056242 0.049182 0.045662 0.2588 0.2667 0.2824
v -0.023346 -0.048269 0.044444 0.2588 0.2667 0.2824
v 0.054894 0.048538 0.045662 0.2588 0.2667 0.2824
v -0.034013 -0.063130 0.044444 0.2588 0.2667 0.2824
v -0.023148 -0.116420 0.045662 0.2588 0.2667 0.2824
v -0.047809 -0.079626 0.044477 0.2588 0.2667 0.2824
v -0.056673 -0.088337 0.044454 0.2588 0.2667 0.2824
v -0.023345 -0.114036 0.045662 0.2588 0.2667 0.2824
v -0.076096 -0.106210 0.044444 0.2588 0.2667 0.2824
v -0.023809 -0.115274 0.045662 0.2588 0.2667 0.2824
v -0.019275 -0.117052 0.045662 0.2588 0.2667 0.2824
v -0.021990 -0.117278 0.045662 0.2588 0.2667 0.2824
v -0.020591 -0.117659 0.045662 0.2588 0.2667 0.2824
v -0.034474 -0.046332 0.044444 0.2588 0.2667 0.2824
v -0.036111 -0.045927 0.042810 0.2588 0.2667 0.2824
v -0.035631 -0.046046 0.043965 0.2588 0.2667 0.2824
v -0.044102 -0.058920 0.044444 0.2588 0.2667 0.2824
v -0.045556 -0.058185 0.042810 0.2588 0.2667 0.2824
v -0.045130 -0.058401 0.043965 0.2588 0.2667 0.2824
v -0.056736 -0.073467 0.044430 0.2588 0.2667 0.2824
v -0.058055 -0.072566 0.042792 0.2588 0.2667 0.2824
v -0.057653 -0.072808 0.043948 0.2588 0.2667 0.2824
v -0.064321 -0.080919 0.044440 0.2588 0.2667 0.2824
v -0.065449 -0.079842 0.042804 0.2588 0.2667 0.2824
v -0.065113 -0.080151 0.043960 0.2588 0.2667 0.2824
v -0.083389 -0.096499 0.042810 0.2588 0.2667 0.2824
v -0.082448 -0.097698 0.044444 0.2588 0.2667 0.2824
v -0.083113 -0.096850 0.043965 0.2588 0.2667 0.2824
v 0.066419 0.047621 0.046834 0.2588 0.2667 0.2824
v 0.064829 0.036657 0.046834 0.2588 0.2667 0.2824
v 0.062084 0.022149 0.046834 0.2588 0.2667 0.2824
v 0.059063 0.008935 0.046834 0.2588 0.2667 0.2824
v 0.055183 -0.004947 0.046834 0.2588 0.2667 0.2824
v 0.050545 -0.019111 0.046834 0.2588 0.2667 0.2824
v 0.064830 0.036661 0.034540 0.2588 0.2667 0.2824
v 0.066419 0.047617 0.034540 0.2588 0.2667 0.2824
v 0.059064 0.008938 0.034540 0.2588 0.2667 0.2824
v 0.062083 0.022143 0.034540 0.2588 0.2667 0.2824
v 0.055183 -0.004948 0.034540 0.2588 0.2667 0.2824
v 0.050548 -0.019103 0.034540 0.2588 0.2667 0.2824
v 0.056278 -0.021256 0.034540 0.2588 0.2667 0.2824
v 0.060834 -0.007265 0.034540 0.2588 0.2667 0.2824
v 0.072255 0.048027 0.034540 0.2588 0.2667 0.2824
v 0.070854 0.037088 0.034540 0.2588 0.2667 0.2824
v 0.068071 0.021590 0.034540 0.2588 0.2667 0.2824
v 0.065138 0.008383 0.034540 0.2588 0.2667 0.2824
v 0.007747 0.030851 0.044444 0.2588 0.2667 0.2824
v 0.008896 0.042426 0.044444 0.2588 0.2667 0.2824
v 0.002415 0.007522 0.044444 0.2588 0.2667 0.2824
v 0.005904 0.020730 0.044444 0.2588 0.2667 0.2824
v -0.006905 -0.016980 0.044444 0.2588 0.2667 0.2824
v -0.001756 -0.004138 0.044444 0.2588 0.2667 0.2824
v -0.001741 0.041371 0.044444 0.2588 0.2667 0.2824
v -0.003325 0.027903 0.044444 0.2588 0.2667 0.2824
v -0.005095 0.027770 0.042810 0.2588 0.2667 0.2824
v -0.003505 0.041200 0.042810 0.2588 0.2667 0.2824
v -0.004578 0.027801 0.043965 0.2588 0.2667 0.2824
v -0.002988 0.041251 0.043965 0.2588 0.2667 0.2824
v -0.005202 0.018658 0.044444 0.2588 0.2667 0.2824
v -0.008978 0.005453 0.044444 0.2588 0.2667 0.2824
v -0.010733 0.005468 0.042810 0.2588 0.2667 0.2824
v -0.006967 0.018593 0.042810 0.2588 0.2667 0.2824
v -0.006449 0.018617 0.043965 0.2588 0.2667 0.2824
v -0.010223 0.005451 0.043965 0.2588 0.2667 0.2824
v -0.013272 -0.005769 0.044444 0.2588 0.2667 0.2824
v -0.018684 -0.018335 0.044444 0.2588 0.2667 0.2824
v -0.020430 -0.018227 0.042810 0.2588 0.2667 0.2824
v -0.015054 -0.005788 0.042810 0.2588 0.2667 0.2824
v -0.019925 -0.018271 0.043965 0.2588 0.2667 0.2824
v -0.014530 -0.005775 0.043965 0.2588 0.2667 0.2824
v 0.044937 -0.033849 0.046834 0.2588 0.2667 0.2824
v 0.038402 -0.048097 0.046834 0.2588 0.2667 0.2824
v 0.038403 -0.048094 0.034540 0.2588 0.2667 0.2824
v 0.044938 -0.033847 0.034540 0.2588 0.2667 0.2824
v 0.050941 -0.035245 0.034540 0.2588 0.2667 0.2824
v 0.044390 -0.049594 0.034540 0.2588 0.2667 0.2824
v -0.016804 -0.037390 0.044444 0.2588 0.2667 0.2824
v -0.010941 -0.025808 0.044444 0.2588 0.2667 0.2824
v -0.022474 -0.025979 0.044444 0.2588 0.2667 0.2824
v -0.028434 -0.037031 0.044444 0.2588 0.2667 0.2824
v -0.030113 -0.036729 0.042810 0.2588 0.2667 0.2824
v -0.024190 -0.025780 0.042810 0.2588 0.2667 0.2824
v -0.023687 -0.025838 0.043965 0.2588 0.2667 0.2824
v -0.029626 -0.036825 0.043965 0.2588 0.2667 0.2824
v -0.002856 0.050568 0.043965 0.2588 0.2667 0.2824
v 0.009204 0.051785 0.044444 0.2588 0.2667 0.2824
v -0.003360 0.050450 0.042810 0.2588 0.2667 0.2824
v 0.055441 0.022045 0.046834 0.2588 0.2667 0.2824
v 0.050052 0.021961 0.046834 0.2588 0.2667 0.2824
v 0.058037 0.036029 0.046834 0.2588 0.2667 0.2824
v 0.052610 0.035527 0.046834 0.2588 0.2667 0.2824
v 0.008020 -0.086046 0.046834 0.2588 0.2667 0.2824
v -0.013086 -0.103347 0.046815 0.2588 0.2667 0.2824
v -0.008950 -0.106282 0.046806 0.2588 0.2667 0.2824
v -0.020591 -0.117659 0.046827 0.2588 0.2667 0.2824
v -0.019275 -0.117052 0.046824 0.2588 0.2667 0.2824
v -0.021990 -0.117278 0.046830 0.2588 0.2667 0.2824
v -0.023345 -0.114036 0.046833 0.2588 0.2667 0.2824
v -0.023148 -0.116420 0.046833 0.2588 0.2667 0.2824
v -0.023809 -0.115274 0.046834 0.2588 0.2667 0.2824
v 0.003500 -0.083638 0.046834 0.2588 0.2667 0.2824
v 0.023432 -0.062682 0.046834 0.2588 0.2667 0.2824
v 0.048451 -0.004785 0.046834 0.2588 0.2667 0.2824
v 0.043027 -0.004654 0.046834 0.2588 0.2667 0.2824
v 0.052379 0.008831 0.046834 0.2588 0.2667 0.2824
v 0.033050 -0.032006 0.046834 0.2588 0.2667 0.2824
v 0.043745 -0.018793 0.046834 0.2588 0.2667 0.2824
v 0.018479 -0.061010 0.046834 0.2588 0.2667 0.2824
v 0.031889 -0.046756 0.046834 0.2588 0.2667 0.2824
v 0.056242 0.049182 0.046834 0.2588 0.2667 0.2824
v 0.038325 -0.032824 0.046834 0.2588 0.2667 0.2824
v 0.026674 -0.045682 0.046834 0.2588 0.2667 0.2824
v 0.038308 -0.018539 0.046834 0.2588 0.2667 0.2824
v 0.046944 0.008746 0.046834 0.2588 0.2667 0.2824
v 0.059282 0.047302 0.046834 0.2588 0.2667 0.2824
v 0.057887 0.049114 0.046834 0.2588 0.2667 0.2824
v 0.058922 0.048524 0.046834 0.2588 0.2667 0.2824
v 0.054193 0.047219 0.046834 0.2588 0.2667 0.2824
v 0.054894 0.048538 0.046834 0.2588 0.2667 0.2824
v 0.022000 0.044610 0.046834 0.2588 0.2667 0.2824
v 0.022689 0.045610 0.046834 0.2588 0.2667 0.2824
v 0.023573 0.046166 0.046834 0.2588 0.2667 0.2824
v 0.033812 0.046606 0.046834 0.2588 0.2667 0.2824
v 0.026313 0.045669 0.046834 0.2588 0.2667 0.2824
v 0.026837 0.044756 0.046834 0.2588 0.2667 0.2824
v 0.033184 0.045646 0.046834 0.2588 0.2667 0.2824
v 0.034772 0.047200 0.046834 0.2588 0.2667 0.2824
v 0.036630 0.047278 0.046834 0.2588 0.2667 0.2824
v 0.037470 0.046599 0.046834 0.2588 0.2667 0.2824
v 0.038002 0.045674 0.046834 0.2588 0.2667 0.2824
v 0.044441 0.047660 0.046834 0.2588 0.2667 0.2824
v 0.043851 0.046634 0.046834 0.2588 0.2667 0.2824
v 0.045287 0.048273 0.046834 0.2588 0.2667 0.2824
v 0.048122 0.047759 0.046834 0.2588 0.2667 0.2824
v 0.048682 0.046807 0.046834 0.2588 0.2667 0.2824
v 0.018765 0.021474 0.046834 0.2588 0.2667 0.2824
v 0.020761 0.032581 0.046834 0.2588 0.2667 0.2824
v 0.025659 0.033034 0.046834 0.2588 0.2667 0.2824
v 0.031809 0.033603 0.046834 0.2588 0.2667 0.2824
v 0.036703 0.034056 0.046834 0.2588 0.2667 0.2824
v 0.042347 0.034578 0.046834 0.2588 0.2667 0.2824
v 0.047239 0.035030 0.046834 0.2588 0.2667 0.2824
v 0.015437 0.008253 0.046834 0.2588 0.2667 0.2824
v 0.023639 0.021550 0.046834 0.2588 0.2667 0.2824
v 0.020363 0.008330 0.046834 0.2588 0.2667 0.2824
v 0.026368 0.008424 0.046834 0.2588 0.2667 0.2824
v 0.029619 0.021643 0.046834 0.2588 0.2667 0.2824
v 0.034486 0.021719 0.046834 0.2588 0.2667 0.2824
v 0.031283 0.008501 0.046834 0.2588 0.2667 0.2824
v 0.036794 0.008587 0.046834 0.2588 0.2667 0.2824
v 0.039972 0.021805 0.046834 0.2588 0.2667 0.2824
v 0.044833 0.021880 0.046834 0.2588 0.2667 0.2824
v 0.041700 0.008664 0.046834 0.2588 0.2667 0.2824
v 0.011376 -0.003890 0.046834 0.2588 0.2667 0.2824
v 0.006404 -0.017047 0.046834 0.2588 0.2667 0.2824
v 0.016292 -0.004008 0.046834 0.2588 0.2667 0.2824
v 0.011335 -0.017278 0.046834 0.2588 0.2667 0.2824
v 0.022356 -0.004155 0.046834 0.2588 0.2667 0.2824
v 0.017472 -0.017565 0.046834 0.2588 0.2667 0.2824
v 0.027261 -0.004273 0.046834 0.2588 0.2667 0.2824
v 0.022390 -0.017795 0.046834 0.2588 0.2667 0.2824
v 0.032829 -0.004408 0.046834 0.2588 0.2667 0.2824
v 0.028028 -0.018058 0.046834 0.2588 0.2667 0.2824
v 0.037725 -0.004526 0.046834 0.2588 0.2667 0.2824
v -0.003886 -0.039388 0.046834 0.2588 0.2667 0.2824
v 0.002054 -0.027201 0.046834 0.2588 0.2667 0.2824
v 0.006825 -0.027941 0.046834 0.2588 0.2667 0.2824
v 0.000830 -0.040359 0.046834 0.2588 0.2667 0.2824
v 0.012806 -0.028868 0.046834 0.2588 0.2667 0.2824
v 0.006715 -0.041571 0.046834 0.2588 0.2667 0.2824
v 0.017570 -0.029607 0.046834 0.2588 0.2667 0.2824
v 0.023062 -0.030458 0.046834 0.2588 0.2667 0.2824
v 0.027821 -0.031196 0.046834 0.2588 0.2667 0.2824
v 0.032937 -0.018288 0.046834 0.2588 0.2667 0.2824
v -0.008510 -0.047766 0.046834 0.2588 0.2667 0.2824
v -0.014234 -0.056724 0.046834 0.2588 0.2667 0.2824
v -0.004044 -0.049272 0.046834 0.2588 0.2667 0.2824
v -0.009847 -0.058388 0.046834 0.2588 0.2667 0.2824
v 0.001483 -0.051137 0.046834 0.2588 0.2667 0.2824
v -0.004406 -0.060463 0.046834 0.2588 0.2667 0.2824
v 0.011424 -0.042541 0.046834 0.2588 0.2667 0.2824
v 0.016827 -0.043654 0.046834 0.2588 0.2667 0.2824
v 0.021531 -0.044623 0.046834 0.2588 0.2667 0.2824
v 0.015475 -0.055858 0.046834 0.2588 0.2667 0.2824
v -0.028518 -0.075397 0.046838 0.2588 0.2667 0.2824
v -0.019759 -0.064406 0.046834 0.2588 0.2667 0.2824
v -0.015699 -0.066569 0.046833 0.2588 0.2667 0.2824
v -0.011462 -0.070427 0.046833 0.2588 0.2667 0.2824
v -0.007397 -0.072592 0.046833 0.2588 0.2667 0.2824
v -0.000014 -0.062112 0.046834 0.2588 0.2667 0.2824
v 0.004659 -0.064592 0.046834 0.2588 0.2667 0.2824
v -0.003014 -0.075544 0.046833 0.2588 0.2667 0.2824
v 0.005945 -0.052643 0.046834 0.2588 0.2667 0.2824
v 0.011017 -0.054354 0.046834 0.2588 0.2667 0.2824
v 0.009004 -0.066304 0.046834 0.2588 0.2667 0.2824
v -0.044039 -0.093057 0.046857 0.2588 0.2667 0.2824
v -0.043839 -0.093980 0.046855 0.2588 0.2667 0.2824
v -0.037914 -0.085885 0.046869 0.2588 0.2667 0.2824
v -0.044023 -0.092112 0.046859 0.2588 0.2667 0.2824
v -0.042227 -0.095048 0.046854 0.2588 0.2667 0.2824
v -0.041193 -0.095056 0.046855 0.2588 0.2667 0.2824
v -0.034194 -0.088525 0.046861 0.2588 0.2667 0.2824
v -0.040302 -0.094751 0.046857 0.2588 0.2667 0.2824
v -0.029491 -0.091898 0.046850 0.2588 0.2667 0.2824
v -0.037447 -0.099954 0.046849 0.2588 0.2667 0.2824
v -0.037524 -0.100851 0.046846 0.2588 0.2667 0.2824
v -0.037264 -0.101822 0.046845 0.2588 0.2667 0.2824
v -0.035877 -0.102807 0.046844 0.2588 0.2667 0.2824
v -0.033725 -0.102596 0.046847 0.2588 0.2667 0.2824
v -0.025768 -0.094539 0.046842 0.2588 0.2667 0.2824
v -0.022174 -0.098662 0.046831 0.2588 0.2667 0.2824
v -0.030098 -0.106995 0.046841 0.2588 0.2667 0.2824
v -0.034747 -0.102860 0.046845 0.2588 0.2667 0.2824
v -0.030283 -0.107984 0.046839 0.2588 0.2667 0.2824
v -0.030108 -0.109066 0.046837 0.2588 0.2667 0.2824
v -0.028718 -0.110051 0.046836 0.2588 0.2667 0.2824
v -0.027619 -0.110162 0.046837 0.2588 0.2667 0.2824
v -0.019237 -0.080346 0.046828 0.2588 0.2667 0.2824
v -0.026565 -0.109841 0.046839 0.2588 0.2667 0.2824
v -0.024431 -0.077574 0.046829 0.2588 0.2667 0.2824
v -0.015150 -0.082524 0.046828 0.2588 0.2667 0.2824
v -0.006265 -0.087267 0.046829 0.2588 0.2667 0.2824
v -0.018449 -0.101305 0.046823 0.2588 0.2667 0.2824
v -0.010350 -0.085090 0.046829 0.2588 0.2667 0.2824
v 0.001053 -0.077711 0.046833 0.2588 0.2667 0.2824
v 0.025276 0.046323 0.046834 0.2588 0.2667 0.2824
v 0.047308 0.048355 0.046834 0.2588 0.2667 0.2824
v -0.066738 -0.084508 0.044445 0.2588 0.2667 0.2824
v -0.065520 -0.084068 0.044445 0.2588 0.2667 0.2824
v -0.064313 -0.084609 0.044447 0.2588 0.2667 0.2824
v -0.067463 -0.085178 0.044445 0.2588 0.2667 0.2824
v -0.067980 -0.086341 0.044446 0.2588 0.2667 0.2824
v -0.075892 -0.093649 0.044448 0.2588 0.2667 0.2824
v -0.067493 -0.087546 0.044447 0.2588 0.2667 0.2824
v -0.077824 -0.094749 0.044447 0.2588 0.2667 0.2824
v -0.078368 -0.095937 0.044446 0.2588 0.2667 0.2824
v -0.077946 -0.097201 0.044446 0.2588 0.2667 0.2824
v -0.077083 -0.094065 0.044447 0.2588 0.2667 0.2824
v -0.074751 -0.094249 0.044448 0.2588 0.2667 0.2824
v -0.069301 -0.100745 0.044449 0.2588 0.2667 0.2824
v -0.061577 -0.093641 0.044453 0.2588 0.2667 0.2824
v -0.054606 -0.094559 0.046846 0.2588 0.2667 0.2824
v -0.058728 -0.090125 0.044454 0.2588 0.2667 0.2824
v -0.072506 -0.103694 0.044446 0.2588 0.2667 0.2824
v -0.048324 -0.116748 0.046828 0.2588 0.2667 0.2824
v -0.047569 -0.116070 0.046829 0.2588 0.2667 0.2824
v -0.046370 -0.115650 0.046829 0.2588 0.2667 0.2824
v -0.045230 -0.116214 0.046829 0.2588 0.2667 0.2824
v -0.021536 -0.128556 0.046822 0.2588 0.2667 0.2824
v -0.039441 -0.144274 0.046831 0.2588 0.2667 0.2824
v -0.048881 -0.117906 0.046828 0.2588 0.2667 0.2824
v -0.048469 -0.119124 0.046828 0.2588 0.2667 0.2824
v -0.036054 -0.141515 0.046830 0.2588 0.2667 0.2824
v -0.032075 -0.137946 0.046828 0.2588 0.2667 0.2824
v -0.028798 -0.135069 0.046826 0.2588 0.2667 0.2824
v -0.024803 -0.131424 0.046824 0.2588 0.2667 0.2824
v -0.024661 -0.131585 0.046824 0.2588 0.2667 0.2824
v -0.024659 -0.131584 0.046568 0.2588 0.2667 0.2824
v -0.023911 -0.132636 0.034534 0.2588 0.2667 0.2824
v -0.024734 -0.131674 0.034534 0.2588 0.2667 0.2824
v -0.022671 -0.132752 0.034536 0.2588 0.2667 0.2824
v -0.020682 -0.131008 0.034536 0.2588 0.2667 0.2824
v -0.021458 -0.128802 0.034533 0.2588 0.2667 0.2824
v -0.021394 -0.128717 0.046822 0.2588 0.2667 0.2824
v -0.021392 -0.128716 0.046567 0.2588 0.2667 0.2824
v -0.020636 -0.129764 0.034534 0.2588 0.2667 0.2824
v -0.039299 -0.144436 0.046831 0.2588 0.2667 0.2824
v -0.039297 -0.144434 0.046576 0.2588 0.2667 0.2824
v -0.038503 -0.145428 0.034539 0.2588 0.2667 0.2824
v -0.039327 -0.144467 0.034538 0.2588 0.2667 0.2824
v -0.037263 -0.145545 0.034539 0.2588 0.2667 0.2824
v -0.036018 -0.141556 0.046830 0.2588 0.2667 0.2824
v -0.035242 -0.143773 0.034538 0.2588 0.2667 0.2824
v -0.036031 -0.141576 0.034537 0.2588 0.2667 0.2824
v -0.036017 -0.141555 0.046530 0.2588 0.2667 0.2824
v -0.035196 -0.142529 0.034538 0.2588 0.2667 0.2824
v -0.032053 -0.138090 0.034536 0.2588 0.2667 0.2824
v -0.032001 -0.138029 0.046828 0.2588 0.2667 0.2824
v -0.031999 -0.138028 0.046561 0.2588 0.2667 0.2824
v -0.031183 -0.139107 0.034537 0.2588 0.2667 0.2824
v -0.029957 -0.139208 0.034536 0.2588 0.2667 0.2824
v -0.028725 -0.135153 0.046826 0.2588 0.2667 0.2824
v -0.028723 -0.135152 0.046559 0.2588 0.2667 0.2824
v -0.027953 -0.137451 0.034536 0.2588 0.2667 0.2824
v -0.027894 -0.136223 0.034536 0.2588 0.2667 0.2824
v -0.028764 -0.135207 0.034535 0.2588 0.2667 0.2824
v -0.036983 -0.150486 0.034540 0.2588 0.2667 0.2824
v -0.037802 -0.150667 0.034540 0.2588 0.2667 0.2824
v 0.066399 0.083624 0.046834 0.2588 0.2667 0.2824
v 0.065896 0.089561 0.040880 0.2588 0.2667 0.2824
v 0.066206 0.085896 0.046381 0.2588 0.2667 0.2824
v 0.066043 0.087822 0.045090 0.2588 0.2667 0.2824
v 0.065934 0.089110 0.043158 0.2588 0.2667 0.2824
v 0.032534 0.085563 0.043160 0.2588 0.2667 0.2824
v 0.032582 0.085964 0.040882 0.2588 0.2667 0.2824
v 0.008003 0.077730 0.044801 0.2588 0.2667 0.2824
v 0.030283 0.081096 0.046622 0.2588 0.2667 0.2824
v 0.032384 0.084308 0.045091 0.2588 0.2667 0.2824
v 0.028617 0.080131 0.046801 0.2588 0.2667 0.2824
v 0.031579 0.082525 0.046273 0.2588 0.2667 0.2824
v 0.026746 0.079722 0.046834 0.2588 0.2667 0.2824
v 0.032582 0.085968 0.040445 0.2588 0.2667 0.2824
v 0.066437 0.083256 0.040445 0.2588 0.2667 0.2824
v 0.065896 0.089561 0.040445 0.2588 0.2667 0.2824
v 0.078181 0.057575 0.038267 0.2588 0.2667 0.2824
v -0.049017 -0.126954 0.048564 0.2588 0.2667 0.2824
v -0.051908 -0.128929 0.047706 0.2588 0.2667 0.2824
v -0.040051 -0.113229 0.048548 0.2588 0.2667 0.2824
v -0.040750 -0.113474 0.048548 0.2588 0.2667 0.2824
v -0.039607 -0.113980 0.047691 0.2588 0.2667 0.2824
v -0.051117 -0.128563 0.048564 0.2588 0.2667 0.2824
v -0.040806 -0.114400 0.047690 0.2588 0.2667 0.2824
v -0.035731 -0.115190 0.048551 0.2588 0.2667 0.2824
v -0.039462 -0.111359 0.048547 0.2588 0.2667 0.2824
v -0.039550 -0.112779 0.048548 0.2588 0.2667 0.2824
v -0.038853 -0.113302 0.047690 0.2588 0.2667 0.2824
v -0.038707 -0.110926 0.047689 0.2588 0.2667 0.2824
v -0.039217 -0.112087 0.048547 0.2588 0.2667 0.2824
v -0.038295 -0.112144 0.047690 0.2588 0.2667 0.2824
v -0.038852 -0.113302 0.046822 0.2588 0.2667 0.2824
v -0.035199 -0.114499 0.047693 0.2588 0.2667 0.2824
v -0.039606 -0.113980 0.046822 0.2588 0.2667 0.2824
v -0.040806 -0.114400 0.046823 0.2588 0.2667 0.2824
v -0.041920 -0.113835 0.046830 0.2588 0.2667 0.2824
v -0.038295 -0.112144 0.046822 0.2588 0.2667 0.2824
v -0.038688 -0.110936 0.046833 0.2588 0.2667 0.2824
v -0.041414 -0.113146 0.048547 0.2588 0.2667 0.2824
v -0.041980 -0.113660 0.047745 0.2588 0.2667 0.2824
v -0.038850 -0.116192 0.046826 0.2588 0.2667 0.2824
v -0.035199 -0.114499 0.046826 0.2588 0.2667 0.2824
v -0.036338 -0.113935 0.046827 0.2588 0.2667 0.2824
v -0.037538 -0.114356 0.046826 0.2588 0.2667 0.2824
v -0.038292 -0.115033 0.046826 0.2588 0.2667 0.2824
v -0.038849 -0.116192 0.047694 0.2588 0.2667 0.2824
v -0.051908 -0.128929 0.046839 0.2588 0.2667 0.2824
v -0.037928 -0.116249 0.048551 0.2588 0.2667 0.2824
v -0.048427 -0.126312 0.046839 0.2588 0.2667 0.2824
v -0.038292 -0.115033 0.047694 0.2588 0.2667 0.2824
v -0.037595 -0.115556 0.048551 0.2588 0.2667 0.2824
v -0.038138 -0.117614 0.047743 0.2588 0.2667 0.2824
v -0.051471 -0.122542 0.046818 0.2588 0.2667 0.2824
v -0.037682 -0.116976 0.048551 0.2588 0.2667 0.2824
v -0.036338 -0.113936 0.047694 0.2588 0.2667 0.2824
v -0.037538 -0.114356 0.047694 0.2588 0.2667 0.2824
v -0.036395 -0.114861 0.048551 0.2588 0.2667 0.2824
v -0.038076 -0.117787 0.046828 0.2588 0.2667 0.2824
v -0.037094 -0.115106 0.048551 0.2588 0.2667 0.2824
v -0.050368 -0.126752 0.048564 0.2588 0.2667 0.2824
v -0.049650 -0.126569 0.048564 0.2588 0.2667 0.2824
v -0.050745 -0.125966 0.047707 0.2588 0.2667 0.2824
v -0.049513 -0.125651 0.047707 0.2588 0.2667 0.2824
v -0.050906 -0.127157 0.048564 0.2588 0.2667 0.2824
v -0.051555 -0.126575 0.047707 0.2588 0.2667 0.2824
v -0.051298 -0.127817 0.048564 0.2588 0.2667 0.2824
v -0.052212 -0.127680 0.047707 0.2588 0.2667 0.2824
v -0.051555 -0.126575 0.046839 0.2588 0.2667 0.2824
v -0.050745 -0.125965 0.046839 0.2588 0.2667 0.2824
v -0.049513 -0.125651 0.046839 0.2588 0.2667 0.2824
v -0.052212 -0.127680 0.046839 0.2588 0.2667 0.2824
v -0.048427 -0.126312 0.047706 0.2588 0.2667 0.2824
v -0.052882 -0.124806 0.048543 0.2588 0.2667 0.2824
v -0.053588 -0.125031 0.048543 0.2588 0.2667 0.2824
v -0.052460 -0.125569 0.047686 0.2588 0.2667 0.2824
v -0.053671 -0.125954 0.047686 0.2588 0.2667 0.2824
v -0.052240 -0.122953 0.048543 0.2588 0.2667 0.2824
v -0.051472 -0.122542 0.047685 0.2588 0.2667 0.2824
v -0.052368 -0.124370 0.048543 0.2588 0.2667 0.2824
v -0.051686 -0.124913 0.047686 0.2588 0.2667 0.2824
v -0.052015 -0.123688 0.048543 0.2588 0.2667 0.2824
v -0.051096 -0.123771 0.047686 0.2588 0.2667 0.2824
v -0.051686 -0.124913 0.046818 0.2588 0.2667 0.2824
v -0.052459 -0.125569 0.046818 0.2588 0.2667 0.2824
v -0.053671 -0.125954 0.046819 0.2588 0.2667 0.2824
v -0.054794 -0.125358 0.046818 0.2588 0.2667 0.2824
v -0.051095 -0.123771 0.046818 0.2588 0.2667 0.2824
v -0.054242 -0.124683 0.048543 0.2588 0.2667 0.2824
v -0.054794 -0.125358 0.047685 0.2588 0.2667 0.2824
v 0.007455 0.075637 0.044416 0.2588 0.2667 0.2824
v 0.012956 0.063375 0.046438 0.2588 0.2667 0.2824
v -0.018780 -0.049098 0.046462 0.2588 0.2667 0.2824
v -0.016808 -0.049073 0.046834 0.2588 0.2667 0.2824
v -0.029155 -0.066594 0.046835 0.2588 0.2667 0.2824
v -0.029980 -0.064962 0.046467 0.2588 0.2667 0.2824
v -0.042694 -0.083003 0.046879 0.2588 0.2667 0.2824
v -0.044128 -0.082093 0.046518 0.2588 0.2667 0.2824
v -0.053527 -0.091348 0.046487 0.2588 0.2667 0.2824
v -0.052333 -0.092499 0.046848 0.2588 0.2667 0.2824
v -0.073494 -0.109622 0.046450 0.2588 0.2667 0.2824
v -0.072453 -0.111002 0.046834 0.2588 0.2667 0.2824
v 0.013348 0.045134 0.046437 0.2588 0.2667 0.2824
v 0.015138 0.045387 0.046834 0.2588 0.2667 0.2824
v 0.013916 0.031948 0.046834 0.2588 0.2667 0.2824
v 0.012107 0.031694 0.046439 0.2588 0.2667 0.2824
v 0.012086 0.021370 0.046834 0.2588 0.2667 0.2824
v 0.010278 0.021252 0.046439 0.2588 0.2667 0.2824
v 0.006893 0.008033 0.046442 0.2588 0.2667 0.2824
v 0.008725 0.008149 0.046834 0.2588 0.2667 0.2824
v -0.000431 -0.016728 0.046834 0.2588 0.2667 0.2824
v -0.002278 -0.016731 0.046447 0.2588 0.2667 0.2824
v 0.004611 -0.003726 0.046834 0.2588 0.2667 0.2824
v 0.002775 -0.003774 0.046443 0.2588 0.2667 0.2824
v -0.012223 -0.037776 0.046452 0.2588 0.2667 0.2824
v -0.010444 -0.038037 0.046834 0.2588 0.2667 0.2824
v -0.004604 -0.026169 0.046834 0.2588 0.2667 0.2824
v -0.006397 -0.025991 0.046449 0.2588 0.2667 0.2824
v 0.013422 0.052430 0.046437 0.2588 0.2667 0.2824
v -0.057771 -0.097521 0.046844 0.2588 0.2667 0.2824
v -0.058962 -0.096303 0.046423 0.2588 0.2667 0.2824
v -0.069036 -0.107865 0.046836 0.2588 0.2667 0.2824
v -0.070120 -0.106550 0.046414 0.2588 0.2667 0.2824
v -0.070095 -0.106450 0.047498 0.2588 0.2667 0.2824
v -0.069125 -0.107641 0.047745 0.2588 0.2667 0.2824
v -0.066906 -0.103599 0.046416 0.2588 0.2667 0.2824
v -0.065821 -0.104913 0.046838 0.2588 0.2667 0.2824
v -0.067055 -0.103646 0.047539 0.2588 0.2667 0.2824
v 0.013251 0.078288 0.046834 0.2588 0.2667 0.2824
v 0.011514 0.078103 0.046442 0.2588 0.2667 0.2824
v 0.013443 0.076335 0.046834 0.2588 0.2667 0.2824
v 0.011707 0.076147 0.046436 0.2588 0.2667 0.2824
v -0.055717 -0.093387 0.046500 0.2588 0.2667 0.2824
v 0.007699 0.030342 0.038010 0.2588 0.2667 0.2824
v -0.003977 0.027842 0.037151 0.2588 0.2667 0.2824
v 0.013578 0.031166 0.040381 0.2588 0.2667 0.2824
v 0.012018 0.030990 0.040032 0.2588 0.2667 0.2824
v -0.003030 0.027934 0.038002 0.2588 0.2667 0.2824
v 0.062014 0.033719 0.040681 0.2588 0.2667 0.2824
v -0.002030 0.049314 0.043228 0.2588 0.2667 0.2824
v 0.066567 0.055464 0.046128 0.2588 0.2667 0.2824
v -0.001300 0.049379 0.043449 0.2588 0.2667 0.2824
v 0.065716 0.083482 0.046102 0.2588 0.2667 0.2824
v 0.065044 0.088577 0.041611 0.2588 0.2667 0.2824
v 0.065565 0.085537 0.045686 0.2588 0.2667 0.2824
v 0.065424 0.087224 0.044560 0.2588 0.2667 0.2824
v 0.065331 0.088349 0.042876 0.2588 0.2667 0.2824
v 0.032633 0.084633 0.042774 0.2588 0.2667 0.2824
v 0.032667 0.084835 0.041557 0.2588 0.2667 0.2824
v 0.008429 0.077781 0.043885 0.2588 0.2667 0.2824
v 0.030305 0.080876 0.045636 0.2588 0.2667 0.2824
v 0.032457 0.083613 0.044360 0.2588 0.2667 0.2824
v 0.028620 0.080101 0.045790 0.2588 0.2667 0.2824
v 0.031614 0.082187 0.045321 0.2588 0.2667 0.2824
v 0.026746 0.079721 0.045823 0.2588 0.2667 0.2824
v 0.032691 0.084963 0.040441 0.2588 0.2667 0.2824
v 0.065430 0.083168 0.040445 0.2588 0.2667 0.2824
v 0.065000 0.088754 0.040441 0.2588 0.2667 0.2824
v -0.004020 0.074149 0.042570 0.2588 0.2667 0.2824
v -0.003176 0.074244 0.043316 0.2588 0.2667 0.2824
v -0.003833 0.074170 0.043126 0.2588 0.2667 0.2824
v 0.007737 0.075664 0.043445 0.2588 0.2667 0.2824
v -0.003760 0.027869 0.037780 0.2588 0.2667 0.2824
v 0.014858 0.063028 0.045829 0.2588 0.2667 0.2824
v 0.013747 0.052435 0.045479 0.2588 0.2667 0.2824
v 0.015308 0.052611 0.045829 0.2588 0.2667 0.2824
v 0.013362 0.078299 0.045829 0.2588 0.2667 0.2824
v 0.011839 0.078140 0.045485 0.2588 0.2667 0.2824
v 0.013555 0.076347 0.045829 0.2588 0.2667 0.2824
v 0.012034 0.076181 0.045480 0.2588 0.2667 0.2824
v -0.002248 0.049286 0.042598 0.2588 0.2667 0.2824
v 0.009429 0.051787 0.043458 0.2588 0.2667 0.2824
v 0.067658 0.069274 0.040445 0.2588 0.2667 0.2824
v 0.066419 0.047619 0.040445 0.2588 0.2667 0.2824
v 0.072799 0.055146 0.038267 0.2588 0.2667 0.2824
v 0.067289 0.055414 0.040445 0.2588 0.2667 0.2824
v 0.078259 0.056835 0.038267 0.2588 0.2667 0.2824
v 0.067289 0.055414 0.038267 0.2588 0.2667 0.2824
v 0.066419 0.047619 0.038267 0.2588 0.2667 0.2824
v 0.066437 0.083256 0.038267 0.2588 0.2667 0.2824
v 0.067089 0.083325 0.038267 0.2588 0.2667 0.2824
v 0.072255 0.048027 0.038267 0.2588 0.2667 0.2824
v 0.067658 0.069274 0.038267 0.2588 0.2667 0.2824
v 0.072912 0.057308 0.038267 0.2588 0.2667 0.2824
v -0.004527 0.050355 0.043921 0.2588 0.2667 0.2824
v -0.002781 0.050541 0.045555 0.2588 0.2667 0.2824
v -0.004023 0.050474 0.045076 0.2588 0.2667 0.2824
v -0.006172 0.073963 0.043892 0.2588 0.2667 0.2824
v -0.004528 0.074138 0.045421 0.2588 0.2667 0.2824
v -0.005693 0.074014 0.044971 0.2588 0.2667 0.2824
v 0.067658 0.069274 0.047724 0.2588 0.2667 0.2824
v 0.066206 0.085896 0.047271 0.2588 0.2667 0.2824
v 0.066399 0.083624 0.047724 0.2588 0.2667 0.2824
v 0.031579 0.082525 0.047163 0.2588 0.2667 0.2824
v 0.066043 0.087823 0.045980 0.2588 0.2667 0.2824
v 0.032384 0.084308 0.045981 0.2588 0.2667 0.2824
v 0.065889 0.089537 0.043350 0.2588 0.2667 0.2824
v 0.032489 0.085989 0.043351 0.2588 0.2667 0.2824
v 0.065849 0.090006 0.040880 0.2588 0.2667 0.2824
v 0.032529 0.086462 0.040882 0.2588 0.2667 0.2824
v 0.065849 0.090006 0.040445 0.2588 0.2667 0.2824
v 0.030283 0.081096 0.047512 0.2588 0.2667 0.2824
v 0.028617 0.080131 0.047691 0.2588 0.2667 0.2824
v 0.026746 0.079722 0.047724 0.2588 0.2667 0.2824
v 0.032529 0.086466 0.040445 0.2588 0.2667 0.2824
v 0.014749 0.063021 0.047724 0.2588 0.2667 0.2824
v 0.013251 0.078288 0.047724 0.2588 0.2667 0.2824
v 0.013443 0.076335 0.047724 0.2588 0.2667 0.2824
v 0.067658 0.069274 0.046834 0.2588 0.2667 0.2824
v 0.067289 0.055414 0.046834 0.2588 0.2667 0.2824
v 0.014749 0.063021 0.046834 0.2588 0.2667 0.2824
v 0.015199 0.052609 0.046834 0.2588 0.2667 0.2824
v 0.063099 0.055189 0.046834 0.2588 0.2667 0.2824
v 0.067401 0.059609 0.046834 0.2588 0.2667 0.2824
v 0.064711 0.055594 0.046834 0.2588 0.2667 0.2824
v 0.066095 0.056577 0.046834 0.2588 0.2667 0.2824
v 0.067039 0.057986 0.046834 0.2588 0.2667 0.2824
v 0.019388 0.052839 0.046834 0.2588 0.2667 0.2824
v 0.015406 0.055214 0.046834 0.2588 0.2667 0.2824
v 0.016373 0.053903 0.046834 0.2588 0.2667 0.2824
v 0.017772 0.053067 0.046834 0.2588 0.2667 0.2824
v 0.067401 0.059609 0.047724 0.2588 0.2667 0.2824
v 0.063099 0.055189 0.047724 0.2588 0.2667 0.2824
v 0.067039 0.057987 0.047724 0.2588 0.2667 0.2824
v 0.066095 0.056577 0.047724 0.2588 0.2667 0.2824
v 0.064711 0.055594 0.047724 0.2588 0.2667 0.2824
v 0.019389 0.052834 0.047724 0.2588 0.2667 0.2824
v 0.015018 0.056801 0.047724 0.2588 0.2667 0.2824
v 0.017772 0.053067 0.047724 0.2588 0.2667 0.2824
v 0.016373 0.053903 0.047724 0.2588 0.2667 0.2824
v 0.015406 0.055214 0.047724 0.2588 0.2667 0.2824
v 0.015018 0.056801 0.046834 0.2588 0.2667 0.2824
v -0.001614 0.050635 0.044444 0.2588 0.2667 0.2824
v 0.008785 0.054735 0.045555 0.2588 0.2667 0.2824
v 0.005868 0.051460 0.045555 0.2588 0.2667 0.2824
v 0.008439 0.053215 0.045555 0.2588 0.2667 0.2824
v 0.007372 0.052017 0.045555 0.2588 0.2667 0.2824
v 0.004134 0.075248 0.045499 0.2588 0.2667 0.2824
v 0.007450 0.072694 0.045533 0.2588 0.2667 0.2824
v 0.005686 0.075047 0.045514 0.2588 0.2667 0.2824
v 0.006899 0.074112 0.045526 0.2588 0.2667 0.2824
v 0.009081 0.054736 0.044444 0.2588 0.2667 0.2824
v 0.007668 0.052018 0.044444 0.2588 0.2667 0.2824
v 0.008736 0.053217 0.044444 0.2588 0.2667 0.2824
v 0.004432 0.075244 0.044386 0.2588 0.2667 0.2824
v 0.007196 0.074114 0.044415 0.2588 0.2667 0.2824
v 0.005983 0.075046 0.044402 0.2588 0.2667 0.2824
v 0.006165 0.051462 0.044444 0.2588 0.2667 0.2824
v 0.007747 0.072696 0.044422 0.2588 0.2667 0.2824
v -0.006759 0.073901 0.041680 0.2588 0.2667 0.2824
v -0.003861 0.071939 0.041680 0.2588 0.2667 0.2824
v -0.004018 0.074149 0.041680 0.2588 0.2667 0.2824
v -0.006554 0.071653 0.041680 0.2588 0.2667 0.2824
v -0.004885 0.050317 0.041680 0.2588 0.2667 0.2824
v -0.006852 0.071622 0.039668 0.2588 0.2667 0.2824
v -0.005182 0.050286 0.039668 0.2588 0.2667 0.2824
v -0.007153 0.071590 0.036286 0.2588 0.2667 0.2824
v -0.005716 0.050229 0.036286 0.2588 0.2667 0.2824
v -0.005146 0.066305 0.045006 0.2588 0.2667 0.2824
v -0.005146 0.066307 0.036286 0.2588 0.2667 0.2824
v -0.004469 0.056911 0.045051 0.2588 0.2667 0.2824
v -0.004514 0.056906 0.036286 0.2588 0.2667 0.2824
v -0.004980 0.056856 0.043913 0.2588 0.2667 0.2824
v -0.006154 0.056732 0.036286 0.2588 0.2667 0.2824
v -0.006786 0.066132 0.036286 0.2588 0.2667 0.2824
v -0.005323 0.056820 0.041680 0.2588 0.2667 0.2824
v -0.005635 0.066253 0.043901 0.2588 0.2667 0.2824
v -0.006186 0.066195 0.041680 0.2588 0.2667 0.2824
v -0.005620 0.056788 0.039668 0.2588 0.2667 0.2824
v -0.006485 0.066164 0.039668 0.2588 0.2667 0.2824
v -0.008250 0.071515 0.035180 0.2588 0.2667 0.2824
v -0.007883 0.066058 0.035180 0.2588 0.2667 0.2824
v -0.007003 0.071606 0.037977 0.2588 0.2667 0.2824
v -0.006636 0.066148 0.037977 0.2588 0.2667 0.2824
v -0.083419 -0.096509 0.021825 0.2588 0.2667 0.2824
v -0.082754 -0.097357 0.021346 0.2588 0.2667 0.2824
v -0.083694 -0.096157 0.022981 0.2588 0.2667 0.2824
v -0.076106 -0.106297 0.021341 0.2588 0.2667 0.2824
v -0.074356 -0.108542 0.032904 0.2588 0.2667 0.2824
v -0.043455 -0.149754 0.032904 0.2588 0.2667 0.2824
v -0.083694 -0.096157 0.032904 0.2588 0.2667 0.2824
v -0.073563 -0.109610 0.018950 0.2588 0.2667 0.2824
v -0.075135 -0.109126 0.032904 0.2588 0.2667 0.2824
v -0.076885 -0.106880 0.021338 0.2588 0.2667 0.2824
v -0.083533 -0.097940 0.021344 0.2588 0.2667 0.2824
v -0.084198 -0.097093 0.021823 0.2588 0.2667 0.2824
v -0.084473 -0.096741 0.032904 0.2588 0.2667 0.2824
v -0.084473 -0.096741 0.022978 0.2588 0.2667 0.2824
v -0.044234 -0.150338 0.032904 0.2588 0.2667 0.2824
v -0.074342 -0.110193 0.018948 0.2588 0.2667 0.2824
v -0.044096 -0.148899 0.018974 0.2588 0.2667 0.2824
v -0.044875 -0.149483 0.018972 0.2588 0.2667 0.2824
v -0.044116 -0.148872 0.032904 0.2588 0.2667 0.2824
v -0.044896 -0.149456 0.032904 0.2588 0.2667 0.2824
v -0.043455 -0.149754 0.021168 0.2588 0.2667 0.2824
v -0.044099 -0.148895 0.021167 0.2588 0.2667 0.2824
v -0.043455 -0.149754 0.030168 0.2588 0.2667 0.2824
v -0.044112 -0.148877 0.030168 0.2588 0.2667 0.2824
v -0.041515 -0.148302 0.028196 0.2588 0.2667 0.2824
v -0.041518 -0.148298 0.023141 0.2588 0.2667 0.2824
v -0.042172 -0.147425 0.028195 0.2588 0.2667 0.2824
v -0.042162 -0.147439 0.023140 0.2588 0.2667 0.2824
v -0.043455 -0.149754 0.020156 0.2588 0.2667 0.2824
v -0.043541 -0.149639 0.019565 0.2588 0.2667 0.2824
v -0.043775 -0.149326 0.019133 0.2588 0.2667 0.2824
v -0.044234 -0.150338 0.020154 0.2588 0.2667 0.2824
v -0.044555 -0.149910 0.019130 0.2588 0.2667 0.2824
v -0.044320 -0.150223 0.019563 0.2588 0.2667 0.2824
v -0.072912 -0.112101 0.018948 0.2588 0.2667 0.2824
v -0.046154 -0.147778 0.018971 0.2588 0.2667 0.2824
v -0.045375 -0.147194 0.018973 0.2588 0.2667 0.2824
v -0.072133 -0.111517 0.018951 0.2588 0.2667 0.2824
v -0.071067 -0.110717 0.018955 0.2588 0.2667 0.2824
v -0.044309 -0.146394 0.018977 0.2588 0.2667 0.2824
v -0.046152 -0.147776 0.017985 0.2588 0.2667 0.2824
v -0.045517 -0.147301 0.017196 0.2588 0.2667 0.2824
v -0.045965 -0.147637 0.017426 0.2588 0.2667 0.2824
v -0.072275 -0.111624 0.017173 0.2588 0.2667 0.2824
v -0.072910 -0.112099 0.017963 0.2588 0.2667 0.2824
v -0.072723 -0.111960 0.017404 0.2588 0.2667 0.2824
v -0.071064 -0.110716 0.017968 0.2588 0.2667 0.2824
v -0.071695 -0.111190 0.017175 0.2588 0.2667 0.2824
v -0.071248 -0.110854 0.017409 0.2588 0.2667 0.2824
v -0.044937 -0.146867 0.017198 0.2588 0.2667 0.2824
v -0.044306 -0.146393 0.017991 0.2588 0.2667 0.2824
v -0.044490 -0.146531 0.017431 0.2588 0.2667 0.2824
v -0.083419 -0.096509 0.043984 0.2588 0.2667 0.2824
v -0.082754 -0.097357 0.044462 0.2588 0.2667 0.2824
v -0.083694 -0.096157 0.042828 0.2588 0.2667 0.2824
v -0.076106 -0.106297 0.044470 0.2588 0.2667 0.2824
v -0.073563 -0.109610 0.046859 0.2588 0.2667 0.2824
v -0.076885 -0.106880 0.044473 0.2588 0.2667 0.2824
v -0.083533 -0.097940 0.044465 0.2588 0.2667 0.2824
v -0.084198 -0.097093 0.043986 0.2588 0.2667 0.2824
v -0.084473 -0.096741 0.042831 0.2588 0.2667 0.2824
v -0.074342 -0.110193 0.046862 0.2588 0.2667 0.2824
v -0.044096 -0.148899 0.046835 0.2588 0.2667 0.2824
v -0.044875 -0.149483 0.046837 0.2588 0.2667 0.2824
v -0.043455 -0.149754 0.044641 0.2588 0.2667 0.2824
v -0.044099 -0.148895 0.044642 0.2588 0.2667 0.2824
v -0.043455 -0.149754 0.035641 0.2588 0.2667 0.2824
v -0.044112 -0.148877 0.035641 0.2588 0.2667 0.2824
v -0.041515 -0.148302 0.037613 0.2588 0.2667 0.2824
v -0.041518 -0.148298 0.042668 0.2588 0.2667 0.2824
v -0.042172 -0.147425 0.037614 0.2588 0.2667 0.2824
v -0.042162 -0.147439 0.042669 0.2588 0.2667 0.2824
v -0.043455 -0.149754 0.045653 0.2588 0.2667 0.2824
v -0.043541 -0.149639 0.046243 0.2588 0.2667 0.2824
v -0.043775 -0.149326 0.046676 0.2588 0.2667 0.2824
v -0.044234 -0.150338 0.045655 0.2588 0.2667 0.2824
v -0.044555 -0.149910 0.046678 0.2588 0.2667 0.2824
v -0.044320 -0.150223 0.046246 0.2588 0.2667 0.2824
v -0.072912 -0.112101 0.046860 0.2588 0.2667 0.2824
v -0.046154 -0.147778 0.046838 0.2588 0.2667 0.2824
v -0.045375 -0.147194 0.046836 0.2588 0.2667 0.2824
v -0.072133 -0.111517 0.046858 0.2588 0.2667 0.2824
v -0.071067 -0.110717 0.046854 0.2588 0.2667 0.2824
v -0.044309 -0.146394 0.046832 0.2588 0.2667 0.2824
v -0.046152 -0.147776 0.047824 0.2588 0.2667 0.2824
v -0.045517 -0.147301 0.048613 0.2588 0.2667 0.2824
v -0.045965 -0.147637 0.048383 0.2588 0.2667 0.2824
v -0.072275 -0.111624 0.048636 0.2588 0.2667 0.2824
v -0.072910 -0.112099 0.047846 0.2588 0.2667 0.2824
v -0.072723 -0.111960 0.048405 0.2588 0.2667 0.2824
v -0.071064 -0.110716 0.047840 0.2588 0.2667 0.2824
v -0.071695 -0.111190 0.048634 0.2588 0.2667 0.2824
v -0.071248 -0.110854 0.048400 0.2588 0.2667 0.2824
v -0.044937 -0.146867 0.048611 0.2588 0.2667 0.2824
v -0.044306 -0.146393 0.047818 0.2588 0.2667 0.2824
v -0.044490 -0.146531 0.048378 0.2588 0.2667 0.2824
v 0.009608 0.064685 0.042490 0.2588 0.2667 0.2824
v 0.008907 0.071282 0.042490 0.2588 0.2667 0.2824
v 0.009608 0.064685 0.023319 0.2588 0.2667 0.2824
v 0.008907 0.071282 0.023319 0.2588 0.2667 0.2824
v 0.016094 0.065375 0.045599 0.2588 0.2667 0.2824
v 0.015393 0.071971 0.020210 0.2588 0.2667 0.2824
v 0.015393 0.071971 0.045599 0.2588 0.2667 0.2824
v 0.016094 0.065375 0.020210 0.2588 0.2667 0.2824
v 0.003022 0.063986 0.042490 0.2588 0.2667 0.2824
v -0.001939 0.063459 0.037501 0.2588 0.2667 0.2824
v 0.001123 0.063784 0.042110 0.2588 0.2667 0.2824
v -0.000486 0.063613 0.041029 0.2588 0.2667 0.2824
v -0.001562 0.063499 0.039410 0.2588 0.2667 0.2824
v -0.002640 0.070055 0.037501 0.2588 0.2667 0.2824
v 0.002321 0.070582 0.042490 0.2588 0.2667 0.2824
v -0.002263 0.070096 0.039410 0.2588 0.2667 0.2824
v -0.001187 0.070210 0.041029 0.2588 0.2667 0.2824
v 0.000422 0.070381 0.042110 0.2588 0.2667 0.2824
v -0.001939 0.063459 0.028308 0.2588 0.2667 0.2824
v 0.003022 0.063986 0.023319 0.2588 0.2667 0.2824
v -0.001562 0.063499 0.026399 0.2588 0.2667 0.2824
v -0.000486 0.063613 0.024780 0.2588 0.2667 0.2824
v 0.001123 0.063784 0.023699 0.2588 0.2667 0.2824
v 0.002321 0.070582 0.023319 0.2588 0.2667 0.2824
v -0.002640 0.070055 0.028308 0.2588 0.2667 0.2824
v 0.000422 0.070381 0.023699 0.2588 0.2667 0.2824
v -0.001187 0.070210 0.024780 0.2588 0.2667 0.2824
v -0.002263 0.070096 0.026399 0.2588 0.2667 0.2824
v 0.022926 0.066100 0.045599 0.2588 0.2667 0.2824
v 0.061526 0.070201 0.045599 0.2588 0.2667 0.2824
v 0.060825 0.076798 0.020210 0.2588 0.2667 0.2824
v 0.022226 0.072697 0.020210 0.2588 0.2667 0.2824
v 0.022926 0.066100 0.020210 0.2588 0.2667 0.2824
v 0.061526 0.070201 0.020210 0.2588 0.2667 0.2824
v 0.022576 0.069399 0.020210 0.2588 0.2667 0.2824
v 0.022226 0.072697 0.038526 0.2588 0.2667 0.2824
v 0.024951 0.072987 0.036425 0.2588 0.2667 0.2824
v 0.023024 0.072782 0.037040 0.2588 0.2667 0.2824
v 0.058100 0.076508 0.036425 0.2588 0.2667 0.2824
v 0.060825 0.076798 0.038526 0.2588 0.2667 0.2824
v 0.060027 0.076713 0.037040 0.2588 0.2667 0.2824
v 0.060825 0.076798 0.043620 0.2588 0.2667 0.2824
v 0.057916 0.076489 0.045599 0.2588 0.2667 0.2824
v 0.062772 0.077005 0.045599 0.2588 0.2667 0.2824
v 0.059973 0.076707 0.045019 0.2588 0.2667 0.2824
v 0.025135 0.073006 0.045599 0.2588 0.2667 0.2824
v 0.022226 0.072697 0.043620 0.2588 0.2667 0.2824
v 0.020279 0.072490 0.045599 0.2588 0.2667 0.2824
v 0.023078 0.072788 0.045019 0.2588 0.2667 0.2824
v 0.056013 0.080201 0.042758 0.2588 0.2667 0.2824
v 0.052468 0.081124 0.042492 0.2588 0.2667 0.2824
v 0.053869 0.079350 0.044874 0.2588 0.2667 0.2824
v 0.054313 0.080939 0.042625 0.2588 0.2667 0.2824
v 0.054233 0.080700 0.043766 0.2588 0.2667 0.2824
v 0.053126 0.080631 0.044001 0.2588 0.2667 0.2824
v 0.055132 0.080131 0.044152 0.2588 0.2667 0.2824
v 0.053775 0.079567 0.038487 0.2588 0.2667 0.2824
v 0.052468 0.081124 0.041439 0.2588 0.2667 0.2824
v 0.056013 0.080201 0.040820 0.2588 0.2667 0.2824
v 0.053084 0.080693 0.039763 0.2588 0.2667 0.2824
v 0.054200 0.080746 0.039977 0.2588 0.2667 0.2824
v 0.054313 0.080939 0.041129 0.2588 0.2667 0.2824
v 0.055036 0.080242 0.039420 0.2588 0.2667 0.2824
v 0.026215 0.077035 0.040820 0.2588 0.2667 0.2824
v 0.029487 0.078683 0.041439 0.2588 0.2667 0.2824
v 0.028537 0.076885 0.038487 0.2588 0.2667 0.2824
v 0.027723 0.078114 0.041129 0.2588 0.2667 0.2824
v 0.027873 0.077949 0.039977 0.2588 0.2667 0.2824
v 0.028975 0.078131 0.039763 0.2588 0.2667 0.2824
v 0.027162 0.077281 0.039420 0.2588 0.2667 0.2824
v 0.028490 0.076654 0.044874 0.2588 0.2667 0.2824
v 0.029487 0.078683 0.042492 0.2588 0.2667 0.2824
v 0.026215 0.077035 0.042758 0.2588 0.2667 0.2824
v 0.028947 0.078062 0.044001 0.2588 0.2667 0.2824
v 0.027850 0.077897 0.043766 0.2588 0.2667 0.2824
v 0.027723 0.078114 0.042625 0.2588 0.2667 0.2824
v 0.027091 0.077151 0.044152 0.2588 0.2667 0.2824
v 0.065708 0.070646 0.044285 0.2588 0.2667 0.2824
v 0.064402 0.070507 0.045599 0.2588 0.2667 0.2824
v 0.065326 0.070605 0.045214 0.2588 0.2667 0.2824
v 0.063701 0.077104 0.045599 0.2588 0.2667 0.2824
v 0.065007 0.077242 0.044285 0.2588 0.2667 0.2824
v 0.064625 0.077202 0.045214 0.2588 0.2667 0.2824
v 0.064402 0.070507 0.020210 0.2588 0.2667 0.2824
v 0.065708 0.070646 0.021524 0.2588 0.2667 0.2824
v 0.065326 0.070605 0.020595 0.2588 0.2667 0.2824
v 0.065007 0.077242 0.021524 0.2588 0.2667 0.2824
v 0.063701 0.077104 0.020210 0.2588 0.2667 0.2824
v 0.064625 0.077202 0.020595 0.2588 0.2667 0.2824
v -0.061024 -0.127826 0.029407 0.2588 0.2667 0.2824
v -0.061021 -0.127824 0.036401 0.2588 0.2667 0.2824
v -0.063016 -0.129320 0.034117 0.2588 0.2667 0.2824
v -0.062018 -0.128572 0.036096 0.2588 0.2667 0.2824
v -0.062749 -0.129119 0.035260 0.2588 0.2667 0.2824
v -0.063017 -0.129321 0.031693 0.2588 0.2667 0.2824
v -0.062750 -0.129121 0.030550 0.2588 0.2667 0.2824
v -0.062021 -0.128573 0.029713 0.2588 0.2667 0.2824
v -0.066825 -0.124240 0.034117 0.2588 0.2667 0.2824
v -0.064830 -0.122744 0.036401 0.2588 0.2667 0.2824
v -0.066558 -0.124039 0.035260 0.2588 0.2667 0.2824
v -0.065827 -0.123491 0.036096 0.2588 0.2667 0.2824
v -0.064833 -0.122746 0.029407 0.2588 0.2667 0.2824
v -0.066826 -0.124240 0.031693 0.2588 0.2667 0.2824
v -0.065830 -0.123493 0.029713 0.2588 0.2667 0.2824
v -0.066559 -0.124040 0.030550 0.2588 0.2667 0.2824
v -0.040006 0.084022 0.033014 0.3608 0.3686 0.3882
v -0.042055 0.083805 0.033014 0.3608 0.3686 0.3882
v -0.040038 0.084322 0.032285 0.3608 0.3686 0.3882
v -0.042086 0.084105 0.032285 0.3608 0.3686 0.3882
v -0.040115 0.085046 0.031984 0.3608 0.3686 0.3882
v -0.042163 0.084829 0.031984 0.3608 0.3686 0.3882
v -0.040192 0.085771 0.032285 0.3608 0.3686 0.3882
v -0.042240 0.085553 0.032285 0.3608 0.3686 0.3882
v -0.040224 0.086070 0.033014 0.3608 0.3686 0.3882
v -0.042272 0.085853 0.033014 0.3608 0.3686 0.3882
v -0.040192 0.085771 0.033742 0.3608 0.3686 0.3882
v -0.042240 0.085553 0.033742 0.3608 0.3686 0.3882
v -0.040115 0.085046 0.034043 0.3608 0.3686 0.3882
v -0.042163 0.084829 0.034043 0.3608 0.3686 0.3882
v -0.040038 0.084322 0.033742 0.3608 0.3686 0.3882
v -0.042086 0.084105 0.033742 0.3608 0.3686 0.3882
v 0.056572 0.100396 0.037649 0.3608 0.3686 0.3882
v -0.115111 0.092408 0.032904 0.3608 0.3686 0.3882
v -0.040887 0.090042 0.037649 0.3608 0.3686 0.3882
v -0.115171 0.092976 0.029302 0.3608 0.3686 0.3882
v -0.040904 0.090196 0.011691 0.3608 0.3686 0.3882
v -0.115346 0.094622 0.026052 0.3608 0.3686 0.3882
v -0.041722 0.097898 0.011691 0.3608 0.3686 0.3882
v -0.115619 0.097187 0.023473 0.3608 0.3686 0.3882
v -0.115962 0.100419 0.021817 0.3608 0.3686 0.3882
v 0.054263 0.122127 0.021246 0.3608 0.3686 0.3882
v -0.116343 0.104001 0.021246 0.3608 0.3686 0.3882
v 0.053883 0.125709 0.021817 0.3608 0.3686 0.3882
v -0.042710 0.107201 0.019155 0.3608 0.3686 0.3882
v -0.116723 0.107584 0.021817 0.3608 0.3686 0.3882
v -0.041930 0.099859 0.012044 0.3608 0.3686 0.3882
v 0.053539 0.128941 0.023473 0.3608 0.3686 0.3882
v -0.117067 0.110816 0.023473 0.3608 0.3686 0.3882
v 0.053267 0.131506 0.026052 0.3608 0.3686 0.3882
v -0.042564 0.105821 0.016687 0.3608 0.3686 0.3882
v -0.042393 0.104211 0.014359 0.3608 0.3686 0.3882
v -0.117339 0.113380 0.026052 0.3608 0.3686 0.3882
v 0.053092 0.133152 0.029302 0.3608 0.3686 0.3882
v 0.054749 0.117555 0.019155 0.3608 0.3686 0.3882
v -0.117514 0.115027 0.029302 0.3608 0.3686 0.3882
v 0.053032 0.133720 0.032904 0.3608 0.3686 0.3882
v 0.055067 0.114565 0.014359 0.3608 0.3686 0.3882
v -0.117574 0.115595 0.032904 0.3608 0.3686 0.3882
v 0.054896 0.116175 0.016687 0.3608 0.3686 0.3882
v 0.053092 0.133152 0.036507 0.3608 0.3686 0.3882
v -0.117514 0.115027 0.036507 0.3608 0.3686 0.3882
v 0.054547 0.119458 0.020578 0.3608 0.3686 0.3882
v -0.042913 0.109104 0.020578 0.3608 0.3686 0.3882
v 0.053267 0.131506 0.039757 0.3608 0.3686 0.3882
v -0.117339 0.113380 0.039757 0.3608 0.3686 0.3882
v -0.042163 0.102048 0.012700 0.3608 0.3686 0.3882
v 0.053539 0.128941 0.042336 0.3608 0.3686 0.3882
v -0.004296 0.101874 0.011691 0.3608 0.3686 0.3882
v -0.117067 0.110816 0.042336 0.3608 0.3686 0.3882
v -0.003478 0.094172 0.011691 0.3608 0.3686 0.3882
v 0.056572 0.100396 0.013430 0.3608 0.3686 0.3882
v 0.053883 0.125709 0.043992 0.3608 0.3686 0.3882
v 0.055575 0.109778 0.013430 0.3608 0.3686 0.3882
v -0.116723 0.107584 0.043992 0.3608 0.3686 0.3882
v 0.001687 0.094565 0.013430 0.3608 0.3686 0.3882
v 0.054263 0.122127 0.044563 0.3608 0.3686 0.3882
v 0.055195 0.113354 0.013430 0.3608 0.3686 0.3882
v -0.116343 0.104001 0.044563 0.3608 0.3686 0.3882
v 0.054644 0.118544 0.043992 0.3608 0.3686 0.3882
v -0.001751 0.106341 0.012700 0.3608 0.3686 0.3882
v -0.003459 0.103946 0.012044 0.3608 0.3686 0.3882
v -0.115962 0.100419 0.043992 0.3608 0.3686 0.3882
v 0.000310 0.107523 0.013430 0.3608 0.3686 0.3882
v -0.115619 0.097187 0.042336 0.3608 0.3686 0.3882
v -0.115346 0.094622 0.039757 0.3608 0.3686 0.3882
v -0.115171 0.092976 0.036507 0.3608 0.3686 0.3882
v -0.041964 0.100180 0.032904 0.3608 0.3686 0.3882
v -0.042025 0.100747 0.029302 0.3608 0.3686 0.3882
v -0.042200 0.102394 0.026052 0.3608 0.3686 0.3882
v -0.042472 0.104958 0.023473 0.3608 0.3686 0.3882
v -0.042815 0.108190 0.021817 0.3608 0.3686 0.3882
v 0.054987 0.115313 0.042336 0.3608 0.3686 0.3882
v -0.042472 0.104958 0.042336 0.3608 0.3686 0.3882
v -0.042200 0.102394 0.039757 0.3608 0.3686 0.3882
v -0.042025 0.100747 0.036507 0.3608 0.3686 0.3882
v -0.043577 0.115355 0.021817 0.3608 0.3686 0.3882
v -0.043196 0.111773 0.021246 0.3608 0.3686 0.3882
v 0.056572 0.100396 0.025452 0.3608 0.3686 0.3882
v -0.040896 0.090119 0.024582 0.3608 0.3686 0.3882
v -0.041448 0.095318 0.031116 0.3608 0.3686 0.3882
v -0.027147 0.092373 0.014640 0.3608 0.3686 0.3882
v -0.027859 0.099078 0.014640 0.3608 0.3686 0.3882
v -0.039245 0.091088 0.014640 0.3608 0.3686 0.3882
v -0.039957 0.097793 0.014640 0.3608 0.3686 0.3882
v -0.027147 0.092373 0.007545 0.3608 0.3686 0.3882
v -0.027859 0.099078 0.007545 0.3608 0.3686 0.3882
v -0.039245 0.091088 0.007545 0.3608 0.3686 0.3882
v -0.039957 0.097793 0.007545 0.3608 0.3686 0.3882
v -0.038403 0.101474 0.003088 0.3608 0.3686 0.3882
v -0.037321 0.091292 0.003088 0.3608 0.3686 0.3882
v -0.029843 0.092087 0.003088 0.3608 0.3686 0.3882
v -0.030925 0.102268 0.003088 0.3608 0.3686 0.3882
v -0.037423 0.101578 -0.001783 0.3608 0.3686 0.3882
v -0.036341 0.091397 -0.001783 0.3608 0.3686 0.3882
v -0.030523 0.092015 -0.001783 0.3608 0.3686 0.3882
v -0.031605 0.102196 -0.001783 0.3608 0.3686 0.3882
v -0.037423 0.101578 -0.007017 0.3608 0.3686 0.3882
v -0.036341 0.091397 -0.007017 0.3608 0.3686 0.3882
v -0.030953 0.091969 -0.007017 0.3608 0.3686 0.3882
v -0.032034 0.102150 -0.007017 0.3608 0.3686 0.3882
v -0.038295 0.101485 -0.010800 0.3608 0.3686 0.3882
v -0.037214 0.091304 -0.010800 0.3608 0.3686 0.3882
v -0.032227 0.091834 -0.010800 0.3608 0.3686 0.3882
v -0.033308 0.102015 -0.010800 0.3608 0.3686 0.3882
v -0.039596 0.101347 -0.014375 0.3608 0.3686 0.3882
v -0.038514 0.091166 -0.014375 0.3608 0.3686 0.3882
v -0.033803 0.091666 -0.014375 0.3608 0.3686 0.3882
v -0.034885 0.101848 -0.014375 0.3608 0.3686 0.3882
v -0.037237 0.093435 -0.017174 0.3608 0.3686 0.3882
v -0.038151 0.091204 -0.015052 0.3608 0.3686 0.3882
v -0.037277 0.092364 -0.016889 0.3608 0.3686 0.3882
v -0.037612 0.091547 -0.016113 0.3608 0.3686 0.3882
v -0.034146 0.091630 -0.015052 0.3608 0.3686 0.3882
v -0.035443 0.093625 -0.017174 0.3608 0.3686 0.3882
v -0.034713 0.091855 -0.016113 0.3608 0.3686 0.3882
v -0.035187 0.092586 -0.016889 0.3608 0.3686 0.3882
v -0.038816 0.101430 -0.015829 0.3608 0.3686 0.3882
v -0.037952 0.100169 -0.017174 0.3608 0.3686 0.3882
v -0.038436 0.101289 -0.016501 0.3608 0.3686 0.3882
v -0.038120 0.100828 -0.016993 0.3608 0.3686 0.3882
v -0.036159 0.100360 -0.017174 0.3608 0.3686 0.3882
v -0.035621 0.101769 -0.015829 0.3608 0.3686 0.3882
v -0.036139 0.101038 -0.016993 0.3608 0.3686 0.3882
v -0.035942 0.101554 -0.016501 0.3608 0.3686 0.3882
v -0.042639 0.084779 0.021355 0.3608 0.3686 0.3882
v -0.041806 0.076936 0.032904 0.3608 0.3686 0.3882
v -0.041007 0.093437 0.030166 0.3608 0.3686 0.3882
v -0.043020 0.088361 0.021926 0.3608 0.3686 0.3882
v -0.040958 0.092981 0.028156 0.3608 0.3686 0.3882
v -0.041869 0.077533 0.029887 0.3608 0.3686 0.3882
v -0.040822 0.091703 0.026545 0.3608 0.3686 0.3882
v -0.043363 0.091593 0.023582 0.3608 0.3686 0.3882
v -0.040626 0.089856 0.025650 0.3608 0.3686 0.3882
v -0.042050 0.079233 0.027328 0.3608 0.3686 0.3882
v -0.040408 0.087807 0.025650 0.3608 0.3686 0.3882
v -0.043635 0.094157 0.026161 0.3608 0.3686 0.3882
v -0.042320 0.081777 0.025619 0.3608 0.3686 0.3882
v -0.040212 0.085960 0.026545 0.3608 0.3686 0.3882
v -0.043810 0.095804 0.029411 0.3608 0.3686 0.3882
v -0.042639 0.084779 0.025018 0.3608 0.3686 0.3882
v -0.039975 0.083722 0.027177 0.3608 0.3686 0.3882
v -0.043871 0.096372 0.033014 0.3608 0.3686 0.3882
v -0.039721 0.081335 0.028333 0.3608 0.3686 0.3882
v -0.039545 0.079683 0.030416 0.3608 0.3686 0.3882
v -0.043409 0.092024 0.035922 0.3608 0.3686 0.3882
v -0.039483 0.079093 0.033014 0.3608 0.3686 0.3882
v -0.043228 0.090324 0.038481 0.3608 0.3686 0.3882
v -0.040822 0.091703 0.033787 0.3608 0.3686 0.3882
v -0.042958 0.087779 0.040190 0.3608 0.3686 0.3882
v -0.039545 0.079683 0.035611 0.3608 0.3686 0.3882
v -0.042639 0.084779 0.040791 0.3608 0.3686 0.3882
v -0.040958 0.092981 0.032175 0.3608 0.3686 0.3882
v -0.042320 0.081777 0.040190 0.3608 0.3686 0.3882
v -0.039721 0.081335 0.037694 0.3608 0.3686 0.3882
v -0.042050 0.079233 0.038481 0.3608 0.3686 0.3882
v -0.041869 0.077533 0.035922 0.3608 0.3686 0.3882
v -0.039975 0.083722 0.038851 0.3608 0.3686 0.3882
v -0.041603 0.075031 0.032904 0.3608 0.3686 0.3882
v -0.041603 0.075031 0.029887 0.3608 0.3686 0.3882
v -0.040256 0.086371 0.038851 0.3608 0.3686 0.3882
v -0.041603 0.075031 0.035922 0.3608 0.3686 0.3882
v -0.040510 0.088758 0.037694 0.3608 0.3686 0.3882
v -0.042958 0.087779 0.041901 0.3608 0.3686 0.3882
v -0.042639 0.084779 0.041901 0.3608 0.3686 0.3882
v -0.042320 0.081777 0.041901 0.3608 0.3686 0.3882
v -0.040685 0.090410 0.035611 0.3608 0.3686 0.3882
v -0.043817 0.095866 0.036506 0.3608 0.3686 0.3882
v -0.024609 0.086694 0.021355 0.3608 0.3686 0.3882
v -0.024989 0.090276 0.021926 0.3608 0.3686 0.3882
v -0.023839 0.079449 0.029887 0.3608 0.3686 0.3882
v -0.025333 0.093508 0.023582 0.3608 0.3686 0.3882
v -0.024020 0.081149 0.027328 0.3608 0.3686 0.3882
v -0.025605 0.096073 0.026161 0.3608 0.3686 0.3882
v -0.024290 0.083693 0.025619 0.3608 0.3686 0.3882
v -0.025780 0.097720 0.029411 0.3608 0.3686 0.3882
v -0.024609 0.086694 0.025018 0.3608 0.3686 0.3882
v -0.025840 0.098287 0.033014 0.3608 0.3686 0.3882
v -0.025378 0.093939 0.035922 0.3608 0.3686 0.3882
v -0.025198 0.092239 0.038481 0.3608 0.3686 0.3882
v -0.024928 0.089695 0.040190 0.3608 0.3686 0.3882
v -0.024290 0.083693 0.040190 0.3608 0.3686 0.3882
v -0.024020 0.081149 0.038481 0.3608 0.3686 0.3882
v -0.023839 0.079449 0.035922 0.3608 0.3686 0.3882
v -0.023573 0.076946 0.032904 0.3608 0.3686 0.3882
v -0.023573 0.076946 0.029887 0.3608 0.3686 0.3882
v -0.023573 0.076946 0.035922 0.3608 0.3686 0.3882
v -0.024928 0.089695 0.041901 0.3608 0.3686 0.3882
v -0.024609 0.086694 0.041901 0.3608 0.3686 0.3882
v -0.024290 0.083693 0.041901 0.3608 0.3686 0.3882
v -0.025787 0.097782 0.036506 0.3608 0.3686 0.3882
v -0.042069 0.079414 0.030416 0.3608 0.3686 0.3882
v -0.042498 0.083454 0.038851 0.3608 0.3686 0.3882
v -0.042245 0.081066 0.037694 0.3608 0.3686 0.3882
v -0.043209 0.090142 0.035611 0.3608 0.3686 0.3882
v -0.042780 0.086103 0.038851 0.3608 0.3686 0.3882
v -0.042069 0.079414 0.035611 0.3608 0.3686 0.3882
v -0.042007 0.078825 0.033014 0.3608 0.3686 0.3882
v -0.042245 0.081066 0.028333 0.3608 0.3686 0.3882
v -0.043033 0.088490 0.037694 0.3608 0.3686 0.3882
v -0.042498 0.083454 0.027177 0.3608 0.3686 0.3882
v -0.042932 0.087539 0.025650 0.3608 0.3686 0.3882
v -0.043150 0.089588 0.025650 0.3608 0.3686 0.3882
v -0.043241 0.090448 0.034265 0.3608 0.3686 0.3882
v -0.043346 0.091435 0.033787 0.3608 0.3686 0.3882
v -0.042683 0.085191 0.027177 0.3608 0.3686 0.3882
v -0.042736 0.085692 0.026545 0.3608 0.3686 0.3882
v -0.043346 0.091435 0.026545 0.3608 0.3686 0.3882
v -0.043482 0.092713 0.028156 0.3608 0.3686 0.3882
v -0.043530 0.093169 0.030166 0.3608 0.3686 0.3882
v -0.043482 0.092713 0.032175 0.3608 0.3686 0.3882
v -0.040159 0.085459 0.027177 0.3608 0.3686 0.3882
v -0.040718 0.090716 0.034265 0.3608 0.3686 0.3882
v -0.466500 0.077259 0.025529 0.5882 0.3725 0.1765
v -0.465791 0.074985 0.025529 0.5882 0.3725 0.1765
v -0.464266 0.073156 0.025529 0.5882 0.3725 0.1765
v -0.459785 0.071834 0.025529 0.5882 0.3725 0.1765
v -0.455682 0.074068 0.025529 0.5882 0.3725 0.1765
v -0.454360 0.078549 0.025529 0.5882 0.3725 0.1765
v -0.455069 0.080823 0.025529 0.5882 0.3725 0.1765
v -0.456594 0.082652 0.025529 0.5882 0.3725 0.1765
v -0.458703 0.083758 0.025529 0.5882 0.3725 0.1765
v -0.461075 0.083974 0.025529 0.5882 0.3725 0.1765
v -0.465178 0.081740 0.025529 0.5882 0.3725 0.1765
v -0.466500 0.077259 0.032904 0.5882 0.3725 0.1765
v -0.465791 0.074985 0.032904 0.5882 0.3725 0.1765
v -0.464266 0.073156 0.032904 0.5882 0.3725 0.1765
v -0.462157 0.072049 0.032904 0.5882 0.3725 0.1765
v -0.455682 0.074068 0.032904 0.5882 0.3725 0.1765
v -0.454360 0.078549 0.032904 0.5882 0.3725 0.1765
v -0.455069 0.080823 0.032904 0.5882 0.3725 0.1765
v -0.456594 0.082652 0.032904 0.5882 0.3725 0.1765
v -0.458703 0.083758 0.032904 0.5882 0.3725 0.1765
v -0.461075 0.083974 0.032904 0.5882 0.3725 0.1765
v -0.466284 0.079631 0.025529 0.5882 0.3725 0.1765
v -0.463348 0.083265 0.025529 0.5882 0.3725 0.1765
v -0.454575 0.076177 0.025529 0.5882 0.3725 0.1765
v -0.457511 0.072543 0.025529 0.5882 0.3725 0.1765
v -0.462157 0.072049 0.025529 0.5882 0.3725 0.1765
v -0.466284 0.079631 0.032904 0.5882 0.3725 0.1765
v -0.465178 0.081740 0.032904 0.5882 0.3725 0.1765
v -0.463348 0.083265 0.032904 0.5882 0.3725 0.1765
v -0.454575 0.076177 0.032904 0.5882 0.3725 0.1765
v -0.457511 0.072543 0.032904 0.5882 0.3725 0.1765
v -0.459785 0.071834 0.032904 0.5882 0.3725 0.1765
v -0.466500 0.077259 0.040280 0.5882 0.3725 0.1765
v -0.465791 0.074985 0.040280 0.5882 0.3725 0.1765
v -0.464266 0.073156 0.040280 0.5882 0.3725 0.1765
v -0.459785 0.071834 0.040280 0.5882 0.3725 0.1765
v -0.455682 0.074068 0.040280 0.5882 0.3725 0.1765
v -0.454360 0.078549 0.040280 0.5882 0.3725 0.1765
v -0.455069 0.080823 0.040280 0.5882 0.3725 0.1765
v -0.456594 0.082652 0.040280 0.5882 0.3725 0.1765
v -0.458703 0.083758 0.040280 0.5882 0.3725 0.1765
v -0.461075 0.083974 0.040280 0.5882 0.3725 0.1765
v -0.465178 0.081740 0.040280 0.5882 0.3725 0.1765
v -0.466284 0.079631 0.040280 0.5882 0.3725 0.1765
v -0.463348 0.083265 0.040280 0.5882 0.3725 0.1765
v -0.454575 0.076177 0.040280 0.5882 0.3725 0.1765
v -0.457511 0.072543 0.040280 0.5882 0.3725 0.1765
v -0.462157 0.072049 0.040280 0.5882 0.3725 0.1765
v -0.240088 0.049332 0.032904 0.5882 0.3725 0.1765
v -0.240066 0.049124 0.033955 0.5882 0.3725 0.1765
v -0.240003 0.048532 0.034847 0.5882 0.3725 0.1765
v -0.239909 0.047646 0.035442 0.5882 0.3725 0.1765
v -0.239798 0.046601 0.035651 0.5882 0.3725 0.1765
v -0.239687 0.045556 0.035442 0.5882 0.3725 0.1765
v -0.239593 0.044670 0.034847 0.5882 0.3725 0.1765
v -0.239530 0.044078 0.033955 0.5882 0.3725 0.1765
v -0.239508 0.043870 0.032904 0.5882 0.3725 0.1765
v -0.239530 0.044078 0.031853 0.5882 0.3725 0.1765
v -0.239593 0.044670 0.030962 0.5882 0.3725 0.1765
v -0.239687 0.045556 0.030367 0.5882 0.3725 0.1765
v -0.239798 0.046601 0.030158 0.5882 0.3725 0.1765
v -0.239909 0.047646 0.030367 0.5882 0.3725 0.1765
v -0.240003 0.048532 0.030962 0.5882 0.3725 0.1765
v -0.240066 0.049124 0.031853 0.5882 0.3725 0.1765
v -0.452845 0.026728 0.032904 0.5882 0.3725 0.1765
v -0.452823 0.026521 0.033955 0.5882 0.3725 0.1765
v -0.452760 0.025928 0.034847 0.5882 0.3725 0.1765
v -0.452666 0.025042 0.035442 0.5882 0.3725 0.1765
v -0.452555 0.023997 0.035651 0.5882 0.3725 0.1765
v -0.452444 0.022952 0.035442 0.5882 0.3725 0.1765
v -0.452350 0.022066 0.034847 0.5882 0.3725 0.1765
v -0.452287 0.021474 0.033955 0.5882 0.3725 0.1765
v -0.452265 0.021266 0.032904 0.5882 0.3725 0.1765
v -0.452287 0.021474 0.031853 0.5882 0.3725 0.1765
v -0.452350 0.022066 0.030962 0.5882 0.3725 0.1765
v -0.452444 0.022952 0.030367 0.5882 0.3725 0.1765
v -0.452555 0.023997 0.030158 0.5882 0.3725 0.1765
v -0.452666 0.025042 0.030367 0.5882 0.3725 0.1765
v -0.452760 0.025928 0.030962 0.5882 0.3725 0.1765
v -0.452823 0.026521 0.031853 0.5882 0.3725 0.1765
v -0.461300 0.026574 0.032904 0.5882 0.3725 0.1765
v -0.461272 0.026310 0.034239 0.5882 0.3725 0.1765
v -0.452895 0.027200 0.034239 0.5882 0.3725 0.1765
v -0.461192 0.025559 0.035370 0.5882 0.3725 0.1765
v -0.452815 0.026449 0.035370 0.5882 0.3725 0.1765
v -0.461072 0.024434 0.036125 0.5882 0.3725 0.1765
v -0.452696 0.025324 0.036125 0.5882 0.3725 0.1765
v -0.460931 0.023107 0.036391 0.5882 0.3725 0.1765
v -0.452555 0.023997 0.036391 0.5882 0.3725 0.1765
v -0.460791 0.021781 0.036125 0.5882 0.3725 0.1765
v -0.452414 0.022671 0.036125 0.5882 0.3725 0.1765
v -0.460671 0.020656 0.035370 0.5882 0.3725 0.1765
v -0.452295 0.021546 0.035370 0.5882 0.3725 0.1765
v -0.460591 0.019905 0.034239 0.5882 0.3725 0.1765
v -0.452215 0.020795 0.034239 0.5882 0.3725 0.1765
v -0.460563 0.019641 0.032904 0.5882 0.3725 0.1765
v -0.452187 0.020530 0.032904 0.5882 0.3725 0.1765
v -0.460591 0.019905 0.031570 0.5882 0.3725 0.1765
v -0.452215 0.020795 0.031570 0.5882 0.3725 0.1765
v -0.460671 0.020656 0.030439 0.5882 0.3725 0.1765
v -0.452295 0.021546 0.030439 0.5882 0.3725 0.1765
v -0.460791 0.021781 0.029684 0.5882 0.3725 0.1765
v -0.452414 0.022671 0.029684 0.5882 0.3725 0.1765
v -0.460931 0.023107 0.029418 0.5882 0.3725 0.1765
v -0.452555 0.023997 0.029418 0.5882 0.3725 0.1765
v -0.461072 0.024434 0.029684 0.5882 0.3725 0.1765
v -0.452696 0.025324 0.029684 0.5882 0.3725 0.1765
v -0.461192 0.025559 0.030439 0.5882 0.3725 0.1765
v -0.452815 0.026449 0.030439 0.5882 0.3725 0.1765
v -0.461272 0.026310 0.031570 0.5882 0.3725 0.1765
v -0.452895 0.027200 0.031570 0.5882 0.3725 0.1765
v -0.452923 0.027464 0.032904 0.5882 0.3725 0.1765
v -0.113330 0.123844 0.018930 0.3608 0.3686 0.3882
v -0.113330 0.123844 0.016748 0.3608 0.3686 0.3882
v -0.112969 0.121812 0.018930 0.3608 0.3686 0.3882
v -0.112969 0.121812 0.016748 0.3608 0.3686 0.3882
v -0.111998 0.119991 0.018930 0.3608 0.3686 0.3882
v -0.111998 0.119991 0.016748 0.3608 0.3686 0.3882
v -0.110512 0.118559 0.018930 0.3608 0.3686 0.3882
v -0.082684 0.111856 0.017702 0.3608 0.3686 0.3882
v -0.110512 0.118559 0.016748 0.3608 0.3686 0.3882
v -0.087679 0.110584 0.017702 0.3608 0.3686 0.3882
v -0.084025 0.112330 0.017702 0.3608 0.3686 0.3882
v -0.085445 0.112255 0.017702 0.3608 0.3686 0.3882
v -0.086728 0.111642 0.017702 0.3608 0.3686 0.3882
v -0.099968 0.126841 0.016748 0.3608 0.3686 0.3882
v -0.101430 0.128154 0.018930 0.3608 0.3686 0.3882
v -0.101430 0.128154 0.016748 0.3608 0.3686 0.3882
v -0.102956 0.129375 0.018930 0.3608 0.3686 0.3882
v -0.102956 0.129375 0.016748 0.3608 0.3686 0.3882
v -0.104813 0.130278 0.018930 0.3608 0.3686 0.3882
v -0.104813 0.130278 0.016748 0.3608 0.3686 0.3882
v -0.106857 0.130563 0.018930 0.3608 0.3686 0.3882
v -0.106857 0.130563 0.016748 0.3608 0.3686 0.3882
v -0.108889 0.130202 0.018930 0.3608 0.3686 0.3882
v -0.108889 0.130202 0.016748 0.3608 0.3686 0.3882
v -0.110710 0.129231 0.018930 0.3608 0.3686 0.3882
v -0.110710 0.129231 0.016748 0.3608 0.3686 0.3882
v -0.112142 0.127745 0.018930 0.3608 0.3686 0.3882
v -0.112142 0.127745 0.016748 0.3608 0.3686 0.3882
v -0.113045 0.125888 0.018930 0.3608 0.3686 0.3882
v -0.113045 0.125889 0.016748 0.3608 0.3686 0.3882
v -0.078246 0.113303 0.018930 0.3608 0.3686 0.3882
v -0.078246 0.113303 0.016748 0.3608 0.3686 0.3882
v -0.079053 0.111970 0.016748 0.3608 0.3686 0.3882
v -0.079053 0.111970 0.018930 0.3608 0.3686 0.3882
v -0.108656 0.117656 0.016748 0.3608 0.3686 0.3882
v -0.108656 0.117656 0.018930 0.3608 0.3686 0.3882
v -0.085776 0.117808 0.018937 0.3608 0.3686 0.3882
v -0.085776 0.117808 0.016781 0.3608 0.3686 0.3882
v -0.086575 0.116616 0.016697 0.3608 0.3686 0.3882
v -0.099968 0.126841 0.018930 0.3608 0.3686 0.3882
v -0.086575 0.116616 0.018878 0.3608 0.3686 0.3882
v -0.103664 0.115590 0.016748 0.3608 0.3686 0.3882
v -0.097752 0.125026 0.016738 0.3608 0.3686 0.3882
v -0.097752 0.125026 0.018904 0.3608 0.3686 0.3882
v -0.103664 0.115590 0.018930 0.3608 0.3686 0.3882
v -0.090708 0.109244 0.016748 0.3608 0.3686 0.3882
v -0.090708 0.109244 0.018930 0.3608 0.3686 0.3882
v -0.103035 0.115271 0.017728 0.3608 0.3686 0.3882
v -0.086572 0.116618 0.017676 0.3608 0.3686 0.3882
v -0.097183 0.124647 0.017715 0.3608 0.3686 0.3882
v -0.090705 0.109245 0.017728 0.3608 0.3686 0.3882
v -0.078246 0.113303 0.015027 0.3608 0.3686 0.3882
v -0.080073 0.114396 0.012905 0.3608 0.3686 0.3882
v -0.078490 0.113449 0.013963 0.3608 0.3686 0.3882
v -0.079159 0.113849 0.013187 0.3608 0.3686 0.3882
v -0.080865 0.113089 0.012885 0.3608 0.3686 0.3882
v -0.079053 0.111970 0.015027 0.3608 0.3686 0.3882
v -0.079959 0.112529 0.013176 0.3608 0.3686 0.3882
v -0.079296 0.112119 0.013960 0.3608 0.3686 0.3882
v -0.083946 0.116714 0.012922 0.3608 0.3686 0.3882
v -0.085776 0.117808 0.015062 0.3608 0.3686 0.3882
v -0.084861 0.117261 0.013211 0.3608 0.3686 0.3882
v -0.085531 0.117662 0.013995 0.3608 0.3686 0.3882
v -0.086575 0.116616 0.014979 0.3608 0.3686 0.3882
v -0.084762 0.115496 0.012858 0.3608 0.3686 0.3882
v -0.086332 0.116466 0.013914 0.3608 0.3686 0.3882
v -0.085669 0.116056 0.013138 0.3608 0.3686 0.3882
v -0.080083 0.110311 0.016748 0.3608 0.3686 0.3882
v -0.080083 0.110311 0.017702 0.3608 0.3686 0.3882
v -0.088999 0.108362 0.016748 0.3608 0.3686 0.3882
v -0.088998 0.108364 0.017702 0.3608 0.3686 0.3882
v -0.084025 0.112330 0.016736 0.3608 0.3686 0.3882
v -0.085445 0.112255 0.016734 0.3608 0.3686 0.3882
v -0.087679 0.110584 0.016743 0.3608 0.3686 0.3882
v -0.082684 0.111856 0.016743 0.3608 0.3686 0.3882
v -0.086728 0.111642 0.016737 0.3608 0.3686 0.3882
v -0.085013 0.109143 0.017702 0.3608 0.3686 0.3882
v -0.085195 0.108544 0.017702 0.3608 0.3686 0.3882
v -0.084991 0.107953 0.017702 0.3608 0.3686 0.3882
v -0.084478 0.107595 0.017702 0.3608 0.3686 0.3882
v -0.083888 0.109531 0.017702 0.3608 0.3686 0.3882
v -0.083375 0.109173 0.017702 0.3608 0.3686 0.3882
v -0.084514 0.109520 0.017702 0.3608 0.3686 0.3882
v -0.083171 0.108582 0.017702 0.3608 0.3686 0.3882
v -0.083852 0.107606 0.017702 0.3608 0.3686 0.3882
v -0.083353 0.107983 0.017702 0.3608 0.3686 0.3882
v -0.084514 0.109520 0.018930 0.3608 0.3686 0.3882
v -0.083888 0.109531 0.018930 0.3608 0.3686 0.3882
v -0.083375 0.109173 0.018930 0.3608 0.3686 0.3882
v -0.085013 0.109143 0.018930 0.3608 0.3686 0.3882
v -0.084478 0.107595 0.018930 0.3608 0.3686 0.3882
v -0.083852 0.107606 0.018930 0.3608 0.3686 0.3882
v -0.083171 0.108582 0.018930 0.3608 0.3686 0.3882
v -0.083353 0.107983 0.018930 0.3608 0.3686 0.3882
v -0.084991 0.107953 0.018930 0.3608 0.3686 0.3882
v -0.085195 0.108544 0.018930 0.3608 0.3686 0.3882
v -0.084256 0.105916 0.018930 0.3608 0.3686 0.3882
v -0.082511 0.106398 0.018930 0.3608 0.3686 0.3882
v -0.083522 0.106529 0.018930 0.3608 0.3686 0.3882
v -0.083621 0.105774 0.018930 0.3608 0.3686 0.3882
v -0.082983 0.105950 0.018930 0.3608 0.3686 0.3882
v -0.082511 0.106398 0.017702 0.3608 0.3686 0.3882
v -0.084255 0.105916 0.017702 0.3608 0.3686 0.3882
v -0.082983 0.105950 0.017702 0.3608 0.3686 0.3882
v -0.083621 0.105774 0.017702 0.3608 0.3686 0.3882
v -0.026337 0.079892 0.034112 0.3608 0.3686 0.3882
v -0.026337 0.079892 0.031697 0.3608 0.3686 0.3882
v -0.026434 0.080811 0.029467 0.3608 0.3686 0.3882
v -0.026615 0.082508 0.027760 0.3608 0.3686 0.3882
v -0.026850 0.084726 0.026836 0.3608 0.3686 0.3882
v -0.027105 0.087127 0.026836 0.3608 0.3686 0.3882
v -0.027341 0.089345 0.027760 0.3608 0.3686 0.3882
v -0.027521 0.091043 0.029467 0.3608 0.3686 0.3882
v -0.027619 0.091962 0.031697 0.3608 0.3686 0.3882
v -0.027619 0.091962 0.034112 0.3608 0.3686 0.3882
v -0.027521 0.091043 0.036342 0.3608 0.3686 0.3882
v -0.027341 0.089345 0.038049 0.3608 0.3686 0.3882
v -0.027105 0.087127 0.038973 0.3608 0.3686 0.3882
v -0.026850 0.084726 0.038973 0.3608 0.3686 0.3882
v -0.026615 0.082508 0.038049 0.3608 0.3686 0.3882
v -0.026434 0.080811 0.036342 0.3608 0.3686 0.3882
v -0.025937 0.076131 0.032904 0.5882 0.3725 0.1765
v -0.026113 0.077782 0.027432 0.5882 0.3725 0.1765
v -0.026775 0.084016 0.023243 0.5882 0.3725 0.1765
v -0.026978 0.085927 0.023054 0.5882 0.3725 0.1765
v -0.027181 0.087838 0.023243 0.5882 0.3725 0.1765
v -0.027376 0.089675 0.023804 0.5882 0.3725 0.1765
v -0.027714 0.092853 0.025939 0.5882 0.3725 0.1765
v -0.027843 0.094071 0.027432 0.5882 0.3725 0.1765
v -0.027939 0.094976 0.029135 0.5882 0.3725 0.1765
v -0.027999 0.095534 0.030983 0.3608 0.3686 0.3882
v -0.028019 0.095722 0.032904 0.5882 0.3725 0.1765
v -0.027843 0.094071 0.038377 0.5882 0.3725 0.1765
v -0.027556 0.091369 0.041095 0.5882 0.3725 0.1765
v -0.026978 0.085927 0.042755 0.5882 0.3725 0.1765
v -0.026580 0.082178 0.042005 0.5882 0.3725 0.1765
v -0.026400 0.080485 0.041095 0.5882 0.3725 0.1765
v -0.026242 0.079000 0.039870 0.5882 0.3725 0.1765
v -0.026016 0.076877 0.036674 0.5882 0.3725 0.1765
v -0.025957 0.076319 0.030983 0.5882 0.3725 0.1765
v -0.026016 0.076877 0.029135 0.3608 0.3686 0.3882
v -0.026242 0.079000 0.025939 0.5882 0.3725 0.1765
v -0.026400 0.080485 0.024714 0.5882 0.3725 0.1765
v -0.026580 0.082178 0.023804 0.5882 0.3725 0.1765
v -0.027556 0.091369 0.024714 0.5882 0.3725 0.1765
v -0.027999 0.095534 0.034826 0.5882 0.3725 0.1765
v -0.027939 0.094976 0.036674 0.3608 0.3686 0.3882
v -0.027714 0.092853 0.039870 0.5882 0.3725 0.1765
v -0.027376 0.089675 0.042005 0.5882 0.3725 0.1765
v -0.027181 0.087838 0.042566 0.5882 0.3725 0.1765
v -0.026775 0.084016 0.042566 0.5882 0.3725 0.1765
v -0.026113 0.077782 0.038377 0.5882 0.3725 0.1765
v -0.025957 0.076319 0.034826 0.5882 0.3725 0.1765
v -0.465425 0.029630 0.030983 0.5882 0.3725 0.1765
v -0.465484 0.030187 0.029135 0.5882 0.3725 0.1765
v -0.465580 0.031093 0.027432 0.5882 0.3725 0.1765
v -0.465709 0.032311 0.025939 0.5882 0.3725 0.1765
v -0.465867 0.033795 0.024714 0.5882 0.3725 0.1765
v -0.466047 0.035489 0.023804 0.5882 0.3725 0.1765
v -0.466242 0.037326 0.023243 0.5882 0.3725 0.1765
v -0.466445 0.039237 0.023054 0.5882 0.3725 0.1765
v -0.466648 0.041148 0.023243 0.5882 0.3725 0.1765
v -0.466843 0.042986 0.023804 0.5882 0.3725 0.1765
v -0.467023 0.044679 0.024714 0.5882 0.3725 0.1765
v -0.467181 0.046164 0.025939 0.5882 0.3725 0.1765
v -0.467310 0.047382 0.027432 0.5882 0.3725 0.1765
v -0.467407 0.048287 0.029135 0.5882 0.3725 0.1765
v -0.467466 0.048844 0.030983 0.5882 0.3725 0.1765
v -0.467486 0.049033 0.032904 0.5882 0.3725 0.1765
v -0.467466 0.048844 0.034826 0.5882 0.3725 0.1765
v -0.467407 0.048287 0.036674 0.5882 0.3725 0.1765
v -0.467310 0.047382 0.038377 0.5882 0.3725 0.1765
v -0.467181 0.046164 0.039870 0.5882 0.3725 0.1765
v -0.467023 0.044679 0.041095 0.5882 0.3725 0.1765
v -0.466843 0.042986 0.042005 0.5882 0.3725 0.1765
v -0.466648 0.041148 0.042566 0.5882 0.3725 0.1765
v -0.466445 0.039237 0.042755 0.5882 0.3725 0.1765
v -0.466242 0.037326 0.042566 0.5882 0.3725 0.1765
v -0.466047 0.035489 0.042005 0.5882 0.3725 0.1765
v -0.465867 0.033795 0.041095 0.5882 0.3725 0.1765
v -0.465709 0.032311 0.039870 0.5882 0.3725 0.1765
v -0.465580 0.031093 0.038377 0.5882 0.3725 0.1765
v -0.465484 0.030187 0.036674 0.5882 0.3725 0.1765
v -0.465425 0.029630 0.034826 0.5882 0.3725 0.1765
v -0.465405 0.029442 0.032904 0.5882 0.3725 0.1765
v -0.048406 0.089753 0.034112 0.3608 0.3686 0.3882
v -0.048406 0.089753 0.031697 0.3608 0.3686 0.3882
v -0.048309 0.088834 0.029467 0.3608 0.3686 0.3882
v -0.048128 0.087137 0.027760 0.3608 0.3686 0.3882
v -0.047892 0.084919 0.026836 0.3608 0.3686 0.3882
v -0.047638 0.082518 0.026836 0.3608 0.3686 0.3882
v -0.047402 0.080300 0.027760 0.3608 0.3686 0.3882
v -0.047222 0.078602 0.029467 0.3608 0.3686 0.3882
v -0.047124 0.077683 0.031697 0.3608 0.3686 0.3882
v -0.047124 0.077683 0.034112 0.3608 0.3686 0.3882
v -0.047222 0.078602 0.036342 0.3608 0.3686 0.3882
v -0.047402 0.080300 0.038049 0.3608 0.3686 0.3882
v -0.047638 0.082518 0.038973 0.3608 0.3686 0.3882
v -0.047892 0.084919 0.038973 0.3608 0.3686 0.3882
v -0.048128 0.087137 0.038049 0.3608 0.3686 0.3882
v -0.048309 0.088834 0.036342 0.3608 0.3686 0.3882
v -0.126499 0.121869 0.032904 0.3608 0.3686 0.3882
v -0.127334 0.122537 0.032904 0.3608 0.3686 0.3882
v -0.126457 0.121471 0.029000 0.3608 0.3686 0.3882
v -0.127290 0.122125 0.028857 0.3608 0.3686 0.3882
v -0.126341 0.120383 0.025225 0.3608 0.3686 0.3882
v -0.127171 0.121003 0.024945 0.3608 0.3686 0.3882
v -0.126149 0.118576 0.021746 0.3608 0.3686 0.3882
v -0.126972 0.119130 0.021330 0.3608 0.3686 0.3882
v -0.125888 0.116117 0.018709 0.3608 0.3686 0.3882
v -0.126701 0.116577 0.018176 0.3608 0.3686 0.3882
v -0.125569 0.113118 0.016239 0.3608 0.3686 0.3882
v -0.126370 0.113464 0.015613 0.3608 0.3686 0.3882
v -0.125204 0.109680 0.014412 0.3608 0.3686 0.3882
v -0.125991 0.109895 0.013717 0.3608 0.3686 0.3882
v -0.124809 0.105965 0.013315 0.3608 0.3686 0.3882
v -0.125578 0.106013 0.012575 0.3608 0.3686 0.3882
v -0.237970 0.109024 0.032904 0.5882 0.3725 0.1765
v -0.238589 0.108244 0.032904 0.5882 0.3725 0.1765
v -0.236399 0.094239 0.015461 0.3608 0.3686 0.3882
v -0.237081 0.094055 0.016177 0.5882 0.3725 0.1765
v -0.238568 0.108047 0.029538 0.5882 0.3725 0.1765
v -0.237948 0.108819 0.029411 0.3608 0.3686 0.3882
v -0.236799 0.098006 0.016322 0.5882 0.3725 0.1765
v -0.237464 0.097658 0.016981 0.5882 0.3725 0.1765
v -0.237144 0.101247 0.018013 0.5882 0.3725 0.1765
v -0.237796 0.100783 0.018612 0.5882 0.3725 0.1765
v -0.237430 0.103945 0.020240 0.5882 0.3725 0.1765
v -0.238071 0.103373 0.020749 0.5882 0.3725 0.1765
v -0.237666 0.106160 0.022954 0.5882 0.3725 0.1765
v -0.238297 0.105499 0.023354 0.5882 0.3725 0.1765
v -0.237840 0.107806 0.026051 0.5882 0.3725 0.1765
v -0.238465 0.107079 0.026326 0.5882 0.3725 0.1765
v -0.123101 0.089884 0.018433 0.3608 0.3686 0.3882
v -0.123142 0.090270 0.016335 0.3608 0.3686 0.3882
v -0.123259 0.091371 0.014576 0.3608 0.3686 0.3882
v -0.123434 0.093018 0.013422 0.3608 0.3686 0.3882
v -0.123776 0.089049 0.017663 0.3608 0.3686 0.3882
v -0.123817 0.089433 0.015569 0.3608 0.3686 0.3882
v -0.123933 0.090526 0.013813 0.3608 0.3686 0.3882
v -0.124107 0.092163 0.012662 0.3608 0.3686 0.3882
v -0.235871 0.082658 0.016158 0.5882 0.3725 0.1765
v -0.235667 0.080739 0.016578 0.5882 0.3725 0.1765
v -0.235494 0.079113 0.017779 0.5882 0.3725 0.1765
v -0.235154 0.082517 0.015440 0.3608 0.3686 0.3882
v -0.234950 0.080596 0.015857 0.3608 0.3686 0.3882
v -0.234777 0.078967 0.017048 0.3608 0.3686 0.3882
v -0.234661 0.077879 0.018833 0.3608 0.3686 0.3882
v -0.130702 0.088324 0.017833 0.3608 0.3686 0.3882
v -0.163843 0.084871 0.018824 0.3608 0.3686 0.3882
v -0.134867 0.093172 0.012557 0.3608 0.3686 0.3882
v -0.160782 0.090419 0.013302 0.3608 0.3686 0.3882
v -0.189991 0.087315 0.014142 0.3608 0.3686 0.3882
v -0.215906 0.084562 0.014887 0.3608 0.3686 0.3882
v -0.131679 0.091371 0.012847 0.3608 0.3686 0.3882
v -0.133153 0.092637 0.012634 0.3608 0.3686 0.3882
v -0.162346 0.089536 0.013473 0.3608 0.3686 0.3882
v -0.188277 0.086781 0.014219 0.3608 0.3686 0.3882
v -0.163501 0.088051 0.013774 0.3608 0.3686 0.3882
v -0.186858 0.085614 0.014455 0.3608 0.3686 0.3882
v -0.218581 0.082304 0.015380 0.3608 0.3686 0.3882
v -0.217469 0.083680 0.015073 0.3608 0.3686 0.3882
v -0.130859 0.089802 0.013982 0.3608 0.3686 0.3882
v -0.185994 0.084053 0.015609 0.3608 0.3686 0.3882
v -0.219122 0.080599 0.016586 0.3608 0.3686 0.3882
v -0.164000 0.086347 0.014960 0.3608 0.3686 0.3882
v -0.219019 0.079509 0.018367 0.3608 0.3686 0.3882
v -0.185878 0.082963 0.017381 0.3608 0.3686 0.3882
v -0.163884 0.085255 0.016726 0.3608 0.3686 0.3882
v -0.130743 0.088708 0.015739 0.3608 0.3686 0.3882
v -0.123537 0.093990 0.013164 0.3608 0.3686 0.3882
v -0.124268 0.093679 0.012290 0.3608 0.3686 0.3882
v -0.163843 0.084871 0.019023 0.3608 0.3686 0.3882
v -0.170497 0.084178 0.019023 0.3608 0.3686 0.3882
v -0.123776 0.089049 0.019023 0.3608 0.3686 0.3882
v -0.130702 0.088324 0.019023 0.3608 0.3686 0.3882
v -0.123101 0.089884 0.019023 0.3608 0.3686 0.3882
v -0.126127 0.118363 0.032904 0.3608 0.3686 0.3882
v -0.126021 0.117371 0.027351 0.3608 0.3686 0.3882
v -0.125769 0.114996 0.023187 0.3608 0.3686 0.3882
v -0.125007 0.107824 0.019023 0.3608 0.3686 0.3882
v -0.125447 0.111965 0.020139 0.3608 0.3686 0.3882
v -0.235414 0.078362 0.019023 0.3608 0.3686 0.3882
v -0.238291 0.105443 0.027351 0.3608 0.3686 0.3882
v -0.234844 0.077916 0.019023 0.5882 0.3725 0.1765
v -0.234658 0.077844 0.019023 0.3608 0.3686 0.3882
v -0.219007 0.079390 0.019023 0.3608 0.3686 0.3882
v -0.185846 0.082663 0.019023 0.3608 0.3686 0.3882
v -0.188277 0.086781 0.019023 0.3608 0.3686 0.3882
v -0.189991 0.087315 0.019023 0.3608 0.3686 0.3882
v -0.130860 0.089815 0.019023 0.3608 0.3686 0.3882
v -0.217469 0.083680 0.019023 0.3608 0.3686 0.3882
v -0.218581 0.082304 0.019023 0.3608 0.3686 0.3882
v -0.185878 0.082963 0.019023 0.3608 0.3686 0.3882
v -0.185994 0.084053 0.019023 0.3608 0.3686 0.3882
v -0.219122 0.080599 0.019023 0.3608 0.3686 0.3882
v -0.134867 0.093172 0.019023 0.3608 0.3686 0.3882
v -0.133153 0.092637 0.019023 0.3608 0.3686 0.3882
v -0.131687 0.091386 0.019023 0.3608 0.3686 0.3882
v -0.186858 0.085614 0.019023 0.3608 0.3686 0.3882
v -0.215906 0.084562 0.019023 0.3608 0.3686 0.3882
v -0.164001 0.086352 0.019023 0.3608 0.3686 0.3882
v -0.163499 0.088059 0.019023 0.3608 0.3686 0.3882
v -0.162346 0.089536 0.019023 0.3608 0.3686 0.3882
v -0.160782 0.090419 0.019023 0.3608 0.3686 0.3882
v -0.238397 0.106435 0.032904 0.3608 0.3686 0.3882
v -0.238039 0.103068 0.023187 0.3608 0.3686 0.3882
v -0.237277 0.095897 0.019023 0.3608 0.3686 0.3882
v -0.237717 0.100037 0.020139 0.3608 0.3686 0.3882
v -0.126457 0.121471 0.036809 0.3608 0.3686 0.3882
v -0.127290 0.122125 0.036952 0.3608 0.3686 0.3882
v -0.126341 0.120383 0.040584 0.3608 0.3686 0.3882
v -0.127171 0.121003 0.040864 0.3608 0.3686 0.3882
v -0.126149 0.118576 0.044063 0.3608 0.3686 0.3882
v -0.126972 0.119130 0.044479 0.3608 0.3686 0.3882
v -0.125888 0.116117 0.047099 0.3608 0.3686 0.3882
v -0.126701 0.116577 0.047633 0.3608 0.3686 0.3882
v -0.125569 0.113118 0.049569 0.3608 0.3686 0.3882
v -0.126370 0.113464 0.050196 0.3608 0.3686 0.3882
v -0.125204 0.109680 0.051397 0.3608 0.3686 0.3882
v -0.125991 0.109895 0.052092 0.3608 0.3686 0.3882
v -0.124809 0.105965 0.052493 0.3608 0.3686 0.3882
v -0.125578 0.106013 0.053234 0.3608 0.3686 0.3882
v -0.236399 0.094239 0.050348 0.3608 0.3686 0.3882
v -0.237081 0.094055 0.049632 0.5882 0.3725 0.1765
v -0.238568 0.108047 0.036271 0.5882 0.3725 0.1765
v -0.237948 0.108819 0.036398 0.5882 0.3725 0.1765
v -0.236799 0.098006 0.049487 0.5882 0.3725 0.1765
v -0.237464 0.097658 0.048828 0.5882 0.3725 0.1765
v -0.237144 0.101247 0.047796 0.3608 0.3686 0.3882
v -0.237796 0.100783 0.047197 0.5882 0.3725 0.1765
v -0.237430 0.103945 0.045569 0.5882 0.3725 0.1765
v -0.238071 0.103373 0.045060 0.5882 0.3725 0.1765
v -0.237666 0.106160 0.042854 0.5882 0.3725 0.1765
v -0.238297 0.105499 0.042455 0.5882 0.3725 0.1765
v -0.237840 0.107806 0.039758 0.5882 0.3725 0.1765
v -0.238465 0.107079 0.039483 0.5882 0.3725 0.1765
v -0.123101 0.089884 0.047376 0.3608 0.3686 0.3882
v -0.123142 0.090270 0.049474 0.3608 0.3686 0.3882
v -0.123259 0.091371 0.051233 0.3608 0.3686 0.3882
v -0.123434 0.093018 0.052387 0.3608 0.3686 0.3882
v -0.123776 0.089049 0.048146 0.3608 0.3686 0.3882
v -0.123817 0.089433 0.050239 0.3608 0.3686 0.3882
v -0.123933 0.090526 0.051996 0.3608 0.3686 0.3882
v -0.124107 0.092163 0.053147 0.3608 0.3686 0.3882
v -0.235871 0.082658 0.049651 0.5882 0.3725 0.1765
v -0.235667 0.080739 0.049231 0.5882 0.3725 0.1765
v -0.235494 0.079113 0.048030 0.5882 0.3725 0.1765
v -0.235154 0.082517 0.050369 0.3608 0.3686 0.3882
v -0.234950 0.080596 0.049952 0.3608 0.3686 0.3882
v -0.234777 0.078967 0.048761 0.3608 0.3686 0.3882
v -0.234661 0.077879 0.046976 0.3608 0.3686 0.3882
v -0.130702 0.088324 0.047975 0.3608 0.3686 0.3882
v -0.163843 0.084871 0.046985 0.3608 0.3686 0.3882
v -0.134867 0.093172 0.053251 0.3608 0.3686 0.3882
v -0.160782 0.090419 0.052506 0.3608 0.3686 0.3882
v -0.189991 0.087315 0.051667 0.3608 0.3686 0.3882
v -0.215906 0.084562 0.050922 0.3608 0.3686 0.3882
v -0.131679 0.091371 0.052962 0.3608 0.3686 0.3882
v -0.133153 0.092637 0.053175 0.3608 0.3686 0.3882
v -0.162346 0.089536 0.052336 0.3608 0.3686 0.3882
v -0.188277 0.086781 0.051590 0.3608 0.3686 0.3882
v -0.163501 0.088051 0.052035 0.3608 0.3686 0.3882
v -0.186858 0.085614 0.051354 0.3608 0.3686 0.3882
v -0.218581 0.082304 0.050429 0.3608 0.3686 0.3882
v -0.217469 0.083680 0.050736 0.3608 0.3686 0.3882
v -0.130859 0.089802 0.051827 0.3608 0.3686 0.3882
v -0.185994 0.084053 0.050200 0.3608 0.3686 0.3882
v -0.219122 0.080599 0.049223 0.3608 0.3686 0.3882
v -0.164000 0.086347 0.050849 0.3608 0.3686 0.3882
v -0.219019 0.079509 0.047441 0.3608 0.3686 0.3882
v -0.185878 0.082963 0.048428 0.3608 0.3686 0.3882
v -0.163884 0.085255 0.049083 0.3608 0.3686 0.3882
v -0.130743 0.088708 0.050070 0.3608 0.3686 0.3882
v -0.123537 0.093990 0.052645 0.3608 0.3686 0.3882
v -0.124268 0.093679 0.053519 0.3608 0.3686 0.3882
v -0.163843 0.084871 0.046786 0.3608 0.3686 0.3882
v -0.170497 0.084178 0.046786 0.3608 0.3686 0.3882
v -0.123776 0.089049 0.046786 0.3608 0.3686 0.3882
v -0.130702 0.088324 0.046786 0.3608 0.3686 0.3882
v -0.123101 0.089884 0.046786 0.3608 0.3686 0.3882
v -0.126021 0.117371 0.038458 0.3608 0.3686 0.3882
v -0.125769 0.114996 0.042622 0.3608 0.3686 0.3882
v -0.125007 0.107824 0.046786 0.3608 0.3686 0.3882
v -0.125447 0.111965 0.045670 0.3608 0.3686 0.3882
v -0.235414 0.078362 0.046786 0.3608 0.3686 0.3882
v -0.238291 0.105443 0.038458 0.3608 0.3686 0.3882
v -0.234844 0.077916 0.046786 0.5882 0.3725 0.1765
v -0.234658 0.077844 0.046786 0.3608 0.3686 0.3882
v -0.219007 0.079390 0.046786 0.3608 0.3686 0.3882
v -0.185846 0.082663 0.046786 0.3608 0.3686 0.3882
v -0.188277 0.086781 0.046786 0.3608 0.3686 0.3882
v -0.189991 0.087315 0.046786 0.3608 0.3686 0.3882
v -0.130860 0.089815 0.046786 0.3608 0.3686 0.3882
v -0.217469 0.083680 0.046786 0.3608 0.3686 0.3882
v -0.218581 0.082304 0.046786 0.3608 0.3686 0.3882
v -0.185878 0.082963 0.046786 0.3608 0.3686 0.3882
v -0.185994 0.084053 0.046786 0.3608 0.3686 0.3882
v -0.219122 0.080599 0.046786 0.3608 0.3686 0.3882
v -0.134867 0.093172 0.046786 0.3608 0.3686 0.3882
v -0.133153 0.092637 0.046786 0.3608 0.3686 0.3882
v -0.131687 0.091386 0.046786 0.3608 0.3686 0.3882
v -0.186858 0.085614 0.046786 0.3608 0.3686 0.3882
v -0.215906 0.084562 0.046786 0.3608 0.3686 0.3882
v -0.164001 0.086352 0.046786 0.3608 0.3686 0.3882
v -0.163499 0.088059 0.046786 0.3608 0.3686 0.3882
v -0.162346 0.089536 0.046786 0.3608 0.3686 0.3882
v -0.160782 0.090419 0.046786 0.3608 0.3686 0.3882
v -0.238039 0.103068 0.042622 0.3608 0.3686 0.3882
v -0.237277 0.095897 0.046786 0.3608 0.3686 0.3882
v -0.237717 0.100037 0.045670 0.3608 0.3686 0.3882
v 0.152452 0.094908 0.008680 0.5882 0.3725 0.1765
v 0.152452 0.094908 0.008072 0.5882 0.3725 0.1765
v 0.153286 0.092231 0.008680 0.5882 0.3725 0.1765
v 0.153286 0.092231 0.008072 0.5882 0.3725 0.1765
v 0.155081 0.090078 0.008680 0.5882 0.3725 0.1765
v 0.155081 0.090078 0.008072 0.5882 0.3725 0.1765
v 0.157564 0.088775 0.008680 0.5882 0.3725 0.1765
v 0.157564 0.088775 0.008072 0.5882 0.3725 0.1765
v 0.160357 0.088522 0.008680 0.5882 0.3725 0.1765
v 0.160357 0.088522 0.008072 0.5882 0.3725 0.1765
v 0.163033 0.089356 0.008680 0.5882 0.3725 0.1765
v 0.163033 0.089356 0.008072 0.5882 0.3725 0.1765
v 0.165187 0.091151 0.008680 0.5882 0.3725 0.1765
v 0.165187 0.091151 0.008072 0.5882 0.3725 0.1765
v 0.166490 0.093634 0.008680 0.5882 0.3725 0.1765
v 0.166490 0.093634 0.008072 0.5882 0.3725 0.1765
v 0.166743 0.096427 0.008680 0.5882 0.3725 0.1765
v 0.166743 0.096427 0.008072 0.5882 0.3725 0.1765
v 0.165909 0.099103 0.008680 0.5882 0.3725 0.1765
v 0.165909 0.099103 0.008072 0.5882 0.3725 0.1765
v 0.164114 0.101257 0.008680 0.5882 0.3725 0.1765
v 0.164114 0.101257 0.008072 0.5882 0.3725 0.1765
v 0.161631 0.102560 0.008680 0.5882 0.3725 0.1765
v 0.161631 0.102560 0.008072 0.5882 0.3725 0.1765
v 0.158838 0.102813 0.008680 0.5882 0.3725 0.1765
v 0.158838 0.102813 0.008072 0.5882 0.3725 0.1765
v 0.156162 0.101979 0.008680 0.5882 0.3725 0.1765
v 0.156162 0.101979 0.008072 0.5882 0.3725 0.1765
v 0.154008 0.100183 0.008680 0.5882 0.3725 0.1765
v 0.154008 0.100183 0.008072 0.5882 0.3725 0.1765
v 0.152705 0.097701 0.008680 0.5882 0.3725 0.1765
v 0.152705 0.097701 0.008072 0.5882 0.3725 0.1765
v 0.155274 0.093314 0.008072 0.5882 0.3725 0.1765
v 0.154703 0.095148 0.008072 0.5882 0.3725 0.1765
v 0.156504 0.091839 0.008072 0.5882 0.3725 0.1765
v 0.158205 0.090946 0.008072 0.5882 0.3725 0.1765
v 0.160117 0.090773 0.008072 0.5882 0.3725 0.1765
v 0.161951 0.091344 0.008072 0.5882 0.3725 0.1765
v 0.163426 0.092574 0.008072 0.5882 0.3725 0.1765
v 0.164318 0.094275 0.008072 0.5882 0.3725 0.1765
v 0.164492 0.096188 0.008072 0.5882 0.3725 0.1765
v 0.163920 0.098021 0.008072 0.5882 0.3725 0.1765
v 0.162691 0.099496 0.008072 0.5882 0.3725 0.1765
v 0.160990 0.100389 0.008072 0.5882 0.3725 0.1765
v 0.159077 0.100562 0.008072 0.5882 0.3725 0.1765
v 0.157244 0.099991 0.008072 0.5882 0.3725 0.1765
v 0.155769 0.098761 0.008072 0.5882 0.3725 0.1765
v 0.154876 0.097060 0.008072 0.5882 0.3725 0.1765
v 0.156483 0.093972 0.007213 0.5882 0.3725 0.1765
v 0.156071 0.095293 0.007213 0.5882 0.3725 0.1765
v 0.157369 0.092909 0.007213 0.5882 0.3725 0.1765
v 0.158594 0.092266 0.007213 0.5882 0.3725 0.1765
v 0.159972 0.092141 0.007213 0.5882 0.3725 0.1765
v 0.161293 0.092553 0.007213 0.5882 0.3725 0.1765
v 0.162356 0.093439 0.007213 0.5882 0.3725 0.1765
v 0.162999 0.094664 0.007213 0.5882 0.3725 0.1765
v 0.163124 0.096042 0.007213 0.5882 0.3725 0.1765
v 0.162712 0.097363 0.007213 0.5882 0.3725 0.1765
v 0.161826 0.098426 0.007213 0.5882 0.3725 0.1765
v 0.160601 0.099069 0.007213 0.5882 0.3725 0.1765
v 0.159223 0.099194 0.007213 0.5882 0.3725 0.1765
v 0.157902 0.098782 0.007213 0.5882 0.3725 0.1765
v 0.156839 0.097896 0.007213 0.5882 0.3725 0.1765
v 0.156196 0.096671 0.007213 0.5882 0.3725 0.1765
v 0.158473 0.097621 0.006712 0.5882 0.3725 0.1765
v 0.157884 0.096173 0.006637 0.5882 0.3725 0.1765
v 0.157592 0.094637 0.006712 0.5882 0.3725 0.1765
v 0.160074 0.097283 0.006625 0.5882 0.3725 0.1765
v 0.159597 0.095668 0.006534 0.5882 0.3725 0.1765
v 0.159121 0.094052 0.006625 0.5882 0.3725 0.1765
v 0.161602 0.096698 0.006712 0.5882 0.3725 0.1765
v 0.161311 0.095162 0.006637 0.5882 0.3725 0.1765
v 0.160722 0.093714 0.006712 0.5882 0.3725 0.1765
v 0.081384 0.024633 0.041461 0.3608 0.3686 0.3882
v 0.083115 0.014577 0.034392 0.3608 0.3686 0.3882
v 0.082125 0.020326 0.041408 0.3608 0.3686 0.3882
v 0.082512 0.018080 0.040865 0.3608 0.3686 0.3882
v 0.082795 0.016439 0.039158 0.3608 0.3686 0.3882
v 0.082999 0.015254 0.036805 0.3608 0.3686 0.3882
v 0.083115 0.014577 0.031417 0.3608 0.3686 0.3882
v 0.080852 0.027720 0.024348 0.3608 0.3686 0.3882
v 0.082999 0.015254 0.029003 0.3608 0.3686 0.3882
v 0.082795 0.016439 0.026651 0.3608 0.3686 0.3882
v 0.082512 0.018080 0.024944 0.3608 0.3686 0.3882
v 0.082125 0.020326 0.024401 0.3608 0.3686 0.3882
v 0.075992 0.055942 0.038513 0.3608 0.3686 0.3882
v 0.076493 0.053037 0.041461 0.3608 0.3686 0.3882
v 0.076541 0.054532 0.041147 0.3608 0.3686 0.3882
v 0.077623 0.053231 0.024348 0.3608 0.3686 0.3882
v 0.075992 0.055942 0.027296 0.3608 0.3686 0.3882
v 0.076778 0.054582 0.024743 0.3608 0.3686 0.3882
v 0.076218 0.055580 0.025822 0.3608 0.3686 0.3882
v 0.079262 0.015721 0.034369 0.3608 0.3686 0.3882
v 0.081813 0.014353 0.034392 0.3608 0.3686 0.3882
v 0.080110 0.014738 0.034385 0.3608 0.3686 0.3882
v 0.078364 0.020936 0.039179 0.3608 0.3686 0.3882
v 0.080614 0.021320 0.041461 0.3608 0.3686 0.3882
v 0.079023 0.021047 0.040793 0.3608 0.3686 0.3882
v 0.079169 0.016261 0.036521 0.3608 0.3686 0.3882
v 0.081697 0.015030 0.036805 0.3608 0.3686 0.3882
v 0.079994 0.015413 0.036722 0.3608 0.3686 0.3882
v 0.079013 0.017171 0.038007 0.3608 0.3686 0.3882
v 0.081493 0.016215 0.039158 0.3608 0.3686 0.3882
v 0.079799 0.016540 0.038821 0.3608 0.3686 0.3882
v 0.078861 0.018051 0.038789 0.3608 0.3686 0.3882
v 0.081210 0.017856 0.040865 0.3608 0.3686 0.3882
v 0.079563 0.017914 0.040257 0.3608 0.3686 0.3882
v 0.078519 0.020039 0.039132 0.3608 0.3686 0.3882
v 0.080823 0.020101 0.041408 0.3608 0.3686 0.3882
v 0.079219 0.019910 0.040741 0.3608 0.3686 0.3882
v 0.078364 0.020936 0.026630 0.3608 0.3686 0.3882
v 0.080614 0.021320 0.024348 0.3608 0.3686 0.3882
v 0.079023 0.021047 0.025016 0.3608 0.3686 0.3882
v 0.079262 0.015721 0.031440 0.3608 0.3686 0.3882
v 0.081813 0.014353 0.031417 0.3608 0.3686 0.3882
v 0.080110 0.014738 0.031424 0.3608 0.3686 0.3882
v 0.078571 0.019734 0.026657 0.3608 0.3686 0.3882
v 0.080823 0.020101 0.024401 0.3608 0.3686 0.3882
v 0.079219 0.019910 0.025068 0.3608 0.3686 0.3882
v 0.078833 0.018211 0.026891 0.3608 0.3686 0.3882
v 0.081210 0.017856 0.024944 0.3608 0.3686 0.3882
v 0.079563 0.017914 0.025552 0.3608 0.3686 0.3882
v 0.079031 0.017066 0.027538 0.3608 0.3686 0.3882
v 0.081493 0.016215 0.026651 0.3608 0.3686 0.3882
v 0.079799 0.016540 0.026988 0.3608 0.3686 0.3882
v 0.079169 0.016261 0.029288 0.3608 0.3686 0.3882
v 0.081697 0.015030 0.029003 0.3608 0.3686 0.3882
v 0.079994 0.015413 0.029087 0.3608 0.3686 0.3882
v 0.072993 0.052129 0.039179 0.3608 0.3686 0.3882
v 0.075191 0.052812 0.041461 0.3608 0.3686 0.3882
v 0.073615 0.052452 0.040793 0.3608 0.3686 0.3882
v 0.072829 0.053082 0.038213 0.3608 0.3686 0.3882
v 0.074690 0.055718 0.038513 0.3608 0.3686 0.3882
v 0.073214 0.054785 0.038425 0.3608 0.3686 0.3882
v 0.072892 0.052714 0.039020 0.3608 0.3686 0.3882
v 0.074941 0.054265 0.041066 0.3608 0.3686 0.3882
v 0.073409 0.053650 0.040467 0.3608 0.3686 0.3882
v 0.072856 0.052925 0.038806 0.3608 0.3686 0.3882
v 0.074778 0.055210 0.040079 0.3608 0.3686 0.3882
v 0.073269 0.054464 0.039641 0.3608 0.3686 0.3882
v 0.072829 0.053082 0.027596 0.3608 0.3686 0.3882
v 0.074690 0.055718 0.027296 0.3608 0.3686 0.3882
v 0.073214 0.054785 0.027384 0.3608 0.3686 0.3882
v 0.072993 0.052129 0.026630 0.3608 0.3686 0.3882
v 0.075191 0.052812 0.024348 0.3608 0.3686 0.3882
v 0.073615 0.052452 0.025016 0.3608 0.3686 0.3882
v 0.072856 0.052925 0.027003 0.3608 0.3686 0.3882
v 0.074758 0.055329 0.025822 0.3608 0.3686 0.3882
v 0.073269 0.054464 0.026168 0.3608 0.3686 0.3882
v 0.072892 0.052714 0.026789 0.3608 0.3686 0.3882
v 0.074941 0.054265 0.024743 0.3608 0.3686 0.3882
v 0.073409 0.053650 0.025342 0.3608 0.3686 0.3882
v 0.080852 0.027720 0.027296 0.3608 0.3686 0.3882
v 0.081384 0.024633 0.038513 0.3608 0.3686 0.3882
v 0.076159 0.055562 0.040318 0.3608 0.3686 0.3882
v 0.091120 0.036960 0.041461 0.3608 0.3686 0.3882
v 0.091975 0.031997 0.041461 0.3608 0.3686 0.3882
v 0.091120 0.036960 0.038513 0.3608 0.3686 0.3882
v 0.091975 0.031997 0.038513 0.3608 0.3686 0.3882
v 0.084303 0.028560 0.041461 0.3608 0.3686 0.3882
v 0.089086 0.031500 0.041461 0.3608 0.3686 0.3882
v 0.086451 0.030426 0.041461 0.3608 0.3686 0.3882
v 0.089086 0.031500 0.038513 0.3608 0.3686 0.3882
v 0.084303 0.028560 0.038513 0.3608 0.3686 0.3882
v 0.086451 0.030426 0.038513 0.3608 0.3686 0.3882
v 0.086793 0.040046 0.041461 0.3608 0.3686 0.3882
v 0.082592 0.044557 0.041461 0.3608 0.3686 0.3882
v 0.082642 0.044587 0.038513 0.3608 0.3686 0.3882
v 0.086793 0.040046 0.038513 0.3608 0.3686 0.3882
v 0.086012 0.039007 0.024348 0.3608 0.3686 0.3882
v 0.085667 0.033845 0.024348 0.3608 0.3686 0.3882
v 0.086548 0.037327 0.024348 0.3608 0.3686 0.3882
v 0.086422 0.035438 0.024348 0.3608 0.3686 0.3882
v 0.085667 0.033845 0.027296 0.3608 0.3686 0.3882
v 0.086009 0.039005 0.027296 0.3608 0.3686 0.3882
v 0.086422 0.035438 0.027296 0.3608 0.3686 0.3882
v 0.086547 0.037326 0.027296 0.3608 0.3686 0.3882
v 0.082693 0.026806 0.041461 0.3608 0.3686 0.3882
v 0.082693 0.026806 0.038513 0.3608 0.3686 0.3882
v 0.222186 0.057075 0.032904 0.5882 0.3725 0.1765
v 0.201425 -0.038806 0.032904 0.5882 0.3725 0.1765
v 0.210230 -0.047002 0.032904 0.5882 0.3725 0.1765
v 0.247613 -0.016563 0.032904 0.5882 0.3725 0.1765
v 0.248445 -0.027466 0.032904 0.5882 0.3725 0.1765
v 0.170674 0.025814 0.032904 0.5882 0.3725 0.1765
v 0.161604 0.034097 0.032904 0.5882 0.3725 0.1765
v 0.220776 0.053894 0.032904 0.5882 0.3725 0.1765
v 0.218501 0.049646 0.032904 0.5882 0.3725 0.1765
v 0.220545 0.034560 0.032904 0.5882 0.3725 0.1765
v 0.218769 0.038812 0.032904 0.5882 0.3725 0.1765
v 0.217733 0.044042 0.032904 0.5882 0.3725 0.1765
v 0.165624 0.032623 0.032904 0.5882 0.3725 0.1765
v 0.168807 0.029179 0.032904 0.5882 0.3725 0.1765
v 0.208665 0.059333 0.050429 0.5882 0.3725 0.1765
v 0.222186 0.057075 0.040043 0.5882 0.3725 0.1765
v 0.213840 0.058469 0.049638 0.5882 0.3725 0.1765
v 0.218226 0.057737 0.047387 0.5882 0.3725 0.1765
v 0.221157 0.057247 0.044017 0.5882 0.3725 0.1765
v 0.236361 -0.022111 0.050429 0.5882 0.3725 0.1765
v 0.247613 -0.016563 0.040043 0.5882 0.3725 0.1765
v 0.240460 -0.020571 0.049638 0.5882 0.3725 0.1765
v 0.244219 -0.018465 0.047387 0.5882 0.3725 0.1765
v 0.246731 -0.017057 0.044017 0.5882 0.3725 0.1765
v 0.201425 -0.038806 0.040043 0.5882 0.3725 0.1765
v 0.212999 -0.030694 0.050429 0.5882 0.3725 0.1765
v 0.202424 -0.038557 0.044017 0.5882 0.3725 0.1765
v 0.205194 -0.036457 0.047387 0.5882 0.3725 0.1765
v 0.209337 -0.033266 0.049638 0.5882 0.3725 0.1765
v 0.210230 -0.047002 0.040043 0.5882 0.3725 0.1765
v 0.214904 -0.038730 0.049638 0.5882 0.3725 0.1765
v 0.212776 -0.043072 0.047387 0.5882 0.3725 0.1765
v 0.211289 -0.045974 0.044017 0.5882 0.3725 0.1765
v 0.248524 -0.027321 0.040043 0.5882 0.3725 0.1765
v 0.247457 -0.027165 0.044017 0.5882 0.3725 0.1765
v 0.244312 -0.026910 0.047387 0.5882 0.3725 0.1765
v 0.239696 -0.026366 0.049638 0.5882 0.3725 0.1765
v 0.220545 0.034560 0.040043 0.5882 0.3725 0.1765
v 0.208509 0.028933 0.050429 0.5882 0.3725 0.1765
v 0.219629 0.034132 0.044017 0.5882 0.3725 0.1765
v 0.217020 0.032912 0.047387 0.5882 0.3725 0.1765
v 0.213115 0.031086 0.049638 0.5882 0.3725 0.1765
v 0.207439 0.056863 0.050429 0.5882 0.3725 0.1765
v 0.220776 0.053894 0.040043 0.5882 0.3725 0.1765
v 0.212445 0.055697 0.049638 0.5882 0.3725 0.1765
v 0.216514 0.054171 0.047387 0.5882 0.3725 0.1765
v 0.219867 0.054338 0.044017 0.5882 0.3725 0.1765
v 0.205672 0.053811 0.050429 0.5882 0.3725 0.1765
v 0.218501 0.049646 0.040043 0.5882 0.3725 0.1765
v 0.210582 0.052217 0.049638 0.5882 0.3725 0.1765
v 0.214744 0.050866 0.047387 0.5882 0.3725 0.1765
v 0.217525 0.049963 0.044017 0.5882 0.3725 0.1765
v 0.168974 0.045392 0.050429 0.5882 0.3725 0.1765
v 0.165505 0.041035 0.049638 0.5882 0.3725 0.1765
v 0.161934 0.037983 0.047387 0.5882 0.3725 0.1765
v 0.158561 0.036602 0.044017 0.5882 0.3725 0.1765
v 0.182352 0.032127 0.050429 0.5882 0.3725 0.1765
v 0.170674 0.025814 0.040043 0.5882 0.3725 0.1765
v 0.177883 0.029712 0.049638 0.5882 0.3725 0.1765
v 0.174094 0.027663 0.047387 0.5882 0.3725 0.1765
v 0.171563 0.026295 0.044017 0.5882 0.3725 0.1765
v 0.161842 0.034010 0.040043 0.5882 0.3725 0.1765
v 0.172082 0.043135 0.050429 0.5882 0.3725 0.1765
v 0.162644 0.034793 0.044017 0.5882 0.3725 0.1765
v 0.165319 0.036612 0.047387 0.5882 0.3725 0.1765
v 0.168932 0.039345 0.049638 0.5882 0.3725 0.1765
v 0.204278 0.043644 0.050429 0.5882 0.3725 0.1765
v 0.217733 0.044042 0.040043 0.5882 0.3725 0.1765
v 0.209427 0.043796 0.049638 0.5882 0.3725 0.1765
v 0.213792 0.043925 0.047387 0.5882 0.3725 0.1765
v 0.216709 0.044012 0.044017 0.5882 0.3725 0.1765
v 0.206005 0.034924 0.050429 0.5882 0.3725 0.1765
v 0.218769 0.038812 0.040043 0.5882 0.3725 0.1765
v 0.210889 0.036412 0.049638 0.5882 0.3725 0.1765
v 0.215030 0.037673 0.047387 0.5882 0.3725 0.1765
v 0.217797 0.038516 0.044017 0.5882 0.3725 0.1765
v 0.176183 0.040759 0.050429 0.5882 0.3725 0.1765
v 0.165624 0.032623 0.040043 0.5882 0.3725 0.1765
v 0.172078 0.037715 0.049638 0.5882 0.3725 0.1765
v 0.168607 0.035124 0.047387 0.5882 0.3725 0.1765
v 0.166201 0.033488 0.044017 0.5882 0.3725 0.1765
v 0.179642 0.037015 0.050429 0.5882 0.3725 0.1765
v 0.168807 0.029179 0.040043 0.5882 0.3725 0.1765
v 0.175496 0.034016 0.049638 0.5882 0.3725 0.1765
v 0.171981 0.031474 0.047387 0.5882 0.3725 0.1765
v 0.169632 0.029775 0.044017 0.5882 0.3725 0.1765
v 0.205880 -0.045218 0.032904 0.5882 0.3725 0.1765
v 0.203247 -0.042711 0.032904 0.5882 0.3725 0.1765
v 0.203246 -0.042709 0.040043 0.5882 0.3725 0.1765
v 0.205883 -0.045219 0.040043 0.5882 0.3725 0.1765
v 0.213660 -0.033580 0.050429 0.5882 0.3725 0.1765
v 0.215604 -0.034914 0.050429 0.5882 0.3725 0.1765
v 0.203992 -0.041918 0.044017 0.5882 0.3725 0.1765
v 0.206675 -0.044345 0.044017 0.5882 0.3725 0.1765
v 0.206248 -0.039599 0.047387 0.5882 0.3725 0.1765
v 0.208879 -0.041990 0.047387 0.5882 0.3725 0.1765
v 0.210408 -0.036294 0.049638 0.5882 0.3725 0.1765
v 0.212471 -0.038162 0.049638 0.5882 0.3725 0.1765
v 0.201071 -0.032159 0.032904 0.5882 0.3725 0.1765
v 0.200099 -0.028703 0.032904 0.5882 0.3725 0.1765
v 0.213194 -0.025013 0.050429 0.5882 0.3725 0.1765
v 0.213539 -0.028651 0.050429 0.5882 0.3725 0.1765
v 0.200099 -0.028702 0.040043 0.5882 0.3725 0.1765
v 0.201071 -0.032160 0.040043 0.5882 0.3725 0.1765
v 0.208182 -0.026423 0.049638 0.5882 0.3725 0.1765
v 0.209157 -0.029892 0.049638 0.5882 0.3725 0.1765
v 0.203933 -0.027620 0.047387 0.5882 0.3725 0.1765
v 0.204908 -0.031085 0.047387 0.5882 0.3725 0.1765
v 0.201095 -0.028420 0.044017 0.5882 0.3725 0.1765
v 0.202068 -0.031881 0.044017 0.5882 0.3725 0.1765
v 0.249237 -0.019852 0.032904 0.5882 0.3725 0.1765
v 0.249690 -0.023098 0.032904 0.5882 0.3725 0.1765
v 0.236094 -0.025626 0.050429 0.5882 0.3725 0.1765
v 0.249706 -0.023105 0.040043 0.5882 0.3725 0.1765
v 0.249239 -0.019852 0.040043 0.5882 0.3725 0.1765
v 0.240948 -0.025042 0.049638 0.5882 0.3725 0.1765
v 0.240721 -0.021865 0.049638 0.5882 0.3725 0.1765
v 0.245786 -0.023995 0.047387 0.5882 0.3725 0.1765
v 0.245259 -0.021039 0.047387 0.5882 0.3725 0.1765
v 0.248903 -0.023317 0.044017 0.5882 0.3725 0.1765
v 0.248194 -0.020088 0.044017 0.5882 0.3725 0.1765
v 0.246163 -0.032738 0.032904 0.5882 0.3725 0.1765
v 0.238781 -0.039762 0.032904 0.5882 0.3725 0.1765
v 0.242807 -0.036913 0.032904 0.5882 0.3725 0.1765
v 0.238779 -0.039763 0.040043 0.5882 0.3725 0.1765
v 0.246164 -0.032735 0.040043 0.5882 0.3725 0.1765
v 0.242806 -0.036913 0.040043 0.5882 0.3725 0.1765
v 0.229081 -0.029807 0.050429 0.5882 0.3725 0.1765
v 0.232968 -0.028157 0.050429 0.5882 0.3725 0.1765
v 0.245432 -0.031969 0.044017 0.5882 0.3725 0.1765
v 0.238036 -0.039007 0.044017 0.5882 0.3725 0.1765
v 0.242070 -0.036153 0.044017 0.5882 0.3725 0.1765
v 0.242774 -0.030717 0.047387 0.5882 0.3725 0.1765
v 0.235930 -0.036851 0.047387 0.5882 0.3725 0.1765
v 0.239864 -0.034476 0.047387 0.5882 0.3725 0.1765
v 0.238380 -0.028566 0.049638 0.5882 0.3725 0.1765
v 0.232784 -0.033621 0.049638 0.5882 0.3725 0.1765
v 0.236727 -0.031239 0.049638 0.5882 0.3725 0.1765
v 0.229835 -0.044137 0.032904 0.5882 0.3725 0.1765
v 0.218896 -0.046861 0.032904 0.5882 0.3725 0.1765
v 0.224496 -0.046024 0.032904 0.5882 0.3725 0.1765
v 0.216665 -0.035110 0.050429 0.5882 0.3725 0.1765
v 0.226565 -0.030901 0.050429 0.5882 0.3725 0.1765
v 0.221521 -0.033228 0.050429 0.5882 0.3725 0.1765
v 0.218894 -0.046861 0.040043 0.5882 0.3725 0.1765
v 0.229837 -0.044136 0.040043 0.5882 0.3725 0.1765
v 0.224496 -0.046024 0.040043 0.5882 0.3725 0.1765
v 0.227823 -0.035963 0.049638 0.5882 0.3725 0.1765
v 0.216840 -0.038698 0.049638 0.5882 0.3725 0.1765
v 0.222463 -0.037858 0.049638 0.5882 0.3725 0.1765
v 0.228885 -0.040256 0.047387 0.5882 0.3725 0.1765
v 0.217916 -0.042988 0.047387 0.5882 0.3725 0.1765
v 0.223531 -0.042149 0.047387 0.5882 0.3725 0.1765
v 0.229591 -0.043127 0.044017 0.5882 0.3725 0.1765
v 0.218638 -0.045854 0.044017 0.5882 0.3725 0.1765
v 0.224245 -0.045016 0.044017 0.5882 0.3725 0.1765
v 0.158260 0.035604 0.040043 0.5882 0.3725 0.1765
v 0.158260 0.035602 0.032904 0.5882 0.3725 0.1765
v 0.158255 0.036267 0.042284 0.5882 0.3725 0.1765
v 0.168211 0.048123 0.050429 0.5882 0.3725 0.1765
v 0.163081 0.045981 0.049638 0.5882 0.3725 0.1765
v 0.164162 0.042931 0.049638 0.5882 0.3725 0.1765
v 0.158975 0.043399 0.047387 0.5882 0.3725 0.1765
v 0.160101 0.040386 0.047387 0.5882 0.3725 0.1765
v 0.156251 0.041431 0.044017 0.5882 0.3725 0.1765
v 0.157320 0.038382 0.044017 0.5882 0.3725 0.1765
v 0.157018 0.037804 0.042284 0.5882 0.3725 0.1765
v 0.155863 0.040781 0.042284 0.5882 0.3725 0.1765
v 0.221180 0.063931 0.032904 0.5882 0.3725 0.1765
v 0.221622 0.063592 0.032904 0.5882 0.3725 0.1765
v 0.167512 0.053871 0.050429 0.5882 0.3725 0.1765
v 0.167496 0.054321 0.050107 0.5882 0.3725 0.1765
v 0.162604 0.053453 0.049334 0.5882 0.3725 0.1765
v 0.162481 0.053008 0.049638 0.5882 0.3725 0.1765
v 0.158226 0.052307 0.047387 0.5882 0.3725 0.1765
v 0.158486 0.052761 0.047154 0.5882 0.3725 0.1765
v 0.155733 0.052292 0.043891 0.5882 0.3725 0.1765
v 0.155385 0.051808 0.044017 0.5882 0.3725 0.1765
v 0.208483 0.061586 0.050429 0.5882 0.3725 0.1765
v 0.208424 0.061906 0.050113 0.5882 0.3725 0.1765
v 0.221177 0.063952 0.040011 0.5882 0.3725 0.1765
v 0.221622 0.063592 0.040043 0.5882 0.3725 0.1765
v 0.213318 0.062728 0.049334 0.5882 0.3725 0.1765
v 0.213516 0.062315 0.049638 0.5882 0.3725 0.1765
v 0.217770 0.063048 0.047387 0.5882 0.3725 0.1765
v 0.217444 0.063394 0.047154 0.5882 0.3725 0.1765
v 0.220200 0.063816 0.043891 0.5882 0.3725 0.1765
v 0.220620 0.063464 0.044017 0.5882 0.3725 0.1765
v 0.156525 0.051930 0.032904 0.5882 0.3725 0.1765
v 0.156888 0.052413 0.032904 0.5882 0.3725 0.1765
v 0.155414 0.052215 0.042607 0.5882 0.3725 0.1765
v 0.154949 0.051741 0.042284 0.5882 0.3725 0.1765
v 0.156888 0.052414 0.040041 0.5882 0.3725 0.1765
v 0.156525 0.051930 0.040043 0.5882 0.3725 0.1765
v 0.156966 0.052398 0.042607 0.5882 0.3725 0.1765
v 0.156590 0.051937 0.042284 0.5882 0.3725 0.1765
v 0.208665 0.059333 0.015380 0.5882 0.3725 0.1765
v 0.222186 0.057075 0.025766 0.5882 0.3725 0.1765
v 0.213840 0.058469 0.016171 0.5882 0.3725 0.1765
v 0.218226 0.057737 0.018422 0.5882 0.3725 0.1765
v 0.221157 0.057247 0.021792 0.5882 0.3725 0.1765
v 0.236361 -0.022111 0.015380 0.5882 0.3725 0.1765
v 0.247613 -0.016563 0.025766 0.5882 0.3725 0.1765
v 0.240460 -0.020571 0.016171 0.5882 0.3725 0.1765
v 0.244219 -0.018465 0.018422 0.5882 0.3725 0.1765
v 0.246731 -0.017057 0.021792 0.5882 0.3725 0.1765
v 0.201425 -0.038806 0.025766 0.5882 0.3725 0.1765
v 0.212999 -0.030694 0.015380 0.5882 0.3725 0.1765
v 0.202424 -0.038557 0.021792 0.5882 0.3725 0.1765
v 0.205194 -0.036457 0.018422 0.5882 0.3725 0.1765
v 0.209337 -0.033266 0.016171 0.5882 0.3725 0.1765
v 0.210230 -0.047002 0.025766 0.5882 0.3725 0.1765
v 0.214904 -0.038730 0.016171 0.5882 0.3725 0.1765
v 0.212776 -0.043072 0.018422 0.5882 0.3725 0.1765
v 0.211289 -0.045974 0.021792 0.5882 0.3725 0.1765
v 0.248524 -0.027321 0.025766 0.5882 0.3725 0.1765
v 0.247457 -0.027165 0.021792 0.5882 0.3725 0.1765
v 0.244312 -0.026910 0.018422 0.5882 0.3725 0.1765
v 0.239696 -0.026366 0.016171 0.5882 0.3725 0.1765
v 0.220545 0.034560 0.025766 0.5882 0.3725 0.1765
v 0.208509 0.028933 0.015380 0.5882 0.3725 0.1765
v 0.219629 0.034132 0.021792 0.5882 0.3725 0.1765
v 0.217020 0.032912 0.018422 0.5882 0.3725 0.1765
v 0.213115 0.031086 0.016171 0.5882 0.3725 0.1765
v 0.207439 0.056863 0.015380 0.5882 0.3725 0.1765
v 0.220776 0.053894 0.025766 0.5882 0.3725 0.1765
v 0.212445 0.055697 0.016171 0.5882 0.3725 0.1765
v 0.216514 0.054171 0.018422 0.5882 0.3725 0.1765
v 0.219867 0.054338 0.021792 0.5882 0.3725 0.1765
v 0.205672 0.053811 0.015380 0.5882 0.3725 0.1765
v 0.218501 0.049646 0.025766 0.5882 0.3725 0.1765
v 0.210582 0.052217 0.016171 0.5882 0.3725 0.1765
v 0.214744 0.050866 0.018422 0.5882 0.3725 0.1765
v 0.217525 0.049963 0.021792 0.5882 0.3725 0.1765
v 0.168974 0.045392 0.015380 0.5882 0.3725 0.1765
v 0.165505 0.041035 0.016171 0.5882 0.3725 0.1765
v 0.161934 0.037983 0.018422 0.5882 0.3725 0.1765
v 0.158561 0.036602 0.021792 0.5882 0.3725 0.1765
v 0.182352 0.032127 0.015380 0.5882 0.3725 0.1765
v 0.170674 0.025814 0.025766 0.5882 0.3725 0.1765
v 0.177883 0.029712 0.016171 0.5882 0.3725 0.1765
v 0.174094 0.027663 0.018422 0.5882 0.3725 0.1765
v 0.171563 0.026295 0.021792 0.5882 0.3725 0.1765
v 0.161842 0.034010 0.025766 0.5882 0.3725 0.1765
v 0.172082 0.043135 0.015380 0.5882 0.3725 0.1765
v 0.162644 0.034793 0.021792 0.5882 0.3725 0.1765
v 0.165319 0.036612 0.018422 0.5882 0.3725 0.1765
v 0.168932 0.039345 0.016171 0.5882 0.3725 0.1765
v 0.204278 0.043644 0.015380 0.5882 0.3725 0.1765
v 0.217733 0.044042 0.025766 0.5882 0.3725 0.1765
v 0.209427 0.043796 0.016171 0.5882 0.3725 0.1765
v 0.213792 0.043925 0.018422 0.5882 0.3725 0.1765
v 0.216709 0.044012 0.021792 0.5882 0.3725 0.1765
v 0.206005 0.034924 0.015380 0.5882 0.3725 0.1765
v 0.218769 0.038812 0.025766 0.5882 0.3725 0.1765
v 0.210889 0.036412 0.016171 0.5882 0.3725 0.1765
v 0.215030 0.037673 0.018422 0.5882 0.3725 0.1765
v 0.217797 0.038516 0.021792 0.5882 0.3725 0.1765
v 0.176183 0.040759 0.015380 0.5882 0.3725 0.1765
v 0.165624 0.032623 0.025766 0.5882 0.3725 0.1765
v 0.172078 0.037715 0.016171 0.5882 0.3725 0.1765
v 0.168607 0.035124 0.018422 0.5882 0.3725 0.1765
v 0.166201 0.033488 0.021792 0.5882 0.3725 0.1765
v 0.179642 0.037015 0.015380 0.5882 0.3725 0.1765
v 0.168807 0.029179 0.025766 0.5882 0.3725 0.1765
v 0.175496 0.034017 0.016171 0.5882 0.3725 0.1765
v 0.171981 0.031474 0.018422 0.5882 0.3725 0.1765
v 0.169632 0.029775 0.021792 0.5882 0.3725 0.1765
v 0.203246 -0.042709 0.025766 0.5882 0.3725 0.1765
v 0.205883 -0.045219 0.025766 0.5882 0.3725 0.1765
v 0.213660 -0.033580 0.015380 0.5882 0.3725 0.1765
v 0.215604 -0.034914 0.015380 0.5882 0.3725 0.1765
v 0.203992 -0.041918 0.021792 0.5882 0.3725 0.1765
v 0.206675 -0.044345 0.021792 0.5882 0.3725 0.1765
v 0.206248 -0.039599 0.018422 0.5882 0.3725 0.1765
v 0.208879 -0.041990 0.018422 0.5882 0.3725 0.1765
v 0.210408 -0.036294 0.016171 0.5882 0.3725 0.1765
v 0.212471 -0.038162 0.016171 0.5882 0.3725 0.1765
v 0.213194 -0.025013 0.015380 0.5882 0.3725 0.1765
v 0.213539 -0.028651 0.015380 0.5882 0.3725 0.1765
v 0.200099 -0.028702 0.025766 0.5882 0.3725 0.1765
v 0.201071 -0.032160 0.025766 0.5882 0.3725 0.1765
v 0.208182 -0.026423 0.016171 0.5882 0.3725 0.1765
v 0.209157 -0.029892 0.016171 0.5882 0.3725 0.1765
v 0.203933 -0.027620 0.018422 0.5882 0.3725 0.1765
v 0.204908 -0.031085 0.018422 0.5882 0.3725 0.1765
v 0.201095 -0.028420 0.021792 0.5882 0.3725 0.1765
v 0.202068 -0.031881 0.021792 0.5882 0.3725 0.1765
v 0.236094 -0.025626 0.015380 0.5882 0.3725 0.1765
v 0.249706 -0.023105 0.025766 0.5882 0.3725 0.1765
v 0.249239 -0.019852 0.025766 0.5882 0.3725 0.1765
v 0.240948 -0.025042 0.016171 0.5882 0.3725 0.1765
v 0.240721 -0.021865 0.016171 0.5882 0.3725 0.1765
v 0.245786 -0.023995 0.018422 0.5882 0.3725 0.1765
v 0.245259 -0.021039 0.018422 0.5882 0.3725 0.1765
v 0.248903 -0.023317 0.021792 0.5882 0.3725 0.1765
v 0.248194 -0.020088 0.021792 0.5882 0.3725 0.1765
v 0.238779 -0.039763 0.025766 0.5882 0.3725 0.1765
v 0.246164 -0.032735 0.025766 0.5882 0.3725 0.1765
v 0.242806 -0.036913 0.025766 0.5882 0.3725 0.1765
v 0.229081 -0.029807 0.015380 0.5882 0.3725 0.1765
v 0.232968 -0.028157 0.015380 0.5882 0.3725 0.1765
v 0.245432 -0.031969 0.021792 0.5882 0.3725 0.1765
v 0.238036 -0.039007 0.021792 0.5882 0.3725 0.1765
v 0.242070 -0.036153 0.021792 0.5882 0.3725 0.1765
v 0.242774 -0.030717 0.018422 0.5882 0.3725 0.1765
v 0.235930 -0.036851 0.018422 0.5882 0.3725 0.1765
v 0.239864 -0.034476 0.018422 0.5882 0.3725 0.1765
v 0.238380 -0.028566 0.016171 0.5882 0.3725 0.1765
v 0.232784 -0.033621 0.016171 0.5882 0.3725 0.1765
v 0.236727 -0.031239 0.016171 0.5882 0.3725 0.1765
v 0.216665 -0.035110 0.015380 0.5882 0.3725 0.1765
v 0.226565 -0.030901 0.015380 0.5882 0.3725 0.1765
v 0.221521 -0.033228 0.015380 0.5882 0.3725 0.1765
v 0.218894 -0.046861 0.025766 0.5882 0.3725 0.1765
v 0.229837 -0.044136 0.025766 0.5882 0.3725 0.1765
v 0.224496 -0.046024 0.025766 0.5882 0.3725 0.1765
v 0.227823 -0.035963 0.016171 0.5882 0.3725 0.1765
v 0.216840 -0.038698 0.016171 0.5882 0.3725 0.1765
v 0.222463 -0.037858 0.016171 0.5882 0.3725 0.1765
v 0.228885 -0.040256 0.018422 0.5882 0.3725 0.1765
v 0.217916 -0.042988 0.018422 0.5882 0.3725 0.1765
v 0.223531 -0.042149 0.018422 0.5882 0.3725 0.1765
v 0.229591 -0.043127 0.021792 0.5882 0.3725 0.1765
v 0.218637 -0.045854 0.021792 0.5882 0.3725 0.1765
v 0.224245 -0.045016 0.021792 0.5882 0.3725 0.1765
v 0.158260 0.035604 0.025766 0.5882 0.3725 0.1765
v 0.158255 0.036267 0.023525 0.5882 0.3725 0.1765
v 0.168211 0.048123 0.015380 0.5882 0.3725 0.1765
v 0.163081 0.045981 0.016171 0.5882 0.3725 0.1765
v 0.164162 0.042931 0.016171 0.5882 0.3725 0.1765
v 0.158975 0.043399 0.018422 0.5882 0.3725 0.1765
v 0.160101 0.040386 0.018422 0.5882 0.3725 0.1765
v 0.156251 0.041431 0.021792 0.5882 0.3725 0.1765
v 0.157320 0.038382 0.021792 0.5882 0.3725 0.1765
v 0.157018 0.037804 0.023525 0.5882 0.3725 0.1765
v 0.155863 0.040781 0.023525 0.5882 0.3725 0.1765
v 0.167512 0.053871 0.015380 0.5882 0.3725 0.1765
v 0.167496 0.054321 0.015702 0.5882 0.3725 0.1765
v 0.162604 0.053453 0.016475 0.5882 0.3725 0.1765
v 0.162481 0.053008 0.016171 0.5882 0.3725 0.1765
v 0.158226 0.052307 0.018422 0.5882 0.3725 0.1765
v 0.158486 0.052761 0.018655 0.5882 0.3725 0.1765
v 0.155733 0.052292 0.021918 0.5882 0.3725 0.1765
v 0.155385 0.051808 0.021792 0.5882 0.3725 0.1765
v 0.208483 0.061586 0.015380 0.5882 0.3725 0.1765
v 0.208424 0.061906 0.015696 0.5882 0.3725 0.1765
v 0.221177 0.063952 0.025798 0.5882 0.3725 0.1765
v 0.221622 0.063592 0.025766 0.5882 0.3725 0.1765
v 0.213318 0.062728 0.016475 0.5882 0.3725 0.1765
v 0.213516 0.062315 0.016171 0.5882 0.3725 0.1765
v 0.217770 0.063048 0.018422 0.5882 0.3725 0.1765
v 0.217444 0.063394 0.018655 0.5882 0.3725 0.1765
v 0.220200 0.063816 0.021918 0.5882 0.3725 0.1765
v 0.220620 0.063464 0.021792 0.5882 0.3725 0.1765
v 0.155414 0.052215 0.023202 0.5882 0.3725 0.1765
v 0.154949 0.051741 0.023525 0.5882 0.3725 0.1765
v 0.156888 0.052414 0.025768 0.5882 0.3725 0.1765
v 0.156525 0.051930 0.025766 0.5882 0.3725 0.1765
v 0.156966 0.052398 0.023202 0.5882 0.3725 0.1765
v 0.156590 0.051937 0.023525 0.5882 0.3725 0.1765
v 0.338028 0.121821 0.023116 0.2039 0.2078 0.2235
v 0.330697 0.104702 0.011607 0.2039 0.2078 0.2235
v 0.337906 0.120053 0.019283 0.2039 0.2078 0.2235
v 0.337642 0.116212 0.015173 0.2039 0.2078 0.2235
v 0.334622 0.111237 0.012977 0.2039 0.2078 0.2235
v 0.323144 0.104658 0.011607 0.2039 0.2078 0.2235
v 0.328784 0.119151 0.023315 0.2039 0.2078 0.2235
v 0.324818 0.111145 0.013631 0.2039 0.2078 0.2235
v 0.327061 0.115053 0.016058 0.2039 0.2078 0.2235
v 0.328714 0.117912 0.019803 0.2039 0.2078 0.2235
v 0.327334 0.104741 0.011607 0.2039 0.2078 0.2235
v 0.333375 0.121110 0.023142 0.2039 0.2078 0.2235
v 0.329996 0.111310 0.013004 0.2039 0.2078 0.2235
v 0.332089 0.116143 0.015495 0.2039 0.2078 0.2235
v 0.333272 0.119426 0.019362 0.2039 0.2078 0.2235
v 0.311332 0.100777 0.011789 0.2039 0.2078 0.2235
v 0.312334 0.112185 0.024422 0.5882 0.3725 0.1765
v 0.441423 0.063298 0.016768 0.2039 0.2078 0.2235
v 0.311720 0.105198 0.013492 0.5882 0.3725 0.1765
v 0.312049 0.108945 0.016391 0.5882 0.3725 0.1765
v 0.441473 0.059882 0.015860 0.2039 0.2078 0.2235
v 0.312269 0.111449 0.020889 0.5882 0.3725 0.1765
v 0.444680 0.065079 0.016752 0.2039 0.2078 0.2235
v 0.321619 0.114778 0.023926 0.2039 0.2078 0.2235
v 0.318285 0.103263 0.011607 0.2039 0.2078 0.2235
v 0.448056 0.064236 0.015844 0.2039 0.2078 0.2235
v 0.321069 0.113944 0.020280 0.2039 0.2078 0.2235
v 0.319646 0.110932 0.016234 0.2039 0.2078 0.2235
v 0.319224 0.107750 0.013310 0.2039 0.2078 0.2235
v 0.442855 0.063507 0.016768 0.2039 0.2078 0.2235
v 0.313970 0.101317 0.011660 0.2039 0.2078 0.2235
v 0.444244 0.060288 0.015860 0.2039 0.2078 0.2235
v 0.316992 0.112806 0.024293 0.2039 0.2078 0.2235
v 0.315188 0.105769 0.013363 0.2039 0.2078 0.2235
v 0.443266 0.063833 0.016768 0.2039 0.2078 0.2235
v 0.315457 0.109383 0.016296 0.2039 0.2078 0.2235
v 0.316262 0.111947 0.020219 0.2039 0.2078 0.2235
v 0.312346 0.112328 0.032904 0.5882 0.3725 0.1765
v 0.446078 0.061739 0.015860 0.2039 0.2078 0.2235
v 0.338086 0.122664 0.032904 0.2039 0.2078 0.2235
v 0.333425 0.121835 0.032904 0.2039 0.2078 0.2235
v 0.445194 0.069473 0.016752 0.2039 0.2078 0.2235
v 0.328816 0.119726 0.032904 0.2039 0.2078 0.2235
v 0.321637 0.114991 0.032904 0.2039 0.2078 0.2235
v 0.448673 0.069516 0.015844 0.2039 0.2078 0.2235
v 0.317005 0.112950 0.032904 0.2039 0.2078 0.2235
v 0.312274 0.112873 0.027440 0.5882 0.3725 0.1765
v 0.442433 0.071949 0.016768 0.2039 0.2078 0.2235
v 0.333334 0.122088 0.026800 0.2039 0.2078 0.2235
v 0.337992 0.122859 0.026787 0.2039 0.2078 0.2235
v 0.443269 0.075260 0.015860 0.2039 0.2078 0.2235
v 0.328734 0.120054 0.026887 0.2039 0.2078 0.2235
v 0.321563 0.115500 0.027192 0.2039 0.2078 0.2235
v 0.444103 0.071003 0.016768 0.2039 0.2078 0.2235
v 0.316933 0.113494 0.027376 0.2039 0.2078 0.2235
v 0.492142 0.089601 0.015625 0.2039 0.2078 0.2235
v 0.447322 0.072392 0.015860 0.2039 0.2078 0.2235
v 0.491674 0.043034 0.016183 0.2039 0.2078 0.2235
v 0.492050 0.080520 0.015579 0.2039 0.2078 0.2235
v 0.443778 0.071414 0.016768 0.2039 0.2078 0.2235
v 0.491642 0.048756 0.015572 0.2039 0.2078 0.2235
v 0.445872 0.074227 0.015860 0.2039 0.2078 0.2235
v 0.227712 0.081607 0.016246 0.5882 0.3725 0.1765
v 0.227567 0.074039 0.024484 0.5882 0.3725 0.1765
v 0.227686 0.078547 0.017559 0.5882 0.3725 0.1765
v 0.350168 0.076109 0.016783 0.2039 0.2078 0.2235
v 0.228178 0.075894 0.019296 0.5882 0.3725 0.1765
v 0.227630 0.074420 0.021693 0.5882 0.3725 0.1765
v 0.346689 0.076066 0.015877 0.2039 0.2078 0.2235
v 0.229139 0.106790 0.015653 0.5882 0.3725 0.1765
v 0.352931 0.073633 0.016768 0.2039 0.2078 0.2235
v 0.229489 0.114388 0.022176 0.5882 0.3725 0.1765
v 0.229429 0.112598 0.018901 0.5882 0.3725 0.1765
v 0.229305 0.109931 0.016896 0.5882 0.3725 0.1765
v 0.352096 0.070321 0.015860 0.2039 0.2078 0.2235
v 0.493444 0.113693 0.023942 0.2039 0.2078 0.2235
v 0.351261 0.074578 0.016768 0.2039 0.2078 0.2235
v 0.492966 0.109844 0.020714 0.2039 0.2078 0.2235
v 0.492567 0.104444 0.018115 0.2039 0.2078 0.2235
v 0.348042 0.073189 0.015860 0.2039 0.2078 0.2235
v 0.492314 0.097076 0.016678 0.2039 0.2078 0.2235
v 0.493032 0.016015 0.023097 0.3608 0.3686 0.3882
v 0.491771 0.033384 0.017348 0.2039 0.2078 0.2235
v 0.351586 0.074167 0.016768 0.2039 0.2078 0.2235
v 0.492001 0.025413 0.018522 0.3608 0.3686 0.3882
v 0.492480 0.019434 0.020604 0.3608 0.3686 0.3882
v 0.349493 0.071355 0.015860 0.2039 0.2078 0.2235
v 0.493530 0.014009 0.027094 0.3608 0.3686 0.3882
v 0.353942 0.082284 0.016768 0.2039 0.2078 0.2235
v 0.253841 0.113325 0.024938 0.5882 0.3725 0.1765
v 0.494590 0.116062 0.032904 0.2039 0.2078 0.2235
v 0.227582 0.073851 0.032904 0.5882 0.3725 0.1765
v 0.353892 0.085699 0.015860 0.2039 0.2078 0.2235
v 0.350682 0.080503 0.016783 0.2039 0.2078 0.2235
v 0.493909 0.115528 0.026981 0.2039 0.2078 0.2235
v 0.491366 0.089978 0.011592 0.2039 0.2078 0.2235
v 0.492159 0.089845 0.012354 0.2039 0.2078 0.2235
v 0.347306 0.081345 0.015877 0.2039 0.2078 0.2235
v 0.491625 0.042657 0.012910 0.2039 0.2078 0.2235
v 0.352510 0.082074 0.016768 0.2039 0.2078 0.2235
v 0.490816 0.042647 0.012166 0.2039 0.2078 0.2235
v 0.492039 0.080480 0.012297 0.2039 0.2078 0.2235
v 0.351121 0.085293 0.015860 0.2039 0.2078 0.2235
v 0.491240 0.080595 0.011535 0.2039 0.2078 0.2235
v 0.491631 0.048715 0.012286 0.2039 0.2078 0.2235
v 0.352099 0.081749 0.016768 0.2039 0.2078 0.2235
v 0.490831 0.048751 0.011531 0.2039 0.2078 0.2235
v 0.492739 0.117203 0.021900 0.2039 0.2078 0.2235
v 0.349286 0.083842 0.015860 0.2039 0.2078 0.2235
v 0.493519 0.116458 0.022317 0.2039 0.2078 0.2235
v 0.492273 0.112677 0.017800 0.2039 0.2078 0.2235
v 0.493051 0.112081 0.018374 0.2039 0.2078 0.2235
v 0.491862 0.106273 0.014487 0.2039 0.2078 0.2235
v 0.492642 0.105878 0.015184 0.2039 0.2078 0.2235
v 0.492368 0.097815 0.013481 0.2039 0.2078 0.2235
v 0.491583 0.098056 0.012739 0.2039 0.2078 0.2235
v 0.492377 0.013089 0.022139 0.3608 0.3686 0.3882
v 0.491395 0.012428 0.021877 0.3608 0.3686 0.3882
v 0.490812 0.032437 0.013449 0.2039 0.2078 0.2235
v 0.491639 0.032525 0.014166 0.2039 0.2078 0.2235
v 0.491714 0.023900 0.015625 0.3608 0.3686 0.3882
v 0.490849 0.023681 0.014958 0.3608 0.3686 0.3882
v 0.491981 0.017053 0.018485 0.3608 0.3686 0.3882
v 0.491057 0.016606 0.017958 0.3608 0.3686 0.3882
v 0.492563 0.010870 0.026668 0.3608 0.3686 0.3882
v 0.491552 0.010449 0.026561 0.3608 0.3686 0.3882
v 0.494211 0.119198 0.032904 0.2039 0.2078 0.2235
v 0.493426 0.120070 0.032904 0.2039 0.2078 0.2235
v 0.491647 0.009973 0.032904 0.3608 0.3686 0.3882
v 0.492627 0.010673 0.032904 0.3608 0.3686 0.3882
v 0.493191 0.119502 0.026153 0.2039 0.2078 0.2235
v 0.493974 0.118638 0.026328 0.2039 0.2078 0.2235
v 0.227147 0.074686 0.012086 0.5882 0.3725 0.1765
v 0.227982 0.074758 0.011458 0.5882 0.3725 0.1765
v 0.227497 0.069728 0.023940 0.5882 0.3725 0.1765
v 0.226805 0.070632 0.024013 0.5882 0.3725 0.1765
v 0.227834 0.072073 0.011876 0.5882 0.3725 0.1765
v 0.227038 0.072581 0.012633 0.5882 0.3725 0.1765
v 0.227723 0.070205 0.013308 0.5882 0.3725 0.1765
v 0.227040 0.071102 0.014088 0.5882 0.3725 0.1765
v 0.227664 0.069691 0.016285 0.5882 0.3725 0.1765
v 0.226957 0.070569 0.016150 0.5882 0.3725 0.1765
v 0.229767 0.118597 0.015478 0.5882 0.3725 0.1765
v 0.230667 0.118981 0.015719 0.5882 0.3725 0.1765
v 0.229908 0.107438 0.011518 0.5882 0.3725 0.1765
v 0.229060 0.107364 0.012318 0.5882 0.3725 0.1765
v 0.229745 0.118188 0.013882 0.5882 0.3725 0.1765
v 0.230644 0.118600 0.013882 0.5882 0.3725 0.1765
v 0.229680 0.117007 0.012700 0.5882 0.3725 0.1765
v 0.230582 0.117556 0.012468 0.5882 0.3725 0.1765
v 0.229582 0.115289 0.012249 0.5882 0.3725 0.1765
v 0.230431 0.115205 0.011755 0.5882 0.3725 0.1765
v 0.226834 0.070635 0.032904 0.5882 0.3725 0.1765
v 0.227517 0.069721 0.032904 0.5882 0.3725 0.1765
v 0.228530 0.086546 0.011517 0.5882 0.3725 0.1765
v 0.227713 0.086666 0.012320 0.5882 0.3725 0.1765
v 0.261389 0.115907 0.019093 0.5882 0.3725 0.1765
v 0.253406 0.116606 0.018197 0.5882 0.3725 0.1765
v 0.253439 0.117086 0.020369 0.5882 0.3725 0.1765
v 0.261427 0.116421 0.021418 0.5882 0.3725 0.1765
v 0.260587 0.104928 0.014191 0.5882 0.3725 0.1765
v 0.252586 0.105583 0.013951 0.5882 0.3725 0.1765
v 0.253087 0.112416 0.014599 0.5882 0.3725 0.1765
v 0.261056 0.111435 0.014980 0.5882 0.3725 0.1765
v 0.261270 0.114313 0.016517 0.5882 0.3725 0.1765
v 0.253298 0.115155 0.015923 0.5882 0.3725 0.1765
v 0.249734 0.071295 0.013857 0.5882 0.3725 0.1765
v 0.257867 0.070183 0.014259 0.5882 0.3725 0.1765
v 0.257757 0.067350 0.014847 0.5882 0.3725 0.1765
v 0.249631 0.068590 0.014409 0.5882 0.3725 0.1765
v 0.250300 0.083409 0.013863 0.5882 0.3725 0.1765
v 0.258256 0.082263 0.014245 0.5882 0.3725 0.1765
v 0.257599 0.062881 0.024717 0.5882 0.3725 0.1765
v 0.249545 0.064573 0.024403 0.5882 0.3725 0.1765
v 0.257648 0.063871 0.018208 0.5882 0.3725 0.1765
v 0.249566 0.065447 0.017918 0.5882 0.3725 0.1765
v 0.249557 0.066516 0.015791 0.5882 0.3725 0.1765
v 0.257673 0.065130 0.016221 0.5882 0.3725 0.1765
v 0.249487 0.064921 0.032904 0.5882 0.3725 0.1765
v 0.257521 0.063162 0.032904 0.5882 0.3725 0.1765
v 0.253440 0.117098 0.024143 0.5882 0.3725 0.1765
v 0.229766 0.118589 0.024143 0.5882 0.3725 0.1765
v 0.229499 0.115042 0.024938 0.5882 0.3725 0.1765
v 0.231068 0.115209 0.024938 0.5882 0.3725 0.1765
v 0.270841 0.115669 0.028575 0.5882 0.3725 0.1765
v 0.266968 0.115974 0.024690 0.5882 0.3725 0.1765
v 0.264230 0.116200 0.024143 0.5882 0.3725 0.1765
v 0.261428 0.116434 0.024143 0.5882 0.3725 0.1765
v 0.269290 0.115788 0.026246 0.5882 0.3725 0.1765
v 0.271389 0.115665 0.032904 0.5882 0.3725 0.1765
v 0.271372 0.115638 0.031248 0.5882 0.3725 0.1765
v 0.230667 0.118981 0.024143 0.5882 0.3725 0.1765
v 0.269555 0.111717 0.029370 0.5882 0.3725 0.1765
v 0.265681 0.112022 0.025485 0.5882 0.3725 0.1765
v 0.262943 0.112248 0.024938 0.5882 0.3725 0.1765
v 0.260141 0.112482 0.024938 0.5882 0.3725 0.1765
v 0.268003 0.111836 0.027041 0.5882 0.3725 0.1765
v 0.270102 0.111713 0.032904 0.5882 0.3725 0.1765
v 0.270085 0.111686 0.032043 0.5882 0.3725 0.1765
v 0.319409 0.058115 0.014477 0.2039 0.2078 0.2235
v 0.319490 0.062898 0.013705 0.2039 0.2078 0.2235
v 0.319394 0.051368 0.018142 0.2039 0.2078 0.2235
v 0.319780 0.073398 0.013527 0.2039 0.2078 0.2235
v 0.319506 0.049340 0.023287 0.2039 0.2078 0.2235
v 0.319357 0.054165 0.015887 0.2039 0.2078 0.2235
v 0.327224 0.098994 0.011767 0.2039 0.2078 0.2235
v 0.319278 0.099886 0.011778 0.2039 0.2078 0.2235
v 0.351476 0.067864 0.013258 0.2039 0.2078 0.2235
v 0.441515 0.057018 0.012033 0.2039 0.2078 0.2235
v 0.347932 0.069257 0.013207 0.2039 0.2078 0.2235
v 0.448510 0.059929 0.011706 0.2039 0.2078 0.2235
v 0.445421 0.057559 0.011919 0.2039 0.2078 0.2235
v 0.346965 0.085570 0.012200 0.2039 0.2078 0.2235
v 0.343996 0.076033 0.012864 0.2039 0.2078 0.2235
v 0.345607 0.072139 0.013071 0.2039 0.2078 0.2235
v 0.344589 0.082024 0.012475 0.2039 0.2078 0.2235
v 0.349951 0.088005 0.011985 0.2039 0.2078 0.2235
v 0.353849 0.088609 0.011867 0.2039 0.2078 0.2235
v 0.451715 0.069553 0.011573 0.2039 0.2078 0.2235
v 0.451007 0.063500 0.011573 0.2039 0.2078 0.2235
v 0.450135 0.073606 0.011591 0.2039 0.2078 0.2235
v 0.443998 0.078152 0.011601 0.2039 0.2078 0.2235
v 0.447700 0.076683 0.011595 0.2039 0.2078 0.2235
v 0.447909 0.025343 0.018004 0.3608 0.3686 0.3882
v 0.448696 0.021712 0.022570 0.3608 0.3686 0.3882
v 0.440067 0.032708 0.015233 0.2039 0.2078 0.2235
v 0.440056 0.040041 0.013754 0.2039 0.2078 0.2235
v 0.440083 0.048644 0.012622 0.2039 0.2078 0.2235
v 0.350422 0.045085 0.018108 0.2039 0.2078 0.2235
v 0.350571 0.042790 0.022663 0.2039 0.2078 0.2235
v 0.350355 0.048655 0.015719 0.2039 0.2078 0.2235
v 0.350390 0.053473 0.014291 0.2039 0.2078 0.2235
v 0.350458 0.059238 0.013427 0.2039 0.2078 0.2235
v 0.350255 0.042095 0.032904 0.2039 0.2078 0.2235
v 0.319230 0.049143 0.032904 0.5882 0.3725 0.1765
v 0.226819 0.070633 0.028459 0.5882 0.3725 0.1765
v 0.257545 0.063164 0.029669 0.5882 0.3725 0.1765
v 0.227574 0.073945 0.028694 0.5882 0.3725 0.1765
v 0.227507 0.069724 0.028422 0.5882 0.3725 0.1765
v 0.249501 0.064890 0.029512 0.5882 0.3725 0.1765
v 0.350483 0.042095 0.027247 0.2039 0.2078 0.2235
v 0.319431 0.048948 0.027317 0.5882 0.3725 0.1765
v 0.492616 0.010573 0.029844 0.3608 0.3686 0.3882
v 0.491620 0.010013 0.029733 0.3608 0.3686 0.3882
v 0.493447 0.013658 0.030256 0.3608 0.3686 0.3882
v 0.419205 0.026449 0.029369 0.3608 0.3686 0.3882
v 0.418511 0.026573 0.032904 0.3608 0.3686 0.3882
v 0.421262 0.026423 0.026372 0.3608 0.3686 0.3882
v 0.424380 0.026542 0.024369 0.3608 0.3686 0.3882
v 0.427897 0.026035 0.023666 0.3608 0.3686 0.3882
v 0.446895 0.021759 0.023666 0.3608 0.3686 0.3882
v 0.450276 0.020705 0.024369 0.3608 0.3686 0.3882
v 0.453007 0.019263 0.026372 0.3608 0.3686 0.3882
v 0.454851 0.018382 0.029369 0.3608 0.3686 0.3882
v 0.455529 0.018192 0.032904 0.3608 0.3686 0.3882
v 0.427284 0.026312 0.022591 0.3608 0.3686 0.3882
v 0.429010 0.029170 0.018024 0.2039 0.2078 0.2235
v 0.453608 0.022541 0.026795 0.3608 0.3686 0.3882
v 0.455198 0.022189 0.029792 0.3608 0.3686 0.3882
v 0.450938 0.023132 0.024792 0.3608 0.3686 0.3882
v 0.455727 0.022073 0.032904 0.3608 0.3686 0.3882
v 0.419935 0.029990 0.029792 0.3608 0.3686 0.3882
v 0.421965 0.029541 0.026795 0.3608 0.3686 0.3882
v 0.424977 0.028875 0.024792 0.3608 0.3686 0.3882
v 0.419644 0.030055 0.032904 0.3608 0.3686 0.3882
v 0.428443 0.028108 0.024089 0.3608 0.3686 0.3882
v 0.447457 0.023902 0.024089 0.3608 0.3686 0.3882
v 0.338028 0.121821 0.042693 0.2039 0.2078 0.2235
v 0.330697 0.104702 0.054202 0.2039 0.2078 0.2235
v 0.337906 0.120053 0.046526 0.2039 0.2078 0.2235
v 0.337642 0.116212 0.050636 0.2039 0.2078 0.2235
v 0.334622 0.111237 0.052831 0.2039 0.2078 0.2235
v 0.323144 0.104658 0.054202 0.2039 0.2078 0.2235
v 0.328784 0.119151 0.042493 0.2039 0.2078 0.2235
v 0.324818 0.111145 0.052178 0.2039 0.2078 0.2235
v 0.327061 0.115053 0.049751 0.2039 0.2078 0.2235
v 0.328714 0.117912 0.046006 0.2039 0.2078 0.2235
v 0.327334 0.104741 0.054202 0.2039 0.2078 0.2235
v 0.333375 0.121110 0.042667 0.2039 0.2078 0.2235
v 0.329996 0.111310 0.052804 0.2039 0.2078 0.2235
v 0.332089 0.116143 0.050313 0.2039 0.2078 0.2235
v 0.333272 0.119426 0.046447 0.2039 0.2078 0.2235
v 0.311332 0.100777 0.054020 0.2039 0.2078 0.2235
v 0.312334 0.112185 0.041387 0.5882 0.3725 0.1765
v 0.441423 0.063298 0.049041 0.2039 0.2078 0.2235
v 0.311720 0.105198 0.052317 0.5882 0.3725 0.1765
v 0.312049 0.108945 0.049418 0.5882 0.3725 0.1765
v 0.441473 0.059882 0.049949 0.2039 0.2078 0.2235
v 0.312269 0.111449 0.044919 0.5882 0.3725 0.1765
v 0.444680 0.065079 0.049057 0.2039 0.2078 0.2235
v 0.321619 0.114778 0.041883 0.2039 0.2078 0.2235
v 0.318285 0.103263 0.054202 0.2039 0.2078 0.2235
v 0.448056 0.064236 0.049965 0.2039 0.2078 0.2235
v 0.321069 0.113944 0.045529 0.2039 0.2078 0.2235
v 0.319646 0.110932 0.049575 0.2039 0.2078 0.2235
v 0.319224 0.107750 0.052499 0.2039 0.2078 0.2235
v 0.442855 0.063507 0.049041 0.2039 0.2078 0.2235
v 0.313970 0.101317 0.054149 0.2039 0.2078 0.2235
v 0.444244 0.060288 0.049949 0.2039 0.2078 0.2235
v 0.316992 0.112806 0.041516 0.2039 0.2078 0.2235
v 0.315188 0.105769 0.052446 0.2039 0.2078 0.2235
v 0.443266 0.063833 0.049041 0.2039 0.2078 0.2235
v 0.315457 0.109383 0.049512 0.2039 0.2078 0.2235
v 0.316262 0.111947 0.045589 0.2039 0.2078 0.2235
v 0.446078 0.061739 0.049949 0.2039 0.2078 0.2235
v 0.445194 0.069473 0.049057 0.2039 0.2078 0.2235
v 0.448673 0.069516 0.049965 0.2039 0.2078 0.2235
v 0.312274 0.112873 0.038369 0.5882 0.3725 0.1765
v 0.442433 0.071949 0.049041 0.2039 0.2078 0.2235
v 0.333334 0.122088 0.039009 0.2039 0.2078 0.2235
v 0.337992 0.122858 0.039022 0.2039 0.2078 0.2235
v 0.443269 0.075260 0.049949 0.2039 0.2078 0.2235
v 0.328734 0.120054 0.038922 0.2039 0.2078 0.2235
v 0.321563 0.115500 0.038617 0.2039 0.2078 0.2235
v 0.444103 0.071003 0.049041 0.2039 0.2078 0.2235
v 0.316933 0.113494 0.038433 0.2039 0.2078 0.2235
v 0.492142 0.089601 0.050184 0.2039 0.2078 0.2235
v 0.447322 0.072392 0.049949 0.2039 0.2078 0.2235
v 0.491674 0.043034 0.049625 0.2039 0.2078 0.2235
v 0.492050 0.080520 0.050230 0.2039 0.2078 0.2235
v 0.443778 0.071414 0.049041 0.2039 0.2078 0.2235
v 0.491642 0.048756 0.050237 0.2039 0.2078 0.2235
v 0.445872 0.074227 0.049949 0.2039 0.2078 0.2235
v 0.227712 0.081607 0.049563 0.5882 0.3725 0.1765
v 0.227567 0.074039 0.041325 0.5882 0.3725 0.1765
v 0.227686 0.078547 0.048250 0.5882 0.3725 0.1765
v 0.350168 0.076109 0.049026 0.2039 0.2078 0.2235
v 0.228178 0.075894 0.046513 0.5882 0.3725 0.1765
v 0.227630 0.074420 0.044116 0.5882 0.3725 0.1765
v 0.346689 0.076066 0.049932 0.2039 0.2078 0.2235
v 0.229139 0.106790 0.050156 0.5882 0.3725 0.1765
v 0.352931 0.073633 0.049041 0.2039 0.2078 0.2235
v 0.229489 0.114388 0.043633 0.5882 0.3725 0.1765
v 0.229429 0.112598 0.046908 0.5882 0.3725 0.1765
v 0.229305 0.109931 0.048913 0.5882 0.3725 0.1765
v 0.352096 0.070321 0.049949 0.2039 0.2078 0.2235
v 0.493444 0.113693 0.041866 0.2039 0.2078 0.2235
v 0.351261 0.074578 0.049041 0.2039 0.2078 0.2235
v 0.492966 0.109844 0.045095 0.2039 0.2078 0.2235
v 0.492567 0.104444 0.047694 0.2039 0.2078 0.2235
v 0.348042 0.073189 0.049949 0.2039 0.2078 0.2235
v 0.492314 0.097076 0.049131 0.2039 0.2078 0.2235
v 0.493032 0.016015 0.042712 0.3608 0.3686 0.3882
v 0.491771 0.033384 0.048461 0.2039 0.2078 0.2235
v 0.351586 0.074167 0.049041 0.2039 0.2078 0.2235
v 0.492001 0.025413 0.047287 0.3608 0.3686 0.3882
v 0.492480 0.019434 0.045205 0.3608 0.3686 0.3882
v 0.349493 0.071355 0.049949 0.2039 0.2078 0.2235
v 0.493530 0.014009 0.038715 0.3608 0.3686 0.3882
v 0.353942 0.082284 0.049041 0.2039 0.2078 0.2235
v 0.253841 0.113325 0.040870 0.5882 0.3725 0.1765
v 0.353892 0.085699 0.049949 0.2039 0.2078 0.2235
v 0.493322 0.013703 0.032904 0.3608 0.3686 0.3882
v 0.350682 0.080503 0.049026 0.2039 0.2078 0.2235
v 0.493909 0.115528 0.038827 0.2039 0.2078 0.2235
v 0.491366 0.089978 0.054217 0.2039 0.2078 0.2235
v 0.492159 0.089845 0.053455 0.2039 0.2078 0.2235
v 0.347306 0.081345 0.049932 0.2039 0.2078 0.2235
v 0.491625 0.042657 0.052899 0.2039 0.2078 0.2235
v 0.352510 0.082074 0.049041 0.2039 0.2078 0.2235
v 0.490816 0.042647 0.053643 0.2039 0.2078 0.2235
v 0.492039 0.080480 0.053512 0.2039 0.2078 0.2235
v 0.351121 0.085293 0.049949 0.2039 0.2078 0.2235
v 0.491240 0.080595 0.054274 0.2039 0.2078 0.2235
v 0.491631 0.048715 0.053523 0.2039 0.2078 0.2235
v 0.352099 0.081749 0.049041 0.2039 0.2078 0.2235
v 0.490831 0.048751 0.054278 0.2039 0.2078 0.2235
v 0.492739 0.117203 0.043909 0.2039 0.2078 0.2235
v 0.349286 0.083842 0.049949 0.2039 0.2078 0.2235
v 0.493519 0.116458 0.043492 0.2039 0.2078 0.2235
v 0.492273 0.112677 0.048009 0.2039 0.2078 0.2235
v 0.493051 0.112081 0.047435 0.2039 0.2078 0.2235
v 0.491862 0.106273 0.051322 0.2039 0.2078 0.2235
v 0.492642 0.105878 0.050625 0.2039 0.2078 0.2235
v 0.492368 0.097815 0.052328 0.2039 0.2078 0.2235
v 0.491583 0.098056 0.053070 0.2039 0.2078 0.2235
v 0.492377 0.013089 0.043669 0.3608 0.3686 0.3882
v 0.491395 0.012428 0.043932 0.3608 0.3686 0.3882
v 0.490812 0.032437 0.052360 0.2039 0.2078 0.2235
v 0.491639 0.032525 0.051643 0.2039 0.2078 0.2235
v 0.491713 0.023900 0.050183 0.3608 0.3686 0.3882
v 0.490849 0.023681 0.050851 0.3608 0.3686 0.3882
v 0.491981 0.017053 0.047324 0.3608 0.3686 0.3882
v 0.491057 0.016606 0.047851 0.3608 0.3686 0.3882
v 0.492563 0.010870 0.039141 0.3608 0.3686 0.3882
v 0.491552 0.010449 0.039248 0.3608 0.3686 0.3882
v 0.493191 0.119502 0.039655 0.2039 0.2078 0.2235
v 0.493974 0.118638 0.039481 0.2039 0.2078 0.2235
v 0.227147 0.074686 0.053723 0.5882 0.3725 0.1765
v 0.227982 0.074758 0.054351 0.5882 0.3725 0.1765
v 0.227497 0.069728 0.041869 0.5882 0.3725 0.1765
v 0.226805 0.070632 0.041796 0.5882 0.3725 0.1765
v 0.227834 0.072073 0.053933 0.5882 0.3725 0.1765
v 0.227038 0.072581 0.053176 0.5882 0.3725 0.1765
v 0.227723 0.070205 0.052501 0.5882 0.3725 0.1765
v 0.227040 0.071102 0.051721 0.5882 0.3725 0.1765
v 0.227664 0.069691 0.049524 0.5882 0.3725 0.1765
v 0.226957 0.070569 0.049658 0.5882 0.3725 0.1765
v 0.229767 0.118597 0.050331 0.5882 0.3725 0.1765
v 0.230667 0.118981 0.050090 0.5882 0.3725 0.1765
v 0.229908 0.107438 0.054290 0.5882 0.3725 0.1765
v 0.229060 0.107364 0.053491 0.5882 0.3725 0.1765
v 0.229745 0.118188 0.051927 0.5882 0.3725 0.1765
v 0.230644 0.118600 0.051927 0.5882 0.3725 0.1765
v 0.229680 0.117007 0.053109 0.5882 0.3725 0.1765
v 0.230582 0.117556 0.053340 0.5882 0.3725 0.1765
v 0.229582 0.115289 0.053560 0.5882 0.3725 0.1765
v 0.230431 0.115205 0.054054 0.5882 0.3725 0.1765
v 0.228530 0.086546 0.054292 0.5882 0.3725 0.1765
v 0.227713 0.086666 0.053489 0.5882 0.3725 0.1765
v 0.261389 0.115907 0.046716 0.5882 0.3725 0.1765
v 0.253406 0.116606 0.047612 0.5882 0.3725 0.1765
v 0.253439 0.117086 0.045440 0.5882 0.3725 0.1765
v 0.261427 0.116421 0.044391 0.5882 0.3725 0.1765
v 0.260587 0.104928 0.051618 0.5882 0.3725 0.1765
v 0.252586 0.105583 0.051857 0.5882 0.3725 0.1765
v 0.253087 0.112416 0.051210 0.5882 0.3725 0.1765
v 0.261056 0.111435 0.050829 0.5882 0.3725 0.1765
v 0.261270 0.114313 0.049292 0.5882 0.3725 0.1765
v 0.253298 0.115155 0.049886 0.5882 0.3725 0.1765
v 0.249734 0.071295 0.051952 0.5882 0.3725 0.1765
v 0.257867 0.070183 0.051550 0.5882 0.3725 0.1765
v 0.257757 0.067350 0.050962 0.5882 0.3725 0.1765
v 0.249631 0.068590 0.051399 0.5882 0.3725 0.1765
v 0.250300 0.083409 0.051946 0.5882 0.3725 0.1765
v 0.258256 0.082263 0.051564 0.5882 0.3725 0.1765
v 0.257599 0.062881 0.041091 0.5882 0.3725 0.1765
v 0.249545 0.064573 0.041406 0.5882 0.3725 0.1765
v 0.257648 0.063871 0.047601 0.5882 0.3725 0.1765
v 0.249566 0.065447 0.047891 0.5882 0.3725 0.1765
v 0.249557 0.066516 0.050018 0.5882 0.3725 0.1765
v 0.257673 0.065130 0.049587 0.5882 0.3725 0.1765
v 0.253440 0.117098 0.041666 0.5882 0.3725 0.1765
v 0.229766 0.118589 0.041666 0.5882 0.3725 0.1765
v 0.229499 0.115042 0.040870 0.5882 0.3725 0.1765
v 0.231068 0.115209 0.040870 0.5882 0.3725 0.1765
v 0.270841 0.115669 0.037234 0.5882 0.3725 0.1765
v 0.266968 0.115974 0.041119 0.5882 0.3725 0.1765
v 0.264230 0.116200 0.041666 0.5882 0.3725 0.1765
v 0.261428 0.116434 0.041666 0.5882 0.3725 0.1765
v 0.269290 0.115788 0.039563 0.5882 0.3725 0.1765
v 0.271372 0.115638 0.034561 0.5882 0.3725 0.1765
v 0.230667 0.118981 0.041666 0.5882 0.3725 0.1765
v 0.269555 0.111717 0.036439 0.5882 0.3725 0.1765
v 0.265681 0.112022 0.040324 0.5882 0.3725 0.1765
v 0.262943 0.112248 0.040870 0.5882 0.3725 0.1765
v 0.260141 0.112482 0.040870 0.5882 0.3725 0.1765
v 0.268003 0.111836 0.038768 0.5882 0.3725 0.1765
v 0.270085 0.111686 0.033766 0.5882 0.3725 0.1765
v 0.319409 0.058115 0.051332 0.2039 0.2078 0.2235
v 0.319490 0.062898 0.052104 0.2039 0.2078 0.2235
v 0.319394 0.051368 0.047667 0.2039 0.2078 0.2235
v 0.319780 0.073398 0.052282 0.2039 0.2078 0.2235
v 0.319506 0.049340 0.042522 0.2039 0.2078 0.2235
v 0.319357 0.054165 0.049922 0.2039 0.2078 0.2235
v 0.327224 0.098994 0.054042 0.2039 0.2078 0.2235
v 0.319278 0.099886 0.054031 0.2039 0.2078 0.2235
v 0.351476 0.067864 0.052551 0.2039 0.2078 0.2235
v 0.441515 0.057018 0.053775 0.2039 0.2078 0.2235
v 0.347932 0.069257 0.052602 0.2039 0.2078 0.2235
v 0.448510 0.059929 0.054103 0.2039 0.2078 0.2235
v 0.445421 0.057559 0.053890 0.2039 0.2078 0.2235
v 0.346965 0.085570 0.053609 0.2039 0.2078 0.2235
v 0.343996 0.076033 0.052945 0.2039 0.2078 0.2235
v 0.345607 0.072139 0.052738 0.2039 0.2078 0.2235
v 0.344590 0.082024 0.053334 0.2039 0.2078 0.2235
v 0.349951 0.088005 0.053824 0.2039 0.2078 0.2235
v 0.353849 0.088609 0.053942 0.2039 0.2078 0.2235
v 0.451715 0.069553 0.054236 0.2039 0.2078 0.2235
v 0.451007 0.063500 0.054236 0.2039 0.2078 0.2235
v 0.450135 0.073606 0.054218 0.2039 0.2078 0.2235
v 0.443998 0.078152 0.054208 0.2039 0.2078 0.2235
v 0.447700 0.076683 0.054214 0.2039 0.2078 0.2235
v 0.447909 0.025343 0.047805 0.3608 0.3686 0.3882
v 0.448696 0.021712 0.043239 0.3608 0.3686 0.3882
v 0.440067 0.032708 0.050576 0.2039 0.2078 0.2235
v 0.440056 0.040041 0.052055 0.2039 0.2078 0.2235
v 0.440083 0.048644 0.053187 0.2039 0.2078 0.2235
v 0.350422 0.045085 0.047700 0.2039 0.2078 0.2235
v 0.350571 0.042790 0.043146 0.2039 0.2078 0.2235
v 0.350355 0.048655 0.050090 0.2039 0.2078 0.2235
v 0.350390 0.053473 0.051518 0.2039 0.2078 0.2235
v 0.350458 0.059238 0.052382 0.2039 0.2078 0.2235
v 0.226819 0.070633 0.037350 0.5882 0.3725 0.1765
v 0.257545 0.063164 0.036140 0.5882 0.3725 0.1765
v 0.227574 0.073945 0.037115 0.5882 0.3725 0.1765
v 0.227507 0.069724 0.037387 0.5882 0.3725 0.1765
v 0.249501 0.064890 0.036297 0.5882 0.3725 0.1765
v 0.350483 0.042095 0.038562 0.2039 0.2078 0.2235
v 0.319431 0.048948 0.038492 0.2039 0.2078 0.2235
v 0.492616 0.010573 0.035965 0.3608 0.3686 0.3882
v 0.491620 0.010013 0.036076 0.3608 0.3686 0.3882
v 0.493447 0.013658 0.035553 0.3608 0.3686 0.3882
v 0.419205 0.026449 0.036440 0.3608 0.3686 0.3882
v 0.421262 0.026423 0.039437 0.2039 0.2078 0.2235
v 0.424380 0.026542 0.041440 0.3608 0.3686 0.3882
v 0.427897 0.026035 0.042143 0.3608 0.3686 0.3882
v 0.446895 0.021759 0.042143 0.3608 0.3686 0.3882
v 0.450276 0.020705 0.041440 0.3608 0.3686 0.3882
v 0.453007 0.019263 0.039437 0.3608 0.3686 0.3882
v 0.454851 0.018382 0.036440 0.3608 0.3686 0.3882
v 0.427284 0.026312 0.043218 0.3608 0.3686 0.3882
v 0.429010 0.029170 0.047785 0.2039 0.2078 0.2235
v 0.453608 0.022541 0.039014 0.3608 0.3686 0.3882
v 0.455198 0.022189 0.036017 0.3608 0.3686 0.3882
v 0.450938 0.023132 0.041017 0.3608 0.3686 0.3882
v 0.419935 0.029990 0.036017 0.3608 0.3686 0.3882
v 0.421965 0.029541 0.039014 0.3608 0.3686 0.3882
v 0.424977 0.028875 0.041017 0.3608 0.3686 0.3882
v 0.428443 0.028108 0.041720 0.3608 0.3686 0.3882
v 0.447457 0.023902 0.041720 0.3608 0.3686 0.3882
v 0.070644 0.084804 0.054202 0.3608 0.3686 0.3882
v 0.070750 0.085965 0.054202 0.3608 0.3686 0.3882
v 0.071291 0.086997 0.054202 0.3608 0.3686 0.3882
v 0.072187 0.087743 0.054202 0.3608 0.3686 0.3882
v 0.073300 0.088090 0.054202 0.3608 0.3686 0.3882
v 0.074461 0.087985 0.054202 0.3608 0.3686 0.3882
v 0.075493 0.087443 0.054202 0.3608 0.3686 0.3882
v 0.076240 0.086548 0.054202 0.3608 0.3686 0.3882
v 0.076587 0.085435 0.054202 0.3608 0.3686 0.3882
v 0.076481 0.084274 0.054202 0.3608 0.3686 0.3882
v 0.075940 0.083242 0.054202 0.3608 0.3686 0.3882
v 0.075044 0.082495 0.054202 0.3608 0.3686 0.3882
v 0.073931 0.082148 0.054202 0.3608 0.3686 0.3882
v 0.072770 0.082254 0.054202 0.3608 0.3686 0.3882
v 0.071738 0.082795 0.054202 0.3608 0.3686 0.3882
v 0.070991 0.083691 0.054202 0.3608 0.3686 0.3882
v 0.071867 0.084934 0.055196 0.3608 0.3686 0.3882
v 0.071100 0.084852 0.054789 0.3608 0.3686 0.3882
v 0.071929 0.085617 0.055196 0.3608 0.3686 0.3882
v 0.071189 0.085835 0.054789 0.3608 0.3686 0.3882
v 0.072248 0.086224 0.055196 0.3608 0.3686 0.3882
v 0.071648 0.086709 0.054789 0.3608 0.3686 0.3882
v 0.072775 0.086663 0.055196 0.3608 0.3686 0.3882
v 0.072406 0.087341 0.054789 0.3608 0.3686 0.3882
v 0.073430 0.086867 0.055196 0.3608 0.3686 0.3882
v 0.073348 0.087635 0.054789 0.3608 0.3686 0.3882
v 0.074113 0.086806 0.055196 0.3608 0.3686 0.3882
v 0.074331 0.087546 0.054789 0.3608 0.3686 0.3882
v 0.074720 0.086487 0.055196 0.3608 0.3686 0.3882
v 0.075205 0.087087 0.054789 0.3608 0.3686 0.3882
v 0.075160 0.085960 0.055196 0.3608 0.3686 0.3882
v 0.075837 0.086329 0.054789 0.3608 0.3686 0.3882
v 0.075364 0.085305 0.055196 0.3608 0.3686 0.3882
v 0.076131 0.085387 0.054789 0.3608 0.3686 0.3882
v 0.075302 0.084622 0.055196 0.3608 0.3686 0.3882
v 0.076042 0.084404 0.054789 0.3608 0.3686 0.3882
v 0.074983 0.084015 0.055196 0.3608 0.3686 0.3882
v 0.075583 0.083529 0.054789 0.3608 0.3686 0.3882
v 0.074456 0.083575 0.055196 0.3608 0.3686 0.3882
v 0.074825 0.082898 0.054789 0.3608 0.3686 0.3882
v 0.073801 0.083371 0.055196 0.3608 0.3686 0.3882
v 0.073883 0.082604 0.054789 0.3608 0.3686 0.3882
v 0.073118 0.083433 0.055196 0.3608 0.3686 0.3882
v 0.072900 0.082693 0.054789 0.3608 0.3686 0.3882
v 0.072511 0.083752 0.055196 0.3608 0.3686 0.3882
v 0.072026 0.083151 0.054789 0.3608 0.3686 0.3882
v 0.072071 0.084279 0.055196 0.3608 0.3686 0.3882
v 0.071394 0.083910 0.054789 0.3608 0.3686 0.3882
v 0.074843 0.085279 0.055398 0.3608 0.3686 0.3882
v 0.074232 0.085882 0.055453 0.3608 0.3686 0.3882
v 0.073514 0.086353 0.055398 0.3608 0.3686 0.3882
v 0.074335 0.084538 0.055462 0.3608 0.3686 0.3882
v 0.073615 0.085119 0.055526 0.3608 0.3686 0.3882
v 0.072896 0.085700 0.055462 0.3608 0.3686 0.3882
v 0.073717 0.083886 0.055398 0.3608 0.3686 0.3882
v 0.072999 0.084357 0.055453 0.3608 0.3686 0.3882
v 0.072388 0.084959 0.055398 0.3608 0.3686 0.3882
v 0.132769 0.070931 0.011607 0.5882 0.3725 0.1765
v 0.133001 0.070956 0.011171 0.5882 0.3725 0.1765
v 0.133131 0.069770 0.011607 0.5882 0.3725 0.1765
v 0.133336 0.069882 0.011171 0.5882 0.3725 0.1765
v 0.133910 0.068835 0.011607 0.5882 0.3725 0.1765
v 0.134057 0.069017 0.011171 0.5882 0.3725 0.1765
v 0.134987 0.068270 0.011607 0.5882 0.3725 0.1765
v 0.135053 0.068494 0.011171 0.5882 0.3725 0.1765
v 0.136199 0.068160 0.011607 0.5882 0.3725 0.1765
v 0.136174 0.068393 0.011171 0.5882 0.3725 0.1765
v 0.137360 0.068522 0.011607 0.5882 0.3725 0.1765
v 0.137248 0.068728 0.011171 0.5882 0.3725 0.1765
v 0.138295 0.069301 0.011607 0.5882 0.3725 0.1765
v 0.138113 0.069448 0.011171 0.5882 0.3725 0.1765
v 0.138860 0.070378 0.011607 0.5882 0.3725 0.1765
v 0.138636 0.070445 0.011171 0.5882 0.3725 0.1765
v 0.138970 0.071590 0.011607 0.5882 0.3725 0.1765
v 0.138738 0.071565 0.011171 0.5882 0.3725 0.1765
v 0.138608 0.072752 0.011607 0.5882 0.3725 0.1765
v 0.138403 0.072640 0.011171 0.5882 0.3725 0.1765
v 0.137829 0.073686 0.011607 0.5882 0.3725 0.1765
v 0.137682 0.073505 0.011171 0.5882 0.3725 0.1765
v 0.136752 0.074252 0.011607 0.5882 0.3725 0.1765
v 0.136685 0.074027 0.011171 0.5882 0.3725 0.1765
v 0.135540 0.074362 0.011607 0.5882 0.3725 0.1765
v 0.135565 0.074129 0.011171 0.5882 0.3725 0.1765
v 0.134378 0.074000 0.011607 0.5882 0.3725 0.1765
v 0.134490 0.073794 0.011171 0.5882 0.3725 0.1765
v 0.133444 0.073221 0.011607 0.5882 0.3725 0.1765
v 0.133626 0.073074 0.011171 0.5882 0.3725 0.1765
v 0.132879 0.072143 0.011607 0.5882 0.3725 0.1765
v 0.133103 0.072077 0.011171 0.5882 0.3725 0.1765
v 0.086649 0.070574 0.011409 0.3608 0.3686 0.3882
v 0.086867 0.070597 0.011001 0.3608 0.3686 0.3882
v 0.086989 0.069486 0.011409 0.3608 0.3686 0.3882
v 0.087181 0.069590 0.011001 0.3608 0.3686 0.3882
v 0.087718 0.068610 0.011409 0.3608 0.3686 0.3882
v 0.087856 0.068781 0.011001 0.3608 0.3686 0.3882
v 0.088727 0.068081 0.011409 0.3608 0.3686 0.3882
v 0.088790 0.068291 0.011001 0.3608 0.3686 0.3882
v 0.089862 0.067978 0.011409 0.3608 0.3686 0.3882
v 0.089839 0.068195 0.011001 0.3608 0.3686 0.3882
v 0.090951 0.068317 0.011409 0.3608 0.3686 0.3882
v 0.090846 0.068509 0.011001 0.3608 0.3686 0.3882
v 0.091826 0.069047 0.011409 0.3608 0.3686 0.3882
v 0.091655 0.069184 0.011001 0.3608 0.3686 0.3882
v 0.092355 0.070056 0.011409 0.3608 0.3686 0.3882
v 0.092145 0.070118 0.011001 0.3608 0.3686 0.3882
v 0.092458 0.071191 0.011409 0.3608 0.3686 0.3882
v 0.092240 0.071168 0.011001 0.3608 0.3686 0.3882
v 0.092119 0.072279 0.011409 0.3608 0.3686 0.3882
v 0.091927 0.072174 0.011001 0.3608 0.3686 0.3882
v 0.091389 0.073154 0.011409 0.3608 0.3686 0.3882
v 0.091252 0.072984 0.011001 0.3608 0.3686 0.3882
v 0.090380 0.073684 0.011409 0.3608 0.3686 0.3882
v 0.090318 0.073474 0.011001 0.3608 0.3686 0.3882
v 0.089245 0.073787 0.011409 0.3608 0.3686 0.3882
v 0.089268 0.073569 0.011001 0.3608 0.3686 0.3882
v 0.088157 0.073447 0.011409 0.3608 0.3686 0.3882
v 0.088262 0.073255 0.011001 0.3608 0.3686 0.3882
v 0.087282 0.072718 0.011409 0.3608 0.3686 0.3882
v 0.087452 0.072580 0.011001 0.3608 0.3686 0.3882
v 0.086753 0.071709 0.011409 0.3608 0.3686 0.3882
v 0.086963 0.071646 0.011001 0.3608 0.3686 0.3882
v 0.073162 0.067893 0.011409 0.3608 0.3686 0.3882
v 0.073340 0.067912 0.011001 0.3608 0.3686 0.3882
v 0.073440 0.067002 0.011409 0.3608 0.3686 0.3882
v 0.073597 0.067088 0.011001 0.3608 0.3686 0.3882
v 0.074038 0.066285 0.011409 0.3608 0.3686 0.3882
v 0.074150 0.066424 0.011001 0.3608 0.3686 0.3882
v 0.074864 0.065851 0.011409 0.3608 0.3686 0.3882
v 0.074915 0.066023 0.011001 0.3608 0.3686 0.3882
v 0.075794 0.065766 0.011409 0.3608 0.3686 0.3882
v 0.075775 0.065945 0.011001 0.3608 0.3686 0.3882
v 0.076685 0.066044 0.011409 0.3608 0.3686 0.3882
v 0.076600 0.066202 0.011001 0.3608 0.3686 0.3882
v 0.077403 0.066642 0.011409 0.3608 0.3686 0.3882
v 0.077263 0.066755 0.011001 0.3608 0.3686 0.3882
v 0.077836 0.067469 0.011409 0.3608 0.3686 0.3882
v 0.077664 0.067520 0.011001 0.3608 0.3686 0.3882
v 0.077921 0.068399 0.011409 0.3608 0.3686 0.3882
v 0.077742 0.068380 0.011001 0.3608 0.3686 0.3882
v 0.077643 0.069290 0.011409 0.3608 0.3686 0.3882
v 0.077485 0.069204 0.011001 0.3608 0.3686 0.3882
v 0.077045 0.070007 0.011409 0.3608 0.3686 0.3882
v 0.076932 0.069867 0.011001 0.3608 0.3686 0.3882
v 0.076218 0.070441 0.011409 0.3608 0.3686 0.3882
v 0.076168 0.070269 0.011001 0.3608 0.3686 0.3882
v 0.075289 0.070525 0.011409 0.3608 0.3686 0.3882
v 0.075308 0.070347 0.011001 0.3608 0.3686 0.3882
v 0.074397 0.070247 0.011409 0.3608 0.3686 0.3882
v 0.074483 0.070090 0.011001 0.3608 0.3686 0.3882
v 0.073680 0.069650 0.011409 0.3608 0.3686 0.3882
v 0.073820 0.069537 0.011001 0.3608 0.3686 0.3882
v 0.073246 0.068823 0.011409 0.3608 0.3686 0.3882
v 0.073418 0.068772 0.011001 0.3608 0.3686 0.3882
v -0.099425 0.127268 0.037982 0.3608 0.3686 0.3882
v -0.099843 0.131199 0.037982 0.3608 0.3686 0.3882
v -0.047267 0.135577 0.026532 0.3608 0.3686 0.3882
v -0.099425 0.127268 0.027827 0.3608 0.3686 0.3882
v -0.099843 0.131199 0.027827 0.3608 0.3686 0.3882
v -0.048594 0.135436 0.026532 0.3608 0.3686 0.3882
v -0.043292 0.137216 0.026289 0.3608 0.3686 0.3882
v -0.084515 0.128853 0.039841 0.3608 0.3686 0.3882
v -0.084932 0.132783 0.039841 0.3608 0.3686 0.3882
v -0.047570 0.135571 0.031807 0.3608 0.3686 0.3882
v -0.042239 0.137328 0.027061 0.3608 0.3686 0.3882
v -0.046830 0.135802 0.031807 0.3608 0.3686 0.3882
v -0.049922 0.135295 0.026532 0.3608 0.3686 0.3882
v -0.084515 0.128853 0.025968 0.3608 0.3686 0.3882
v -0.051250 0.135154 0.026532 0.3608 0.3686 0.3882
v -0.084932 0.132783 0.025968 0.3608 0.3686 0.3882
v -0.046236 0.136298 0.031807 0.3608 0.3686 0.3882
v -0.084932 0.132783 0.037982 0.3608 0.3686 0.3882
v -0.041347 0.137422 0.028432 0.3608 0.3686 0.3882
v -0.047570 0.135571 0.034002 0.3608 0.3686 0.3882
v -0.084515 0.128853 0.027827 0.3608 0.3686 0.3882
v -0.052577 0.135013 0.026532 0.3608 0.3686 0.3882
v -0.040751 0.137486 0.030484 0.3608 0.3686 0.3882
v -0.046236 0.136298 0.034002 0.3608 0.3686 0.3882
v -0.053905 0.134872 0.026532 0.3608 0.3686 0.3882
v -0.084515 0.128853 0.037982 0.3608 0.3686 0.3882
v -0.084932 0.132783 0.027827 0.3608 0.3686 0.3882
v -0.046830 0.135802 0.034002 0.3608 0.3686 0.3882
v -0.040542 0.137508 0.032904 0.3608 0.3686 0.3882
v -0.043991 0.133158 0.039841 0.3608 0.3686 0.3882
v -0.044409 0.137089 0.025968 0.3608 0.3686 0.3882
v -0.044409 0.137089 0.039841 0.3608 0.3686 0.3882
v -0.055232 0.134731 0.026532 0.3608 0.3686 0.3882
v -0.040751 0.137486 0.035325 0.3608 0.3686 0.3882
v -0.043991 0.133158 0.025968 0.3608 0.3686 0.3882
v -0.056560 0.134590 0.026532 0.3608 0.3686 0.3882
v -0.043991 0.133158 0.044448 0.3608 0.3686 0.3882
v -0.041347 0.137422 0.037377 0.3608 0.3686 0.3882
v -0.039000 0.133688 0.044448 0.3608 0.3686 0.3882
v -0.042239 0.137328 0.038748 0.3608 0.3686 0.3882
v -0.043292 0.137216 0.039520 0.3608 0.3686 0.3882
v -0.057888 0.134449 0.026532 0.3608 0.3686 0.3882
v -0.039000 0.133688 0.021361 0.3608 0.3686 0.3882
v -0.043991 0.133158 0.021361 0.3608 0.3686 0.3882
v -0.039818 0.141388 0.021361 0.3608 0.3686 0.3882
v -0.059215 0.134308 0.026532 0.3608 0.3686 0.3882
v -0.039818 0.141388 0.044448 0.3608 0.3686 0.3882
v -0.044497 0.138571 0.021361 0.3608 0.3686 0.3882
v -0.042338 0.141121 0.021361 0.3608 0.3686 0.3882
v -0.042338 0.141121 0.044448 0.3608 0.3686 0.3882
v -0.044497 0.138571 0.044448 0.3608 0.3686 0.3882
v -0.039575 0.139094 0.033844 0.3608 0.3686 0.3882
v -0.060543 0.134167 0.026532 0.3608 0.3686 0.3882
v -0.039575 0.139094 0.031964 0.3608 0.3686 0.3882
v -0.039818 0.141388 0.031964 0.3608 0.3686 0.3882
v -0.061870 0.134026 0.026532 0.3608 0.3686 0.3882
v -0.039818 0.141388 0.033844 0.3608 0.3686 0.3882
v -0.042338 0.141121 0.038285 0.3608 0.3686 0.3882
v -0.041747 0.141184 0.037377 0.3608 0.3686 0.3882
v -0.041151 0.141247 0.035325 0.3608 0.3686 0.3882
v -0.041023 0.141260 0.033844 0.3608 0.3686 0.3882
v -0.041023 0.141260 0.031964 0.3608 0.3686 0.3882
v -0.063198 0.133885 0.026532 0.3608 0.3686 0.3882
v -0.042338 0.141121 0.027524 0.3608 0.3686 0.3882
v -0.041747 0.141184 0.028432 0.3608 0.3686 0.3882
v -0.064526 0.133744 0.026532 0.3608 0.3686 0.3882
v -0.041151 0.141247 0.030484 0.3608 0.3686 0.3882
v -0.042608 0.140801 0.038748 0.3608 0.3686 0.3882
v -0.044497 0.138571 0.039843 0.3608 0.3686 0.3882
v -0.043554 0.139685 0.039520 0.3608 0.3686 0.3882
v -0.042608 0.140801 0.027061 0.3608 0.3686 0.3882
v -0.044497 0.138571 0.025977 0.3608 0.3686 0.3882
v -0.065853 0.133603 0.026532 0.3608 0.3686 0.3882
v -0.043554 0.139685 0.026289 0.3608 0.3686 0.3882
v -0.040779 0.138966 0.033844 0.3608 0.3686 0.3882
v -0.067181 0.133462 0.026532 0.3608 0.3686 0.3882
v -0.040779 0.138966 0.031964 0.3608 0.3686 0.3882
v -0.040698 0.138974 0.032904 0.3608 0.3686 0.3882
v -0.099719 0.130031 0.034002 0.3608 0.3686 0.3882
v -0.099843 0.131199 0.031807 0.3608 0.3686 0.3882
v -0.099719 0.130031 0.031807 0.3608 0.3686 0.3882
v -0.099843 0.131199 0.034002 0.3608 0.3686 0.3882
v -0.068509 0.133321 0.026532 0.3608 0.3686 0.3882
v -0.045904 0.136930 0.034002 0.3608 0.3686 0.3882
v -0.045904 0.136930 0.031807 0.3608 0.3686 0.3882
v -0.069836 0.133180 0.026532 0.3608 0.3686 0.3882
v -0.071164 0.133039 0.026532 0.3608 0.3686 0.3882
v -0.072491 0.132898 0.026532 0.3608 0.3686 0.3882
v -0.073819 0.132757 0.026532 0.3608 0.3686 0.3882
v -0.075147 0.132615 0.026532 0.3608 0.3686 0.3882
v -0.076474 0.132474 0.026532 0.3608 0.3686 0.3882
v -0.077802 0.132333 0.026532 0.3608 0.3686 0.3882
v -0.079130 0.132192 0.026532 0.3608 0.3686 0.3882
v -0.080457 0.132051 0.026532 0.3608 0.3686 0.3882
v -0.081785 0.131910 0.026532 0.3608 0.3686 0.3882
v -0.083112 0.131769 0.026532 0.3608 0.3686 0.3882
v -0.047267 0.135577 0.039277 0.3608 0.3686 0.3882
v -0.048594 0.135436 0.039277 0.3608 0.3686 0.3882
v -0.049922 0.135295 0.039277 0.3608 0.3686 0.3882
v -0.051250 0.135154 0.039277 0.3608 0.3686 0.3882
v -0.052577 0.135013 0.039277 0.3608 0.3686 0.3882
v -0.053905 0.134872 0.039277 0.3608 0.3686 0.3882
v -0.055232 0.134731 0.039277 0.3608 0.3686 0.3882
v -0.056560 0.134590 0.039277 0.3608 0.3686 0.3882
v -0.057888 0.134449 0.039277 0.3608 0.3686 0.3882
v -0.059215 0.134308 0.039277 0.3608 0.3686 0.3882
v -0.060543 0.134167 0.039277 0.3608 0.3686 0.3882
v -0.061870 0.134026 0.039277 0.3608 0.3686 0.3882
v -0.063198 0.133885 0.039277 0.3608 0.3686 0.3882
v -0.064526 0.133744 0.039277 0.3608 0.3686 0.3882
v -0.065853 0.133603 0.039277 0.3608 0.3686 0.3882
v -0.067181 0.133462 0.039277 0.3608 0.3686 0.3882
v -0.068509 0.133321 0.039277 0.3608 0.3686 0.3882
v -0.069836 0.133180 0.039277 0.3608 0.3686 0.3882
v -0.071164 0.133039 0.039277 0.3608 0.3686 0.3882
v -0.072491 0.132898 0.039277 0.3608 0.3686 0.3882
v -0.073819 0.132757 0.039277 0.3608 0.3686 0.3882
v -0.075147 0.132615 0.039277 0.3608 0.3686 0.3882
v -0.076474 0.132474 0.039277 0.3608 0.3686 0.3882
v -0.077802 0.132333 0.039277 0.3608 0.3686 0.3882
v -0.079130 0.132192 0.039277 0.3608 0.3686 0.3882
v -0.080457 0.132051 0.039277 0.3608 0.3686 0.3882
v -0.081785 0.131910 0.039277 0.3608 0.3686 0.3882
v -0.083112 0.131769 0.039277 0.3608 0.3686 0.3882
v -0.047267 0.135577 0.039841 0.3608 0.3686 0.3882
v -0.049922 0.135295 0.039841 0.3608 0.3686 0.3882
v -0.048594 0.135436 0.039841 0.3608 0.3686 0.3882
v -0.053905 0.134872 0.039841 0.3608 0.3686 0.3882
v -0.052577 0.135013 0.039841 0.3608 0.3686 0.3882
v -0.055232 0.134731 0.039841 0.3608 0.3686 0.3882
v -0.056560 0.134590 0.039841 0.3608 0.3686 0.3882
v -0.057888 0.134449 0.039841 0.3608 0.3686 0.3882
v -0.051250 0.135154 0.039841 0.3608 0.3686 0.3882
v -0.059215 0.134308 0.039841 0.3608 0.3686 0.3882
v -0.060543 0.134167 0.039841 0.3608 0.3686 0.3882
v -0.061870 0.134026 0.039841 0.3608 0.3686 0.3882
v -0.063198 0.133885 0.039841 0.3608 0.3686 0.3882
v -0.064526 0.133744 0.039841 0.3608 0.3686 0.3882
v -0.068509 0.133321 0.039841 0.3608 0.3686 0.3882
v -0.067181 0.133462 0.039841 0.3608 0.3686 0.3882
v -0.069836 0.133180 0.039841 0.3608 0.3686 0.3882
v -0.071164 0.133039 0.039841 0.3608 0.3686 0.3882
v -0.072491 0.132898 0.039841 0.3608 0.3686 0.3882
v -0.065853 0.133603 0.039841 0.3608 0.3686 0.3882
v -0.048304 0.132700 0.039841 0.3608 0.3686 0.3882
v -0.046976 0.132841 0.039841 0.3608 0.3686 0.3882
v -0.049631 0.132559 0.039841 0.3608 0.3686 0.3882
v -0.050959 0.132418 0.039841 0.3608 0.3686 0.3882
v -0.052286 0.132277 0.039841 0.3608 0.3686 0.3882
v -0.053614 0.132136 0.039841 0.3608 0.3686 0.3882
v -0.054942 0.131994 0.039841 0.3608 0.3686 0.3882
v -0.056269 0.131853 0.039841 0.3608 0.3686 0.3882
v -0.058924 0.131571 0.039841 0.3608 0.3686 0.3882
v -0.060252 0.131430 0.039841 0.3608 0.3686 0.3882
v -0.061580 0.131289 0.039841 0.3608 0.3686 0.3882
v -0.062907 0.131148 0.039841 0.3608 0.3686 0.3882
v -0.064235 0.131007 0.039841 0.3608 0.3686 0.3882
v -0.065563 0.130866 0.039841 0.3608 0.3686 0.3882
v -0.066890 0.130725 0.039841 0.3608 0.3686 0.3882
v -0.057597 0.131712 0.039841 0.3608 0.3686 0.3882
v -0.069546 0.130443 0.039841 0.3608 0.3686 0.3882
v -0.068218 0.130584 0.039841 0.3608 0.3686 0.3882
v -0.070873 0.130302 0.039841 0.3608 0.3686 0.3882
v -0.073528 0.130020 0.039841 0.3608 0.3686 0.3882
v -0.072201 0.130161 0.039841 0.3608 0.3686 0.3882
v -0.073819 0.132757 0.039841 0.3608 0.3686 0.3882
v -0.075147 0.132615 0.039841 0.3608 0.3686 0.3882
v -0.074856 0.129879 0.039841 0.3608 0.3686 0.3882
v -0.077511 0.129597 0.039841 0.3608 0.3686 0.3882
v -0.076474 0.132474 0.039841 0.3608 0.3686 0.3882
v -0.078839 0.129456 0.039841 0.3608 0.3686 0.3882
v -0.080166 0.129315 0.039841 0.3608 0.3686 0.3882
v -0.079130 0.132192 0.039841 0.3608 0.3686 0.3882
v -0.077802 0.132333 0.039841 0.3608 0.3686 0.3882
v -0.081785 0.131910 0.039841 0.3608 0.3686 0.3882
v -0.080457 0.132051 0.039841 0.3608 0.3686 0.3882
v -0.082822 0.129032 0.039841 0.3608 0.3686 0.3882
v -0.083112 0.131769 0.039841 0.3608 0.3686 0.3882
v -0.081494 0.129173 0.039841 0.3608 0.3686 0.3882
v -0.076184 0.129738 0.039841 0.3608 0.3686 0.3882
v -0.073528 0.130020 0.027296 0.3608 0.3686 0.3882
v -0.074856 0.129879 0.027296 0.3608 0.3686 0.3882
v -0.076184 0.129738 0.027296 0.3608 0.3686 0.3882
v -0.077511 0.129597 0.027296 0.3608 0.3686 0.3882
v -0.078839 0.129456 0.027296 0.3608 0.3686 0.3882
v -0.080166 0.129315 0.027296 0.3608 0.3686 0.3882
v -0.081494 0.129173 0.027296 0.3608 0.3686 0.3882
v -0.082822 0.129032 0.027296 0.3608 0.3686 0.3882
v -0.046976 0.132841 0.025968 0.3608 0.3686 0.3882
v -0.048304 0.132700 0.025968 0.3608 0.3686 0.3882
v -0.049631 0.132559 0.025968 0.3608 0.3686 0.3882
v -0.050959 0.132418 0.025968 0.3608 0.3686 0.3882
v -0.052286 0.132277 0.025968 0.3608 0.3686 0.3882
v -0.053614 0.132135 0.025968 0.3608 0.3686 0.3882
v -0.054942 0.131994 0.025968 0.3608 0.3686 0.3882
v -0.056269 0.131853 0.025968 0.3608 0.3686 0.3882
v -0.057597 0.131712 0.025968 0.3608 0.3686 0.3882
v -0.058924 0.131571 0.025968 0.3608 0.3686 0.3882
v -0.060252 0.131430 0.025968 0.3608 0.3686 0.3882
v -0.061580 0.131289 0.025968 0.3608 0.3686 0.3882
v -0.062907 0.131148 0.025968 0.3608 0.3686 0.3882
v -0.064235 0.131007 0.025968 0.3608 0.3686 0.3882
v -0.065563 0.130866 0.025968 0.3608 0.3686 0.3882
v -0.066890 0.130725 0.025968 0.3608 0.3686 0.3882
v -0.068218 0.130584 0.025968 0.3608 0.3686 0.3882
v -0.069546 0.130443 0.025968 0.3608 0.3686 0.3882
v -0.070873 0.130302 0.025968 0.3608 0.3686 0.3882
v -0.072201 0.130161 0.025968 0.3608 0.3686 0.3882
v -0.073528 0.130020 0.025968 0.3608 0.3686 0.3882
v -0.074856 0.129879 0.025968 0.3608 0.3686 0.3882
v -0.076184 0.129738 0.025968 0.3608 0.3686 0.3882
v -0.077511 0.129597 0.025968 0.3608 0.3686 0.3882
v -0.078839 0.129456 0.025968 0.3608 0.3686 0.3882
v -0.080166 0.129315 0.025968 0.3608 0.3686 0.3882
v -0.081494 0.129173 0.025968 0.3608 0.3686 0.3882
v -0.082822 0.129032 0.025968 0.3608 0.3686 0.3882
v -0.082822 0.129032 0.038514 0.3608 0.3686 0.3882
v -0.081494 0.129173 0.038514 0.3608 0.3686 0.3882
v -0.080166 0.129315 0.038514 0.3608 0.3686 0.3882
v -0.076184 0.129738 0.038514 0.3608 0.3686 0.3882
v -0.077511 0.129597 0.038514 0.3608 0.3686 0.3882
v -0.078839 0.129456 0.038514 0.3608 0.3686 0.3882
v -0.073528 0.130020 0.038514 0.3608 0.3686 0.3882
v -0.074856 0.129879 0.038514 0.3608 0.3686 0.3882
v -0.046976 0.132841 0.038514 0.3608 0.3686 0.3882
v -0.048304 0.132700 0.038514 0.3608 0.3686 0.3882
v -0.046976 0.132841 0.027296 0.3608 0.3686 0.3882
v -0.048304 0.132700 0.027296 0.3608 0.3686 0.3882
v -0.049631 0.132559 0.027296 0.3608 0.3686 0.3882
v -0.050959 0.132418 0.027296 0.3608 0.3686 0.3882
v -0.052286 0.132277 0.027296 0.3608 0.3686 0.3882
v -0.053614 0.132135 0.027296 0.3608 0.3686 0.3882
v -0.054942 0.131994 0.027296 0.3608 0.3686 0.3882
v -0.056269 0.131853 0.027296 0.3608 0.3686 0.3882
v -0.057597 0.131712 0.027296 0.3608 0.3686 0.3882
v -0.058924 0.131571 0.027296 0.3608 0.3686 0.3882
v -0.060252 0.131430 0.027296 0.3608 0.3686 0.3882
v -0.061580 0.131289 0.027296 0.3608 0.3686 0.3882
v -0.062907 0.131148 0.027296 0.3608 0.3686 0.3882
v -0.064235 0.131007 0.027296 0.3608 0.3686 0.3882
v -0.065563 0.130866 0.027296 0.3608 0.3686 0.3882
v -0.066890 0.130725 0.027296 0.3608 0.3686 0.3882
v -0.072201 0.130161 0.027296 0.3608 0.3686 0.3882
v -0.068218 0.130584 0.027296 0.3608 0.3686 0.3882
v -0.069546 0.130443 0.027296 0.3608 0.3686 0.3882
v -0.070873 0.130302 0.027296 0.3608 0.3686 0.3882
v -0.049631 0.132559 0.038514 0.3608 0.3686 0.3882
v -0.050959 0.132418 0.038514 0.3608 0.3686 0.3882
v -0.052286 0.132277 0.038514 0.3608 0.3686 0.3882
v -0.053614 0.132135 0.038514 0.3608 0.3686 0.3882
v -0.054942 0.131994 0.038514 0.3608 0.3686 0.3882
v -0.056269 0.131853 0.038514 0.3608 0.3686 0.3882
v -0.057597 0.131712 0.038514 0.3608 0.3686 0.3882
v -0.058924 0.131571 0.038514 0.3608 0.3686 0.3882
v -0.060252 0.131430 0.038514 0.3608 0.3686 0.3882
v -0.061580 0.131289 0.038514 0.3608 0.3686 0.3882
v -0.062907 0.131148 0.038514 0.3608 0.3686 0.3882
v -0.064235 0.131007 0.038514 0.3608 0.3686 0.3882
v -0.065563 0.130866 0.038514 0.3608 0.3686 0.3882
v -0.066890 0.130725 0.038514 0.3608 0.3686 0.3882
v -0.068218 0.130584 0.038514 0.3608 0.3686 0.3882
v -0.069546 0.130443 0.038514 0.3608 0.3686 0.3882
v -0.070873 0.130302 0.038514 0.3608 0.3686 0.3882
v -0.072201 0.130161 0.038514 0.3608 0.3686 0.3882
v -0.057888 0.134449 0.025968 0.3608 0.3686 0.3882
v -0.059215 0.134308 0.025968 0.3608 0.3686 0.3882
v -0.063198 0.133885 0.025968 0.3608 0.3686 0.3882
v -0.061870 0.134026 0.025968 0.3608 0.3686 0.3882
v -0.060543 0.134167 0.025968 0.3608 0.3686 0.3882
v -0.067181 0.133462 0.025968 0.3608 0.3686 0.3882
v -0.065853 0.133603 0.025968 0.3608 0.3686 0.3882
v -0.064526 0.133744 0.025968 0.3608 0.3686 0.3882
v -0.068509 0.133321 0.025968 0.3608 0.3686 0.3882
v -0.071164 0.133039 0.025968 0.3608 0.3686 0.3882
v -0.069836 0.133180 0.025968 0.3608 0.3686 0.3882
v -0.073819 0.132757 0.025968 0.3608 0.3686 0.3882
v -0.072491 0.132898 0.025968 0.3608 0.3686 0.3882
v -0.076474 0.132474 0.025968 0.3608 0.3686 0.3882
v -0.075147 0.132615 0.025968 0.3608 0.3686 0.3882
v -0.077802 0.132333 0.025968 0.3608 0.3686 0.3882
v -0.079130 0.132192 0.025968 0.3608 0.3686 0.3882
v -0.080457 0.132051 0.025968 0.3608 0.3686 0.3882
v -0.083112 0.131769 0.025968 0.3608 0.3686 0.3882
v -0.081785 0.131910 0.025968 0.3608 0.3686 0.3882
v -0.047267 0.135577 0.025968 0.3608 0.3686 0.3882
v -0.048594 0.135436 0.025968 0.3608 0.3686 0.3882
v -0.049922 0.135295 0.025968 0.3608 0.3686 0.3882
v -0.052577 0.135013 0.025968 0.3608 0.3686 0.3882
v -0.051250 0.135154 0.025968 0.3608 0.3686 0.3882
v -0.055232 0.134731 0.025968 0.3608 0.3686 0.3882
v -0.053905 0.134872 0.025968 0.3608 0.3686 0.3882
v -0.056560 0.134590 0.025968 0.3608 0.3686 0.3882
v -0.462251 0.096491 0.032904 0.5882 0.3725 0.1765
v -0.461719 0.091476 0.032904 0.5882 0.3725 0.1765
v -0.462385 0.096477 0.033407 0.5882 0.3725 0.1765
v -0.461852 0.091462 0.033407 0.5882 0.3725 0.1765
v -0.462751 0.096438 0.033774 0.5882 0.3725 0.1765
v -0.462218 0.091423 0.033774 0.5882 0.3725 0.1765
v -0.463250 0.096385 0.033909 0.5882 0.3725 0.1765
v -0.462717 0.091370 0.033909 0.5882 0.3725 0.1765
v -0.463749 0.096332 0.033774 0.5882 0.3725 0.1765
v -0.463217 0.091317 0.033774 0.5882 0.3725 0.1765
v -0.464115 0.096293 0.033407 0.5882 0.3725 0.1765
v -0.463582 0.091279 0.033407 0.5882 0.3725 0.1765
v -0.464249 0.096279 0.032904 0.5882 0.3725 0.1765
v -0.463716 0.091264 0.032904 0.5882 0.3725 0.1765
v -0.464115 0.096293 0.032402 0.5882 0.3725 0.1765
v -0.463582 0.091279 0.032402 0.5882 0.3725 0.1765
v -0.463749 0.096332 0.032035 0.5882 0.3725 0.1765
v -0.463217 0.091317 0.032035 0.5882 0.3725 0.1765
v -0.463250 0.096385 0.031900 0.5882 0.3725 0.1765
v -0.462717 0.091370 0.031900 0.5882 0.3725 0.1765
v -0.462751 0.096438 0.032035 0.5882 0.3725 0.1765
v -0.462218 0.091423 0.032035 0.5882 0.3725 0.1765
v -0.462385 0.096477 0.032402 0.5882 0.3725 0.1765
v -0.461852 0.091462 0.032402 0.5882 0.3725 0.1765
v 0.224209 0.118459 0.051828 0.5882 0.3725 0.1765
v 0.222311 0.118257 0.012993 0.5882 0.3725 0.1765
v 0.224469 0.118486 0.015179 0.5882 0.3725 0.1765
v 0.224208 0.118458 0.013979 0.5882 0.3725 0.1765
v 0.125013 0.115942 0.013453 0.5882 0.3725 0.1765
v 0.122863 0.116044 0.013452 0.3608 0.3686 0.3882
v 0.129231 0.114254 0.013444 0.5882 0.3725 0.1765
v -0.043562 0.115207 0.021675 0.3608 0.3686 0.3882
v 0.010459 0.095700 0.052788 0.3608 0.3686 0.3882
v 0.008494 0.096213 0.052766 0.3608 0.3686 0.3882
v 0.006257 0.099284 0.052666 0.3608 0.3686 0.3882
v 0.005627 0.102330 0.052572 0.3608 0.3686 0.3882
v 0.006964 0.097449 0.052724 0.3608 0.3686 0.3882
v 0.004625 0.103532 0.052533 0.3608 0.3686 0.3882
v 0.003239 0.104259 0.052507 0.3608 0.3686 0.3882
v -0.037183 0.100271 0.052497 0.3608 0.3686 0.3882
v -0.042395 0.104270 0.051653 0.3608 0.3686 0.3882
v 0.047142 0.117103 0.019133 0.3608 0.3686 0.3882
v 0.141301 0.109599 0.013020 0.5882 0.3725 0.1765
v 0.049423 0.112041 0.012601 0.3608 0.3686 0.3882
v 0.192921 0.147259 0.034187 0.5882 0.3725 0.1765
v 0.188270 0.148640 0.034361 0.3608 0.3686 0.3882
v 0.200436 0.140426 0.042007 0.5882 0.3725 0.1765
v 0.198654 0.140277 0.043601 0.3608 0.3686 0.3882
v 0.193191 0.147014 0.036206 0.5882 0.3725 0.1765
v 0.188612 0.148342 0.036863 0.3608 0.3686 0.3882
v 0.193909 0.146362 0.037944 0.5882 0.3725 0.1765
v 0.189628 0.147516 0.039079 0.3608 0.3686 0.3882
v 0.195167 0.145218 0.039587 0.5882 0.3725 0.1765
v 0.191257 0.146202 0.040977 0.3608 0.3686 0.3882
v 0.196929 0.143617 0.040940 0.5882 0.3725 0.1765
v 0.193397 0.144492 0.042421 0.3608 0.3686 0.3882
v 0.199071 0.141669 0.041824 0.5882 0.3725 0.1765
v 0.195913 0.142512 0.043308 0.5882 0.3725 0.1765
v 0.200436 0.140426 0.023802 0.5882 0.3725 0.1765
v 0.198655 0.140272 0.022206 0.5882 0.3725 0.1765
v 0.192921 0.147259 0.031622 0.5882 0.3725 0.1765
v 0.188270 0.148640 0.031448 0.3608 0.3686 0.3882
v 0.199071 0.141669 0.023985 0.5882 0.3725 0.1765
v 0.195913 0.142512 0.022501 0.5882 0.3725 0.1765
v 0.196929 0.143617 0.024869 0.5882 0.3725 0.1765
v 0.193397 0.144492 0.023388 0.5882 0.3725 0.1765
v 0.195167 0.145218 0.026222 0.5882 0.3725 0.1765
v 0.191257 0.146202 0.024832 0.3608 0.3686 0.3882
v 0.193909 0.146362 0.027865 0.5882 0.3725 0.1765
v 0.189628 0.147516 0.026729 0.3608 0.3686 0.3882
v 0.193191 0.147014 0.029602 0.5882 0.3725 0.1765
v 0.188612 0.148342 0.028945 0.3608 0.3686 0.3882
v 0.205420 0.135886 0.042057 0.5882 0.3725 0.1765
v 0.208224 0.133394 0.043664 0.5882 0.3725 0.1765
v 0.202506 0.136241 0.043644 0.5882 0.3725 0.1765
v 0.205502 0.132867 0.046419 0.5882 0.3725 0.1765
v 0.202505 0.136251 0.022165 0.5882 0.3725 0.1765
v 0.205501 0.132869 0.019399 0.3608 0.3686 0.3882
v 0.205420 0.135886 0.023752 0.5882 0.3725 0.1765
v 0.208224 0.133394 0.022144 0.5882 0.3725 0.1765
v 0.216832 0.121174 0.038386 0.5882 0.3725 0.1765
v 0.206195 0.133586 0.026239 0.5882 0.3725 0.1765
v 0.210856 0.131167 0.026372 0.5882 0.3725 0.1765
v -0.044429 0.123589 0.028973 0.3608 0.3686 0.3882
v -0.043058 0.110364 0.043585 0.3608 0.3686 0.3882
v -0.043769 0.117201 0.043259 0.3608 0.3686 0.3882
v -0.043994 0.119380 0.042351 0.3608 0.3686 0.3882
v -0.044429 0.123589 0.036836 0.3608 0.3686 0.3882
v -0.043994 0.119380 0.023458 0.3608 0.3686 0.3882
v 0.209325 0.132482 0.045450 0.5882 0.3725 0.1765
v 0.213905 0.128637 0.048773 0.5882 0.3725 0.1765
v 0.210856 0.131167 0.039437 0.5882 0.3725 0.1765
v 0.211331 0.130784 0.047674 0.5882 0.3725 0.1765
v 0.206825 0.131740 0.049379 0.5882 0.3725 0.1765
v 0.211224 0.128866 0.051777 0.3608 0.3686 0.3882
v 0.208707 0.130484 0.051152 0.5882 0.3725 0.1765
v 0.211228 0.128863 0.014036 0.5882 0.3725 0.1765
v 0.206825 0.131729 0.016404 0.5882 0.3725 0.1765
v 0.208710 0.130463 0.014647 0.5882 0.3725 0.1765
v 0.213905 0.128637 0.017042 0.5882 0.3725 0.1765
v 0.209325 0.132482 0.020359 0.5882 0.3725 0.1765
v 0.211331 0.130784 0.018137 0.5882 0.3725 0.1765
v -0.042641 0.106589 0.046302 0.3608 0.3686 0.3882
v -0.044476 0.124035 0.032323 0.3608 0.3686 0.3882
v 0.126284 0.119881 0.013203 0.5882 0.3725 0.1765
v 0.037153 0.125899 0.022215 0.5882 0.3725 0.1765
v 0.019571 0.103111 0.054777 0.3608 0.3686 0.3882
v 0.208326 0.125371 0.037423 0.5882 0.3725 0.1765
v 0.207291 0.135119 0.037423 0.5882 0.3725 0.1765
v 0.019685 0.102039 0.054331 0.5882 0.3725 0.1765
v 0.208326 0.125371 0.028385 0.5882 0.3725 0.1765
v 0.018924 0.102270 0.054134 0.3608 0.3686 0.3882
v 0.207291 0.135119 0.028385 0.5882 0.3725 0.1765
v 0.018499 0.102997 0.054332 0.3608 0.3686 0.3882
v 0.019447 0.104280 0.054777 0.3608 0.3686 0.3882
v 0.225834 0.118631 0.050211 0.5882 0.3725 0.1765
v 0.018676 0.104958 0.054134 0.3608 0.3686 0.3882
v 0.222529 0.118280 0.054202 0.5882 0.3725 0.1765
v 0.225494 0.118595 0.051981 0.5882 0.3725 0.1765
v 0.018375 0.104166 0.054332 0.3608 0.3686 0.3882
v 0.019346 0.105223 0.054384 0.3608 0.3686 0.3882
v 0.224546 0.118494 0.053258 0.5882 0.3725 0.1765
v 0.203138 0.122613 0.054633 0.5882 0.3725 0.1765
v 0.222529 0.118280 0.011607 0.5882 0.3725 0.1765
v 0.204003 0.122705 0.054272 0.5882 0.3725 0.1765
v 0.225834 0.118631 0.015584 0.5882 0.3725 0.1765
v 0.224489 0.118488 0.012425 0.5882 0.3725 0.1765
v 0.203234 0.121707 0.054298 0.5882 0.3725 0.1765
v 0.203014 0.123782 0.054633 0.5882 0.3725 0.1765
v 0.225482 0.118594 0.013721 0.5882 0.3725 0.1765
v 0.202913 0.124725 0.054241 0.5882 0.3725 0.1765
v 0.221771 0.121013 0.011736 0.5882 0.3725 0.1765
v 0.203879 0.123874 0.054272 0.5882 0.3725 0.1765
v 0.224781 0.122246 0.015870 0.5882 0.3725 0.1765
v 0.209207 0.123273 0.011062 0.5882 0.3725 0.1765
v 0.223276 0.121630 0.012683 0.5882 0.3725 0.1765
v 0.174338 0.150094 0.034086 0.5882 0.3725 0.1765
v 0.209322 0.122187 0.011471 0.5882 0.3725 0.1765
v 0.224378 0.122081 0.014011 0.5882 0.3725 0.1765
v 0.221771 0.121013 0.054085 0.5882 0.3725 0.1765
v 0.174482 0.149660 0.034613 0.5882 0.3725 0.1765
v 0.210018 0.122566 0.011679 0.5882 0.3725 0.1765
v 0.175775 0.150247 0.033290 0.5882 0.3725 0.1765
v 0.224781 0.122246 0.049973 0.5882 0.3725 0.1765
v 0.210280 0.123372 0.011508 0.5882 0.3725 0.1765
v 0.176560 0.149881 0.033377 0.5882 0.3725 0.1765
v 0.223276 0.121630 0.053121 0.5882 0.3725 0.1765
v 0.203742 0.124281 0.054227 0.5882 0.3725 0.1765
v 0.203343 0.124723 0.054124 0.5882 0.3725 0.1765
v 0.175107 0.150176 0.033972 0.5882 0.3725 0.1765
v 0.224378 0.122081 0.051780 0.5882 0.3725 0.1765
v 0.204026 0.122343 0.054253 0.5882 0.3725 0.1765
v 0.194135 0.148886 0.034205 0.5882 0.3725 0.1765
v 0.175536 0.149772 0.034445 0.5882 0.3725 0.1765
v 0.203637 0.121892 0.054234 0.5882 0.3725 0.1765
v 0.209083 0.124442 0.011102 0.5882 0.3725 0.1765
v 0.175569 0.150225 0.033716 0.5882 0.3725 0.1765
v 0.188206 0.150667 0.034485 0.5882 0.3725 0.1765
v 0.192472 0.149915 0.034345 0.5882 0.3725 0.1765
v 0.176277 0.149851 0.034004 0.5882 0.3725 0.1765
v 0.190301 0.150567 0.034448 0.5882 0.3725 0.1765
v 0.137531 0.146184 0.033290 0.5882 0.3725 0.1765
v 0.209696 0.125244 0.011772 0.5882 0.3725 0.1765
v 0.201786 0.141930 0.042251 0.5882 0.3725 0.1765
v 0.136841 0.145661 0.033377 0.5882 0.3725 0.1765
v 0.210156 0.124540 0.011548 0.5882 0.3725 0.1765
v 0.138968 0.146337 0.034086 0.5882 0.3725 0.1765
v 0.198834 0.140611 0.045608 0.5882 0.3725 0.1765
v 0.208984 0.125371 0.011528 0.5882 0.3725 0.1765
v 0.138919 0.145882 0.034613 0.5882 0.3725 0.1765
v 0.201753 0.141424 0.043930 0.5882 0.3725 0.1765
v 0.137738 0.146206 0.033716 0.5882 0.3725 0.1765
v 0.200672 0.140941 0.045158 0.5882 0.3725 0.1765
v 0.140215 0.115943 0.011062 0.5882 0.3725 0.1765
v 0.137124 0.145691 0.034004 0.5882 0.3725 0.1765
v 0.138200 0.146255 0.033972 0.5882 0.3725 0.1765
v 0.194406 0.148640 0.036278 0.5882 0.3725 0.1765
v 0.188553 0.150323 0.037364 0.5882 0.3725 0.1765
v 0.192791 0.149621 0.036821 0.5882 0.3725 0.1765
v 0.137865 0.145770 0.034445 0.5882 0.3725 0.1765
v 0.175775 0.150247 0.032519 0.5882 0.3725 0.1765
v 0.139351 0.115839 0.011422 0.5882 0.3725 0.1765
v 0.190648 0.150237 0.037219 0.5882 0.3725 0.1765
v 0.140302 0.115125 0.011305 0.5882 0.3725 0.1765
v 0.176560 0.149881 0.032432 0.5882 0.3725 0.1765
v 0.195144 0.147969 0.038077 0.5882 0.3725 0.1765
v 0.174338 0.150094 0.031723 0.5882 0.3725 0.1765
v 0.189597 0.149316 0.040047 0.5882 0.3725 0.1765
v 0.174482 0.149660 0.031196 0.5882 0.3725 0.1765
v 0.140091 0.117112 0.011102 0.5882 0.3725 0.1765
v 0.175569 0.150225 0.032093 0.5882 0.3725 0.1765
v 0.193703 0.148784 0.039062 0.5882 0.3725 0.1765
v 0.191672 0.149277 0.039783 0.5882 0.3725 0.1765
v 0.176277 0.149851 0.031805 0.5882 0.3725 0.1765
v 0.139992 0.118041 0.011528 0.5882 0.3725 0.1765
v 0.196429 0.146801 0.039768 0.5882 0.3725 0.1765
v 0.175107 0.150176 0.031837 0.5882 0.3725 0.1765
v 0.191270 0.147716 0.042350 0.5882 0.3725 0.1765
v 0.175536 0.149772 0.031364 0.5882 0.3725 0.1765
v 0.139227 0.117008 0.011463 0.5882 0.3725 0.1765
v 0.138968 0.146337 0.031723 0.5882 0.3725 0.1765
v 0.195210 0.147403 0.041059 0.5882 0.3725 0.1765
v 0.193322 0.147738 0.042004 0.5882 0.3725 0.1765
v 0.198221 0.145171 0.041157 0.5882 0.3725 0.1765
v 0.138919 0.145882 0.031196 0.5882 0.3725 0.1765
v 0.137531 0.146184 0.032519 0.5882 0.3725 0.1765
v 0.193464 0.145633 0.044118 0.5882 0.3725 0.1765
v 0.197235 0.145550 0.042637 0.5882 0.3725 0.1765
v 0.136841 0.145661 0.032432 0.5882 0.3725 0.1765
v 0.195494 0.145719 0.043721 0.5882 0.3725 0.1765
v 0.138200 0.146255 0.031837 0.5882 0.3725 0.1765
v 0.200397 0.143193 0.042067 0.5882 0.3725 0.1765
v 0.196042 0.143209 0.045229 0.5882 0.3725 0.1765
v 0.137865 0.145770 0.031364 0.5882 0.3725 0.1765
v 0.199641 0.143352 0.043648 0.5882 0.3725 0.1765
v 0.137738 0.146206 0.032093 0.5882 0.3725 0.1765
v 0.198047 0.143358 0.044805 0.5882 0.3725 0.1765
v 0.201786 0.141930 0.023557 0.5882 0.3725 0.1765
v 0.137124 0.145691 0.031805 0.5882 0.3725 0.1765
v 0.198834 0.140611 0.020201 0.5882 0.3725 0.1765
v 0.201753 0.141424 0.021879 0.5882 0.3725 0.1765
v 0.200672 0.140941 0.020651 0.5882 0.3725 0.1765
v 0.194135 0.148886 0.031604 0.5882 0.3725 0.1765
v 0.188206 0.150667 0.031323 0.5882 0.3725 0.1765
v 0.192472 0.149915 0.031464 0.5882 0.3725 0.1765
v 0.190301 0.150567 0.031361 0.5882 0.3725 0.1765
v 0.200397 0.143193 0.023742 0.5882 0.3725 0.1765
v 0.196042 0.143209 0.020580 0.5882 0.3725 0.1765
v 0.199641 0.143352 0.022161 0.5882 0.3725 0.1765
v 0.198047 0.143358 0.021004 0.5882 0.3725 0.1765
v 0.198221 0.145171 0.024652 0.5882 0.3725 0.1765
v 0.193464 0.145633 0.021691 0.5882 0.3725 0.1765
v 0.197235 0.145550 0.023172 0.5882 0.3725 0.1765
v 0.195494 0.145719 0.022088 0.5882 0.3725 0.1765
v 0.196429 0.146801 0.026041 0.5882 0.3725 0.1765
v 0.191270 0.147716 0.023459 0.5882 0.3725 0.1765
v 0.118137 0.144124 0.034086 0.3608 0.3686 0.3882
v 0.195210 0.147403 0.024750 0.5882 0.3725 0.1765
v 0.193322 0.147738 0.023805 0.5882 0.3725 0.1765
v 0.195144 0.147969 0.027732 0.5882 0.3725 0.1765
v 0.118281 0.143689 0.034613 0.3608 0.3686 0.3882
v 0.119574 0.144276 0.033290 0.5882 0.3725 0.1765
v 0.189597 0.149316 0.025762 0.5882 0.3725 0.1765
v 0.193703 0.148784 0.026747 0.5882 0.3725 0.1765
v 0.191672 0.149277 0.026026 0.5882 0.3725 0.1765
v 0.120359 0.143910 0.033377 0.5882 0.3725 0.1765
v 0.118906 0.144205 0.033972 0.3608 0.3686 0.3882
v 0.194406 0.148640 0.029531 0.5882 0.3725 0.1765
v 0.188553 0.150323 0.028445 0.5882 0.3725 0.1765
v 0.119335 0.143801 0.034445 0.3608 0.3686 0.3882
v 0.192791 0.149621 0.028988 0.5882 0.3725 0.1765
v 0.190648 0.150237 0.028590 0.5882 0.3725 0.1765
v 0.119368 0.144254 0.033716 0.3608 0.3686 0.3882
v 0.206744 0.137423 0.042248 0.5882 0.3725 0.1765
v 0.209473 0.135004 0.043819 0.5882 0.3725 0.1765
v 0.120076 0.143880 0.034004 0.3608 0.3686 0.3882
v 0.068102 0.138808 0.033290 0.3608 0.3686 0.3882
v 0.202656 0.137117 0.045608 0.5882 0.3725 0.1765
v 0.205494 0.134590 0.047622 0.5882 0.3725 0.1765
v 0.067412 0.138285 0.033377 0.3608 0.3686 0.3882
v 0.206186 0.137390 0.043928 0.5882 0.3725 0.1765
v 0.069539 0.138960 0.034086 0.3608 0.3686 0.3882
v 0.208938 0.134950 0.045715 0.5882 0.3725 0.1765
v 0.204686 0.137282 0.045158 0.5882 0.3725 0.1765
v 0.207479 0.134800 0.047107 0.5882 0.3725 0.1765
v 0.069490 0.138506 0.034613 0.3608 0.3686 0.3882
v 0.068308 0.138830 0.033716 0.3608 0.3686 0.3882
v 0.202656 0.137117 0.020201 0.5882 0.3725 0.1765
v 0.205494 0.134590 0.018187 0.5882 0.3725 0.1765
v 0.067694 0.138315 0.034004 0.3608 0.3686 0.3882
v 0.206744 0.137423 0.023561 0.5882 0.3725 0.1765
v 0.209473 0.135004 0.021990 0.5882 0.3725 0.1765
v 0.068771 0.138879 0.033972 0.3608 0.3686 0.3882
v 0.204686 0.137282 0.020651 0.5882 0.3725 0.1765
v 0.207479 0.134800 0.018702 0.5882 0.3725 0.1765
v 0.068436 0.138394 0.034445 0.3608 0.3686 0.3882
v 0.119574 0.144276 0.032519 0.5882 0.3725 0.1765
v 0.206186 0.137390 0.021881 0.5882 0.3725 0.1765
v 0.208938 0.134950 0.020094 0.5882 0.3725 0.1765
v 0.120359 0.143910 0.032432 0.5882 0.3725 0.1765
v 0.219543 0.126562 0.037423 0.5882 0.3725 0.1765
v 0.219543 0.126562 0.028385 0.5882 0.3725 0.1765
v 0.118137 0.144124 0.031723 0.3608 0.3686 0.3882
v 0.209120 0.135314 0.028385 0.5882 0.3725 0.1765
v 0.209120 0.135314 0.037423 0.5882 0.3725 0.1765
v 0.118281 0.143689 0.031196 0.3608 0.3686 0.3882
v 0.212158 0.132712 0.028385 0.5882 0.3725 0.1765
v 0.119368 0.144254 0.032093 0.3608 0.3686 0.3882
v -0.044637 0.125548 0.028445 0.3608 0.3686 0.3882
v 0.120076 0.143880 0.031805 0.3608 0.3686 0.3882
v -0.043126 0.111009 0.045608 0.3608 0.3686 0.3882
v -0.043824 0.117726 0.045229 0.3608 0.3686 0.3882
v 0.118906 0.144205 0.031837 0.3608 0.3686 0.3882
v -0.043824 0.117726 0.020580 0.3608 0.3686 0.3882
v 0.119335 0.143801 0.031364 0.3608 0.3686 0.3882
v -0.044522 0.124443 0.040047 0.3608 0.3686 0.3882
v 0.069539 0.138960 0.031723 0.3608 0.3686 0.3882
v -0.044102 0.120394 0.044118 0.3608 0.3686 0.3882
v 0.069490 0.138506 0.031196 0.3608 0.3686 0.3882
v 0.068102 0.138808 0.032519 0.3608 0.3686 0.3882
v -0.044522 0.124443 0.025762 0.3608 0.3686 0.3882
v -0.044340 0.122685 0.023459 0.3608 0.3686 0.3882
v 0.067412 0.138285 0.032432 0.3608 0.3686 0.3882
v -0.044340 0.122685 0.042350 0.3608 0.3686 0.3882
v 0.068771 0.138879 0.031837 0.3608 0.3686 0.3882
v -0.043527 0.114862 0.045608 0.3608 0.3686 0.3882
v -0.044637 0.125548 0.037364 0.3608 0.3686 0.3882
v -0.044102 0.120394 0.021691 0.3608 0.3686 0.3882
v 0.068436 0.138394 0.031364 0.3608 0.3686 0.3882
v 0.210473 0.134151 0.045612 0.5882 0.3725 0.1765
v 0.068308 0.138830 0.032093 0.3608 0.3686 0.3882
v 0.215172 0.130213 0.048955 0.5882 0.3725 0.1765
v 0.212158 0.132712 0.037423 0.5882 0.3725 0.1765
v 0.067694 0.138315 0.031805 0.3608 0.3686 0.3882
v 0.212547 0.132402 0.047844 0.5882 0.3725 0.1765
v 0.206763 0.133505 0.050403 0.5882 0.3725 0.1765
v 0.211460 0.129569 0.053741 0.5882 0.3725 0.1765
v 0.208768 0.131813 0.052760 0.5882 0.3725 0.1765
v 0.210013 0.134032 0.047882 0.5882 0.3725 0.1765
v 0.214686 0.130117 0.051309 0.5882 0.3725 0.1765
v 0.212056 0.132310 0.050244 0.5882 0.3725 0.1765
v 0.213343 0.129869 0.053048 0.5882 0.3725 0.1765
v 0.208673 0.133781 0.049684 0.5882 0.3725 0.1765
v 0.210682 0.132088 0.052053 0.5882 0.3725 0.1765
v 0.211462 0.129567 0.012074 0.5882 0.3725 0.1765
v 0.206763 0.133505 0.015406 0.5882 0.3725 0.1765
v 0.208769 0.131813 0.013050 0.5882 0.3725 0.1765
v 0.215172 0.130213 0.016862 0.5882 0.3725 0.1765
v 0.210473 0.134151 0.020197 0.5882 0.3725 0.1765
v 0.212547 0.132402 0.017967 0.5882 0.3725 0.1765
v 0.208673 0.133781 0.016125 0.5882 0.3725 0.1765
v 0.049438 0.136825 0.034086 0.3608 0.3686 0.3882
v 0.213343 0.129869 0.012760 0.5882 0.3725 0.1765
v 0.210682 0.132088 0.013755 0.5882 0.3725 0.1765
v 0.049582 0.136391 0.034613 0.3608 0.3686 0.3882
v 0.214685 0.130118 0.014496 0.5882 0.3725 0.1765
v 0.050875 0.136977 0.033290 0.3608 0.3686 0.3882
v 0.210013 0.134032 0.017927 0.5882 0.3725 0.1765
v 0.212056 0.132310 0.015564 0.5882 0.3725 0.1765
v 0.051659 0.136611 0.033377 0.3608 0.3686 0.3882
v 0.050207 0.136907 0.033972 0.3608 0.3686 0.3882
v 0.050635 0.136503 0.034445 0.3608 0.3686 0.3882
v 0.050669 0.136956 0.033716 0.3608 0.3686 0.3882
v 0.051377 0.136581 0.034004 0.3608 0.3686 0.3882
v -0.000597 0.131509 0.033290 0.3608 0.3686 0.3882
v -0.042813 0.108210 0.047623 0.3608 0.3686 0.3882
v -0.042684 0.106997 0.050413 0.3608 0.3686 0.3882
v -0.001287 0.130986 0.033377 0.3608 0.3686 0.3882
v -0.041816 0.102635 0.053828 0.3608 0.3686 0.3882
v 0.010455 0.095749 0.054202 0.3608 0.3686 0.3882
v 0.000840 0.131662 0.034086 0.3608 0.3686 0.3882
v 0.008490 0.096262 0.054180 0.3608 0.3686 0.3882
v 0.006253 0.099333 0.054081 0.3608 0.3686 0.3882
v 0.000790 0.131207 0.034613 0.3608 0.3686 0.3882
v -0.000391 0.131531 0.033716 0.3608 0.3686 0.3882
v 0.005623 0.102379 0.053987 0.3608 0.3686 0.3882
v 0.006088 0.100885 0.054034 0.3608 0.3686 0.3882
v 0.006960 0.097498 0.054138 0.3608 0.3686 0.3882
v -0.001005 0.131016 0.034004 0.3608 0.3686 0.3882
v 0.000071 0.131580 0.033972 0.3608 0.3686 0.3882
v 0.004621 0.103581 0.053948 0.3608 0.3686 0.3882
v 0.003235 0.104308 0.053921 0.3608 0.3686 0.3882
v -0.000263 0.131095 0.034445 0.3608 0.3686 0.3882
v -0.040865 0.101383 0.053868 0.3608 0.3686 0.3882
v 0.050875 0.136977 0.032519 0.3608 0.3686 0.3882
v 0.051659 0.136611 0.032432 0.3608 0.3686 0.3882
v -0.039710 0.100717 0.053892 0.3608 0.3686 0.3882
v 0.049438 0.136825 0.031723 0.3608 0.3686 0.3882
v -0.037187 0.100321 0.053912 0.3608 0.3686 0.3882
v 0.001676 0.104449 0.053912 0.3608 0.3686 0.3882
v 0.049582 0.136391 0.031196 0.3608 0.3686 0.3882
v -0.042906 0.109084 0.046994 0.3608 0.3686 0.3882
v 0.050669 0.136956 0.032093 0.3608 0.3686 0.3882
v -0.042484 0.105109 0.052790 0.3608 0.3686 0.3882
v -0.042375 0.104086 0.053212 0.3608 0.3686 0.3882
v 0.051377 0.136581 0.031805 0.3608 0.3686 0.3882
v 0.224469 0.118486 0.050628 0.5882 0.3725 0.1765
v 0.222304 0.118256 0.052818 0.5882 0.3725 0.1765
v 0.050207 0.136907 0.031837 0.3608 0.3686 0.3882
v 0.223458 0.118379 0.052585 0.5882 0.3725 0.1765
v 0.050635 0.136503 0.031364 0.3608 0.3686 0.3882
v 0.000840 0.131662 0.031723 0.3608 0.3686 0.3882
v 0.223464 0.118379 0.013228 0.5882 0.3725 0.1765
v 0.000790 0.131207 0.031196 0.3608 0.3686 0.3882
v -0.000597 0.131509 0.032519 0.3608 0.3686 0.3882
v -0.001287 0.130986 0.032432 0.3608 0.3686 0.3882
v 0.000071 0.131580 0.031837 0.3608 0.3686 0.3882
v -0.000263 0.131095 0.031364 0.3608 0.3686 0.3882
v -0.000391 0.131531 0.032093 0.3608 0.3686 0.3882
v -0.001005 0.131016 0.031805 0.3608 0.3686 0.3882
v 0.127344 0.115287 0.013452 0.5882 0.3725 0.1765
v -0.019895 0.129459 0.034086 0.3608 0.3686 0.3882
v -0.019751 0.129025 0.034613 0.3608 0.3686 0.3882
v 0.136022 0.109048 0.013022 0.5882 0.3725 0.1765
v -0.018458 0.129612 0.033290 0.3608 0.3686 0.3882
v 0.047954 0.115398 0.016110 0.3608 0.3686 0.3882
v -0.017673 0.129245 0.033377 0.3608 0.3686 0.3882
v -0.019126 0.129541 0.033972 0.3608 0.3686 0.3882
v -0.018697 0.129137 0.034445 0.3608 0.3686 0.3882
v -0.041782 0.102306 0.052451 0.3608 0.3686 0.3882
v -0.018664 0.129590 0.033716 0.3608 0.3686 0.3882
v -0.017956 0.129215 0.034004 0.3608 0.3686 0.3882
v -0.018458 0.129612 0.032519 0.3608 0.3686 0.3882
v 0.006092 0.100836 0.052619 0.3608 0.3686 0.3882
v -0.017673 0.129245 0.032432 0.3608 0.3686 0.3882
v -0.019895 0.129459 0.031723 0.3608 0.3686 0.3882
v -0.019751 0.129025 0.031196 0.3608 0.3686 0.3882
v -0.040861 0.101334 0.052454 0.3608 0.3686 0.3882
v -0.018664 0.129590 0.032093 0.3608 0.3686 0.3882
v -0.017956 0.129215 0.031805 0.3608 0.3686 0.3882
v -0.039706 0.100668 0.052477 0.3608 0.3686 0.3882
v -0.019126 0.129541 0.031837 0.3608 0.3686 0.3882
v 0.001680 0.104400 0.052497 0.3608 0.3686 0.3882
v -0.018697 0.129137 0.031364 0.3608 0.3686 0.3882
v -0.044671 0.125877 0.030958 0.3608 0.3686 0.3882
v 0.050512 0.108393 0.011739 0.3608 0.3686 0.3882
v -0.044745 0.126369 0.031196 0.3608 0.3686 0.3882
v -0.044792 0.126814 0.031723 0.3608 0.3686 0.3882
v -0.044792 0.126814 0.034086 0.3608 0.3686 0.3882
v 0.048420 0.118048 0.018288 0.3608 0.3686 0.3882
v -0.044745 0.126369 0.034613 0.3608 0.3686 0.3882
v -0.044671 0.125877 0.034850 0.3608 0.3686 0.3882
v 0.047495 0.117545 0.018459 0.3608 0.3686 0.3882
v 0.049102 0.116758 0.015417 0.3608 0.3686 0.3882
v 0.048248 0.116342 0.015601 0.3608 0.3686 0.3882
v -0.043712 0.116644 0.020437 0.3608 0.3686 0.3882
v -0.043615 0.115710 0.020688 0.3608 0.3686 0.3882
v 0.034796 0.124984 0.020437 0.3608 0.3686 0.3882
v 0.034848 0.123537 0.021675 0.3608 0.3686 0.3882
v 0.034824 0.124046 0.020689 0.3608 0.3686 0.3882
v 0.041754 0.123782 0.020201 0.3608 0.3686 0.3882
v 0.041482 0.122336 0.021433 0.3608 0.3686 0.3882
v 0.041357 0.122939 0.020571 0.3608 0.3686 0.3882
v 0.038198 0.123381 0.021607 0.3608 0.3686 0.3882
v 0.038502 0.124787 0.020359 0.3608 0.3686 0.3882
v 0.038284 0.123884 0.020618 0.3608 0.3686 0.3882
v 0.044619 0.120255 0.021340 0.3608 0.3686 0.3882
v 0.046206 0.120897 0.020201 0.3608 0.3686 0.3882
v 0.045140 0.120376 0.020561 0.3608 0.3686 0.3882
v 0.049668 0.115549 0.013416 0.3608 0.3686 0.3882
v 0.048460 0.114526 0.014517 0.3608 0.3686 0.3882
v 0.048750 0.115217 0.013720 0.3608 0.3686 0.3882
v 0.129334 0.120841 0.012045 0.5882 0.3725 0.1765
v 0.125563 0.123615 0.013425 0.3608 0.3686 0.3882
v 0.143710 0.109906 0.011607 0.5882 0.3725 0.1765
v 0.140801 0.109633 0.010816 0.5882 0.3725 0.1765
v 0.135577 0.109078 0.010816 0.5882 0.3725 0.1765
v 0.124568 0.115972 0.011247 0.5882 0.3725 0.1765
v 0.126899 0.115317 0.011247 0.5882 0.3725 0.1765
v 0.122419 0.116074 0.011246 0.5882 0.3725 0.1765
v 0.128787 0.114284 0.011238 0.5882 0.3725 0.1765
v 0.050120 0.114440 0.012240 0.3608 0.3686 0.3882
v 0.049202 0.114108 0.012543 0.3608 0.3686 0.3882
v 0.048911 0.113417 0.013340 0.3608 0.3686 0.3882
v 0.049751 0.112330 0.011594 0.3608 0.3686 0.3882
v 0.050696 0.112521 0.011230 0.3608 0.3686 0.3882
v 0.051797 0.108571 0.010324 0.3608 0.3686 0.3882
v 0.050886 0.108464 0.010696 0.3608 0.3686 0.3882
v 0.126424 0.120567 0.011255 0.5882 0.3725 0.1765
v 0.123564 0.122246 0.012249 0.3608 0.3686 0.3882
v 0.064627 0.118408 0.015416 0.3608 0.3686 0.3882
v 0.065517 0.110029 0.011226 0.3608 0.3686 0.3882
v 0.064761 0.117153 0.013418 0.3608 0.3686 0.3882
v 0.064882 0.116009 0.012241 0.3608 0.3686 0.3882
v 0.062013 0.119347 0.047623 0.3608 0.3686 0.3882
v 0.065090 0.114050 0.011234 0.3608 0.3686 0.3882
v 0.140334 0.114827 0.011538 0.5882 0.3725 0.1765
v 0.139971 0.118239 0.011777 0.5882 0.3725 0.1765
v 0.139359 0.118136 0.011765 0.5882 0.3725 0.1765
v 0.138961 0.116971 0.011697 0.5882 0.3725 0.1765
v 0.139102 0.115806 0.011615 0.5882 0.3725 0.1765
v 0.139158 0.115268 0.011571 0.5882 0.3725 0.1765
v 0.210299 0.124544 0.011891 0.5882 0.3725 0.1765
v 0.210213 0.122436 0.011818 0.5882 0.3725 0.1765
v 0.210422 0.123375 0.011850 0.5882 0.3725 0.1765
v 0.209897 0.125418 0.011923 0.5882 0.3725 0.1765
v 0.208957 0.125627 0.011934 0.5882 0.3725 0.1765
v 0.209338 0.122035 0.011806 0.5882 0.3725 0.1765
v 0.139276 0.117429 0.011609 0.5882 0.3725 0.1765
v 0.139573 0.117945 0.011642 0.5882 0.3725 0.1765
v 0.139025 0.117569 0.011732 0.5882 0.3725 0.1765
v 0.139405 0.115478 0.011493 0.5882 0.3725 0.1765
v 0.139880 0.115120 0.011435 0.5882 0.3725 0.1765
v 0.139747 0.114887 0.011549 0.5882 0.3725 0.1765
v 0.130257 0.125375 0.050406 0.5882 0.3725 0.1765
v 0.130257 0.125378 0.015411 0.3608 0.3686 0.3882
v 0.130122 0.126649 0.018233 0.3608 0.3686 0.3882
v 0.057685 0.136419 0.028445 0.3608 0.3686 0.3882
v 0.062658 0.136947 0.028445 0.3608 0.3686 0.3882
v 0.064202 0.122410 0.045608 0.3608 0.3686 0.3882
v 0.059229 0.121882 0.045608 0.3608 0.3686 0.3882
v 0.062658 0.136947 0.037364 0.3608 0.3686 0.3882
v 0.057685 0.136419 0.037364 0.3608 0.3686 0.3882
v 0.063205 0.131794 0.044118 0.3608 0.3686 0.3882
v 0.058232 0.131266 0.044118 0.3608 0.3686 0.3882
v 0.063488 0.129127 0.045229 0.3608 0.3686 0.3882
v 0.058516 0.128598 0.045229 0.3608 0.3686 0.3882
v 0.058077 0.122846 0.019505 0.3608 0.3686 0.3882
v 0.064165 0.122759 0.020201 0.3608 0.3686 0.3882
v 0.064485 0.119742 0.018279 0.3608 0.3686 0.3882
v 0.062775 0.135842 0.025762 0.3608 0.3686 0.3882
v 0.057802 0.135314 0.025762 0.3608 0.3686 0.3882
v 0.063488 0.129127 0.020580 0.3608 0.3686 0.3882
v 0.058455 0.129166 0.020333 0.3608 0.3686 0.3882
v 0.063205 0.131794 0.021691 0.3608 0.3686 0.3882
v 0.058232 0.131266 0.021691 0.3608 0.3686 0.3882
v 0.057645 0.136796 0.031323 0.3608 0.3686 0.3882
v 0.062618 0.137324 0.031323 0.3608 0.3686 0.3882
v 0.058384 0.127351 0.019897 0.3608 0.3686 0.3882
v 0.063685 0.127273 0.020335 0.3608 0.3686 0.3882
v 0.062962 0.134085 0.042350 0.3608 0.3686 0.3882
v 0.057989 0.133557 0.042350 0.3608 0.3686 0.3882
v 0.062775 0.135842 0.040047 0.3608 0.3686 0.3882
v 0.057802 0.135314 0.040047 0.3608 0.3686 0.3882
v 0.057989 0.133557 0.023459 0.3608 0.3686 0.3882
v 0.062962 0.134085 0.023459 0.3608 0.3686 0.3882
v 0.057645 0.136796 0.034485 0.3608 0.3686 0.3882
v 0.062618 0.137324 0.034485 0.3608 0.3686 0.3882
v 0.058820 0.125736 0.045608 0.3608 0.3686 0.3882
v 0.063793 0.126264 0.045608 0.3608 0.3686 0.3882
v 0.131856 0.133996 0.020267 0.5882 0.3725 0.1765
v 0.126879 0.133505 0.020271 0.5882 0.3725 0.1765
v 0.131909 0.133501 0.045608 0.5882 0.3725 0.1765
v 0.126936 0.132972 0.045608 0.5882 0.3725 0.1765
v 0.126632 0.135835 0.045229 0.5882 0.3725 0.1765
v 0.131604 0.136363 0.045229 0.5882 0.3725 0.1765
v 0.125918 0.142551 0.025762 0.5882 0.3725 0.1765
v 0.130891 0.143079 0.025762 0.5882 0.3725 0.1765
v 0.126348 0.138503 0.021691 0.5882 0.3725 0.1765
v 0.131321 0.139031 0.021691 0.5882 0.3725 0.1765
v 0.127326 0.129302 0.020201 0.5882 0.3725 0.1765
v 0.132300 0.129817 0.020201 0.5882 0.3725 0.1765
v 0.131078 0.141322 0.042350 0.5882 0.3725 0.1765
v 0.126105 0.140793 0.042350 0.5882 0.3725 0.1765
v 0.125761 0.144033 0.034485 0.5882 0.3725 0.1765
v 0.130734 0.144561 0.034485 0.5882 0.3725 0.1765
v 0.125761 0.144033 0.031323 0.5882 0.3725 0.1765
v 0.130734 0.144561 0.031323 0.5882 0.3725 0.1765
v 0.132318 0.129645 0.045608 0.5882 0.3725 0.1765
v 0.127345 0.129117 0.045608 0.5882 0.3725 0.1765
v 0.130129 0.126583 0.047622 0.5882 0.3725 0.1765
v 0.125918 0.142551 0.040047 0.5882 0.3725 0.1765
v 0.130891 0.143079 0.040047 0.5882 0.3725 0.1765
v 0.130774 0.144184 0.028445 0.5882 0.3725 0.1765
v 0.125801 0.143656 0.028445 0.5882 0.3725 0.1765
v 0.131321 0.139031 0.044118 0.5882 0.3725 0.1765
v 0.126348 0.138503 0.044118 0.5882 0.3725 0.1765
v 0.131604 0.136363 0.020580 0.5882 0.3725 0.1765
v 0.126632 0.135835 0.020580 0.5882 0.3725 0.1765
v 0.131078 0.141322 0.023459 0.5882 0.3725 0.1765
v 0.126105 0.140793 0.023459 0.5882 0.3725 0.1765
v 0.130774 0.144184 0.037364 0.5882 0.3725 0.1765
v 0.125801 0.143656 0.037364 0.5882 0.3725 0.1765
v -0.005096 0.121840 0.045229 0.3608 0.3686 0.3882
v -0.010069 0.121312 0.045229 0.3608 0.3686 0.3882
v -0.010590 0.126271 0.042350 0.3608 0.3686 0.3882
v -0.005618 0.126799 0.042350 0.3608 0.3686 0.3882
v -0.004391 0.115123 0.045608 0.3608 0.3686 0.3882
v -0.009364 0.114595 0.045608 0.3608 0.3686 0.3882
v -0.010590 0.126271 0.023459 0.3608 0.3686 0.3882
v -0.005618 0.126799 0.023459 0.3608 0.3686 0.3882
v -0.010931 0.129510 0.031323 0.3608 0.3686 0.3882
v -0.005958 0.130039 0.031323 0.3608 0.3686 0.3882
v -0.010069 0.121312 0.020580 0.3608 0.3686 0.3882
v -0.005096 0.121840 0.020580 0.3608 0.3686 0.3882
v -0.009768 0.118449 0.045608 0.3608 0.3686 0.3882
v -0.004796 0.118977 0.045608 0.3608 0.3686 0.3882
v -0.005958 0.130039 0.034485 0.3608 0.3686 0.3882
v -0.010931 0.129510 0.034485 0.3608 0.3686 0.3882
v -0.005377 0.124508 0.021691 0.3608 0.3686 0.3882
v -0.010350 0.123980 0.021691 0.3608 0.3686 0.3882
v -0.005802 0.128557 0.040047 0.3608 0.3686 0.3882
v -0.010775 0.128028 0.040047 0.3608 0.3686 0.3882
v -0.010891 0.129134 0.028445 0.3608 0.3686 0.3882
v -0.005919 0.129662 0.028445 0.3608 0.3686 0.3882
v -0.005802 0.128557 0.025762 0.3608 0.3686 0.3882
v -0.010775 0.128028 0.025762 0.3608 0.3686 0.3882
v -0.010891 0.129134 0.037364 0.3608 0.3686 0.3882
v -0.005919 0.129662 0.037364 0.3608 0.3686 0.3882
v -0.010350 0.123980 0.044118 0.3608 0.3686 0.3882
v -0.005377 0.124508 0.044118 0.3608 0.3686 0.3882
v 0.062893 0.123052 0.046301 0.3608 0.3686 0.3882
v 0.060374 0.122784 0.046301 0.3608 0.3686 0.3882
v 0.060336 0.123146 0.019445 0.3608 0.3686 0.3882
v 0.062856 0.123401 0.019445 0.3608 0.3686 0.3882
v 0.128471 0.130204 0.019445 0.5882 0.3725 0.1765
v 0.130991 0.130459 0.019445 0.5882 0.3725 0.1765
v 0.131009 0.130287 0.046301 0.5882 0.3725 0.1765
v 0.128490 0.130020 0.046301 0.5882 0.3725 0.1765
v 0.058830 0.137322 0.028159 0.3608 0.3686 0.3882
v 0.061348 0.137590 0.028159 0.3608 0.3686 0.3882
v 0.061466 0.136485 0.025323 0.3608 0.3686 0.3882
v 0.058947 0.136217 0.025323 0.3608 0.3686 0.3882
v 0.061896 0.132436 0.021020 0.3608 0.3686 0.3882
v 0.059377 0.132169 0.021020 0.3608 0.3686 0.3882
v 0.059134 0.134459 0.022888 0.3608 0.3686 0.3882
v 0.061653 0.134727 0.022888 0.3608 0.3686 0.3882
v 0.062179 0.129769 0.045900 0.3608 0.3686 0.3882
v 0.059661 0.129501 0.045900 0.3608 0.3686 0.3882
v 0.059965 0.126638 0.046301 0.3608 0.3686 0.3882
v 0.062483 0.126906 0.046301 0.3608 0.3686 0.3882
v 0.061896 0.132436 0.044726 0.3608 0.3686 0.3882
v 0.059377 0.132169 0.044726 0.3608 0.3686 0.3882
v 0.061653 0.134727 0.042857 0.3608 0.3686 0.3882
v 0.059134 0.134459 0.042857 0.3608 0.3686 0.3882
v 0.058790 0.137699 0.031202 0.3608 0.3686 0.3882
v 0.061308 0.137966 0.031202 0.3608 0.3686 0.3882
v 0.058790 0.137699 0.034544 0.3608 0.3686 0.3882
v 0.061308 0.137966 0.034544 0.3608 0.3686 0.3882
v 0.059854 0.127684 0.019591 0.3608 0.3686 0.3882
v 0.062376 0.127915 0.019586 0.3608 0.3686 0.3882
v 0.062179 0.129769 0.019845 0.3608 0.3686 0.3882
v 0.059661 0.129501 0.019845 0.3608 0.3686 0.3882
v 0.061466 0.136485 0.040422 0.3608 0.3686 0.3882
v 0.058947 0.136217 0.040422 0.3608 0.3686 0.3882
v 0.061348 0.137590 0.037587 0.3608 0.3686 0.3882
v 0.058830 0.137322 0.037587 0.3608 0.3686 0.3882
v 0.127493 0.139405 0.021020 0.5882 0.3725 0.1765
v 0.130012 0.139673 0.021020 0.5882 0.3725 0.1765
v 0.130295 0.137005 0.019845 0.5882 0.3725 0.1765
v 0.127777 0.136738 0.019845 0.5882 0.3725 0.1765
v 0.127063 0.143454 0.025323 0.5882 0.3725 0.1765
v 0.129582 0.143721 0.025323 0.5882 0.3725 0.1765
v 0.129769 0.141964 0.022888 0.5882 0.3725 0.1765
v 0.127250 0.141696 0.022888 0.5882 0.3725 0.1765
v 0.130547 0.134638 0.019514 0.5882 0.3725 0.1765
v 0.128024 0.134408 0.019519 0.5882 0.3725 0.1765
v 0.126906 0.144936 0.031202 0.5882 0.3725 0.1765
v 0.129425 0.145203 0.031202 0.5882 0.3725 0.1765
v 0.129465 0.144826 0.028159 0.5882 0.3725 0.1765
v 0.126946 0.144559 0.028159 0.5882 0.3725 0.1765
v 0.126906 0.144936 0.034544 0.5882 0.3725 0.1765
v 0.129425 0.145203 0.034544 0.5882 0.3725 0.1765
v 0.129465 0.144826 0.037587 0.5882 0.3725 0.1765
v 0.126946 0.144559 0.037587 0.5882 0.3725 0.1765
v 0.127063 0.143454 0.040422 0.5882 0.3725 0.1765
v 0.129582 0.143721 0.040422 0.5882 0.3725 0.1765
v 0.130012 0.139673 0.044726 0.5882 0.3725 0.1765
v 0.127493 0.139405 0.044726 0.5882 0.3725 0.1765
v 0.127777 0.136738 0.045900 0.5882 0.3725 0.1765
v 0.130295 0.137005 0.045900 0.5882 0.3725 0.1765
v 0.129769 0.141964 0.042857 0.5882 0.3725 0.1765
v 0.127250 0.141696 0.042857 0.5882 0.3725 0.1765
v 0.130599 0.134143 0.046301 0.5882 0.3725 0.1765
v 0.128081 0.133875 0.046301 0.5882 0.3725 0.1765
v -0.007113 0.129199 0.040422 0.3608 0.3686 0.3882
v -0.009632 0.128931 0.040422 0.3608 0.3686 0.3882
v -0.009446 0.127173 0.042857 0.3608 0.3686 0.3882
v -0.006927 0.127441 0.042857 0.3608 0.3686 0.3882
v -0.006403 0.122482 0.045900 0.3608 0.3686 0.3882
v -0.008922 0.122215 0.045900 0.3608 0.3686 0.3882
v -0.008620 0.119352 0.046301 0.3608 0.3686 0.3882
v -0.006101 0.119620 0.046301 0.3608 0.3686 0.3882
v -0.007270 0.130681 0.034544 0.3608 0.3686 0.3882
v -0.009788 0.130413 0.034544 0.3608 0.3686 0.3882
v -0.009748 0.130036 0.037587 0.3608 0.3686 0.3882
v -0.007230 0.130304 0.037587 0.3608 0.3686 0.3882
v -0.009204 0.124883 0.044726 0.3608 0.3686 0.3882
v -0.006685 0.125150 0.044726 0.3608 0.3686 0.3882
v -0.008212 0.115498 0.046301 0.3608 0.3686 0.3882
v -0.005694 0.115766 0.046301 0.3608 0.3686 0.3882
v -0.009446 0.127173 0.022888 0.3608 0.3686 0.3882
v -0.006927 0.127441 0.022888 0.3608 0.3686 0.3882
v -0.006685 0.125150 0.021020 0.3608 0.3686 0.3882
v -0.009204 0.124883 0.021020 0.3608 0.3686 0.3882
v -0.009748 0.130036 0.028159 0.3608 0.3686 0.3882
v -0.007230 0.130304 0.028159 0.3608 0.3686 0.3882
v -0.007113 0.129199 0.025323 0.3608 0.3686 0.3882
v -0.009632 0.128931 0.025323 0.3608 0.3686 0.3882
v -0.009788 0.130413 0.031202 0.3608 0.3686 0.3882
v -0.007270 0.130681 0.031202 0.3608 0.3686 0.3882
v -0.006424 0.122253 0.019841 0.3608 0.3686 0.3882
v -0.008852 0.121996 0.019841 0.3608 0.3686 0.3882
v 0.129889 0.128846 0.019719 0.5882 0.3725 0.1765
v 0.129764 0.130022 0.019535 0.5882 0.3725 0.1765
v 0.129927 0.128487 0.046252 0.5882 0.3725 0.1765
v 0.129794 0.129737 0.046289 0.5882 0.3725 0.1765
v 0.061817 0.121188 0.046297 0.3608 0.3686 0.3882
v 0.061681 0.122470 0.046300 0.3608 0.3686 0.3882
v -0.006576 0.112059 0.047623 0.3608 0.3686 0.3882
v -0.006748 0.113661 0.046470 0.3608 0.3686 0.3882
v -0.006912 0.115232 0.046335 0.3608 0.3686 0.3882
v -0.004982 0.120758 0.020437 0.3608 0.3686 0.3882
v -0.009954 0.120230 0.020437 0.3608 0.3686 0.3882
v -0.006430 0.119662 0.020688 0.3608 0.3686 0.3882
v -0.004837 0.119321 0.021675 0.3608 0.3686 0.3882
v -0.008290 0.119464 0.020688 0.3608 0.3686 0.3882
v -0.009806 0.118793 0.021675 0.3608 0.3686 0.3882
v -0.006571 0.120665 0.019813 0.3608 0.3686 0.3882
v -0.008366 0.120475 0.019813 0.3608 0.3686 0.3882
v 0.049669 0.135900 0.034850 0.3608 0.3686 0.3882
v -0.000344 0.130613 0.034652 0.3608 0.3686 0.3882
v 0.050815 0.136048 0.034652 0.3608 0.3686 0.3882
v 0.000808 0.130709 0.034850 0.3608 0.3686 0.3882
v 0.067525 0.137846 0.034130 0.3608 0.3686 0.3882
v 0.119515 0.143347 0.034652 0.3608 0.3686 0.3882
v 0.068356 0.137912 0.034652 0.3608 0.3686 0.3882
v 0.067217 0.137813 0.033417 0.3608 0.3686 0.3882
v 0.067525 0.137846 0.031679 0.3608 0.3686 0.3882
v 0.067217 0.137813 0.032392 0.3608 0.3686 0.3882
v 0.120341 0.143457 0.034130 0.5882 0.3725 0.1765
v 0.120648 0.143490 0.033417 0.5882 0.3725 0.1765
v 0.120341 0.143457 0.031679 0.5882 0.3725 0.1765
v 0.119515 0.143347 0.031157 0.3608 0.3686 0.3882
v 0.068356 0.137912 0.031157 0.3608 0.3686 0.3882
v 0.120648 0.143490 0.032392 0.5882 0.3725 0.1765
v 0.069508 0.138008 0.030958 0.3608 0.3686 0.3882
v 0.118368 0.143199 0.030958 0.3608 0.3686 0.3882
v -0.001175 0.130547 0.034130 0.3608 0.3686 0.3882
v -0.001482 0.130514 0.033417 0.3608 0.3686 0.3882
v -0.001175 0.130547 0.031679 0.3608 0.3686 0.3882
v -0.001482 0.130514 0.032392 0.3608 0.3686 0.3882
v 0.051642 0.136158 0.034130 0.3608 0.3686 0.3882
v 0.051949 0.136191 0.033417 0.3608 0.3686 0.3882
v 0.051642 0.136158 0.031679 0.3608 0.3686 0.3882
v 0.051949 0.136191 0.032392 0.3608 0.3686 0.3882
v 0.175716 0.149318 0.031157 0.5882 0.3725 0.1765
v 0.174569 0.149170 0.030958 0.5882 0.3725 0.1765
v 0.138937 0.145384 0.030958 0.5882 0.3725 0.1765
v 0.137785 0.145288 0.031157 0.5882 0.3725 0.1765
v 0.050815 0.136049 0.031157 0.3608 0.3686 0.3882
v 0.000808 0.130709 0.030958 0.3608 0.3686 0.3882
v -0.000344 0.130613 0.031157 0.3608 0.3686 0.3882
v 0.049669 0.135900 0.030958 0.3608 0.3686 0.3882
v 0.174569 0.149170 0.034850 0.5882 0.3725 0.1765
v 0.138937 0.145384 0.034850 0.5882 0.3725 0.1765
v 0.175716 0.149318 0.034652 0.5882 0.3725 0.1765
v 0.137785 0.145288 0.034652 0.5882 0.3725 0.1765
v 0.176542 0.149428 0.034130 0.5882 0.3725 0.1765
v 0.136954 0.145222 0.034130 0.5882 0.3725 0.1765
v 0.136646 0.145189 0.033417 0.5882 0.3725 0.1765
v 0.136954 0.145222 0.031679 0.5882 0.3725 0.1765
v 0.136646 0.145189 0.032392 0.5882 0.3725 0.1765
v 0.176850 0.149460 0.033417 0.5882 0.3725 0.1765
v 0.176850 0.149460 0.032392 0.5882 0.3725 0.1765
v 0.176542 0.149428 0.031679 0.5882 0.3725 0.1765
v 0.069508 0.138008 0.034850 0.3608 0.3686 0.3882
v 0.118368 0.143199 0.034850 0.3608 0.3686 0.3882
v -0.017691 0.128792 0.034130 0.3608 0.3686 0.3882
v -0.018518 0.128682 0.034652 0.3608 0.3686 0.3882
v -0.017384 0.128825 0.033417 0.3608 0.3686 0.3882
v -0.017691 0.128792 0.031679 0.3608 0.3686 0.3882
v -0.018518 0.128682 0.031157 0.3608 0.3686 0.3882
v -0.017384 0.128825 0.032392 0.3608 0.3686 0.3882
v -0.019664 0.128534 0.034850 0.3608 0.3686 0.3882
v -0.019664 0.128534 0.030958 0.3608 0.3686 0.3882
v 0.132830 0.124331 0.013393 0.5882 0.3725 0.1765
v 0.137943 0.121756 0.012048 0.5882 0.3725 0.1765
v 0.046122 0.118332 0.020281 0.3608 0.3686 0.3882
v 0.047516 0.119494 0.019244 0.3608 0.3686 0.3882
v 0.046520 0.118982 0.019510 0.3608 0.3686 0.3882
v 0.044008 0.122553 0.020201 0.3608 0.3686 0.3882
v 0.043594 0.121805 0.020566 0.3608 0.3686 0.3882
v 0.043659 0.121114 0.021242 0.3608 0.3686 0.3882
v 0.063193 0.120231 0.017670 0.3608 0.3686 0.3882
v 0.063326 0.118975 0.015054 0.3608 0.3686 0.3882
v 0.063480 0.117526 0.012839 0.3608 0.3686 0.3882
v 0.063839 0.114146 0.010498 0.3608 0.3686 0.3882
v 0.064291 0.109892 0.010202 0.3608 0.3686 0.3882
v 0.058165 0.115676 0.011558 0.3608 0.3686 0.3882
v 0.057976 0.116799 0.012845 0.3608 0.3686 0.3882
v 0.059021 0.109344 0.010249 0.3608 0.3686 0.3882
v 0.057755 0.118271 0.015117 0.3608 0.3686 0.3882
v 0.058456 0.113545 0.010689 0.3608 0.3686 0.3882
v 0.057526 0.119533 0.017778 0.3608 0.3686 0.3882
v 0.063608 0.116322 0.011414 0.3608 0.3686 0.3882
v 0.037073 0.126320 0.020173 0.3608 0.3686 0.3882
v -0.005390 0.110960 0.050412 0.3608 0.3686 0.3882
v -0.003536 0.109248 0.052786 0.3608 0.3686 0.3882
v -0.001062 0.106969 0.053814 0.3608 0.3686 0.3882
v 0.204199 0.122726 0.053966 0.5882 0.3725 0.1765
v 0.204234 0.122233 0.053984 0.5882 0.3725 0.1765
v 0.204095 0.123897 0.053922 0.5882 0.3725 0.1765
v 0.203905 0.124427 0.053902 0.5882 0.3725 0.1765
v 0.203473 0.124905 0.053883 0.5882 0.3725 0.1765
v 0.202895 0.124894 0.053881 0.5882 0.3725 0.1765
v 0.203249 0.121568 0.054005 0.5882 0.3725 0.1765
v 0.203768 0.121748 0.054000 0.5882 0.3725 0.1765
v 0.019324 0.105428 0.053933 0.3608 0.3686 0.3882
v 0.018280 0.104156 0.053969 0.3608 0.3686 0.3882
v 0.018546 0.105032 0.053943 0.3608 0.3686 0.3882
v 0.018873 0.102220 0.054029 0.3608 0.3686 0.3882
v 0.018413 0.102988 0.054005 0.3608 0.3686 0.3882
v 0.019692 0.101963 0.054039 0.3608 0.3686 0.3882
v 0.206529 0.123146 0.039446 0.5882 0.3725 0.1765
v 0.205066 0.136917 0.039446 0.5882 0.3725 0.1765
v 0.206529 0.123146 0.026363 0.5882 0.3725 0.1765
v 0.205066 0.136917 0.026363 0.5882 0.3725 0.1765
v 0.216833 0.121174 0.027423 0.5882 0.3725 0.1765
v 0.206195 0.133586 0.039570 0.5882 0.3725 0.1765
v -0.044336 0.122687 0.039027 0.3608 0.3686 0.3882
v -0.044336 0.122687 0.026782 0.3608 0.3686 0.3882
v -0.044187 0.121251 0.024901 0.3608 0.3686 0.3882
v -0.044187 0.121251 0.040908 0.3608 0.3686 0.3882
v -0.043513 0.114731 0.043586 0.3608 0.3686 0.3882
v -0.043750 0.116990 0.022492 0.3608 0.3686 0.3882
v -0.044476 0.124035 0.033486 0.3608 0.3686 0.3882
v -0.042557 0.105792 0.049681 0.3608 0.3686 0.3882
v -0.042320 0.103563 0.051898 0.3608 0.3686 0.3882
v 0.084593 0.039163 0.017165 0.3608 0.3686 0.3882
v 0.084593 0.039163 0.048644 0.3608 0.3686 0.3882
v 0.084203 0.040416 0.017165 0.3608 0.3686 0.3882
v 0.084203 0.040415 0.048644 0.3608 0.3686 0.3882
v 0.083363 0.041423 0.017165 0.3608 0.3686 0.3882
v 0.083363 0.041423 0.048644 0.3608 0.3686 0.3882
v 0.082201 0.042033 0.017165 0.3608 0.3686 0.3882
v 0.082201 0.042033 0.048644 0.3608 0.3686 0.3882
v 0.080894 0.042152 0.017165 0.3608 0.3686 0.3882
v 0.080894 0.042152 0.048644 0.3608 0.3686 0.3882
v 0.079641 0.041761 0.017165 0.3608 0.3686 0.3882
v 0.079641 0.041761 0.048644 0.3608 0.3686 0.3882
v 0.078634 0.040921 0.017165 0.3608 0.3686 0.3882
v 0.078634 0.040921 0.048644 0.3608 0.3686 0.3882
v 0.078024 0.039759 0.017165 0.3608 0.3686 0.3882
v 0.078024 0.039759 0.048644 0.3608 0.3686 0.3882
v 0.077905 0.038452 0.017165 0.3608 0.3686 0.3882
v 0.077905 0.038452 0.048644 0.3608 0.3686 0.3882
v 0.078296 0.037200 0.017165 0.3608 0.3686 0.3882
v 0.078296 0.037200 0.048644 0.3608 0.3686 0.3882
v 0.079136 0.036192 0.017165 0.3608 0.3686 0.3882
v 0.079136 0.036192 0.048644 0.3608 0.3686 0.3882
v 0.080298 0.035582 0.017165 0.3608 0.3686 0.3882
v 0.080298 0.035582 0.048644 0.3608 0.3686 0.3882
v 0.081604 0.035463 0.017165 0.3608 0.3686 0.3882
v 0.081604 0.035463 0.048644 0.3608 0.3686 0.3882
v 0.082857 0.035854 0.017165 0.3608 0.3686 0.3882
v 0.082857 0.035854 0.048644 0.3608 0.3686 0.3882
v 0.083865 0.036694 0.017165 0.3608 0.3686 0.3882
v 0.083865 0.036694 0.048644 0.3608 0.3686 0.3882
v 0.084475 0.037856 0.017165 0.3608 0.3686 0.3882
v 0.084475 0.037856 0.048644 0.3608 0.3686 0.3882
v -0.095240 0.129696 0.037900 0.3608 0.3686 0.3882
v -0.095240 0.129696 0.042056 0.3608 0.3686 0.3882
v -0.095114 0.130497 0.037900 0.3608 0.3686 0.3882
v -0.095114 0.130497 0.042056 0.3608 0.3686 0.3882
v -0.094604 0.131129 0.037900 0.3608 0.3686 0.3882
v -0.094604 0.131129 0.042056 0.3608 0.3686 0.3882
v -0.093846 0.131421 0.037900 0.3608 0.3686 0.3882
v -0.093846 0.131421 0.042056 0.3608 0.3686 0.3882
v -0.093044 0.131295 0.037900 0.3608 0.3686 0.3882
v -0.093044 0.131295 0.042056 0.3608 0.3686 0.3882
v -0.092413 0.130784 0.037900 0.3608 0.3686 0.3882
v -0.092413 0.130784 0.042056 0.3608 0.3686 0.3882
v -0.092121 0.130027 0.037900 0.3608 0.3686 0.3882
v -0.092121 0.130027 0.042056 0.3608 0.3686 0.3882
v -0.092247 0.129225 0.037900 0.3608 0.3686 0.3882
v -0.092247 0.129225 0.042056 0.3608 0.3686 0.3882
v -0.092757 0.128594 0.037900 0.3608 0.3686 0.3882
v -0.092757 0.128594 0.042056 0.3608 0.3686 0.3882
v -0.093515 0.128302 0.037900 0.3608 0.3686 0.3882
v -0.093515 0.128302 0.042056 0.3608 0.3686 0.3882
v -0.094317 0.128428 0.037900 0.3608 0.3686 0.3882
v -0.094317 0.128428 0.042056 0.3608 0.3686 0.3882
v -0.094948 0.128938 0.037900 0.3608 0.3686 0.3882
v -0.094948 0.128938 0.042056 0.3608 0.3686 0.3882
v -0.095240 0.129696 0.027909 0.3608 0.3686 0.3882
v -0.095240 0.129696 0.023753 0.3608 0.3686 0.3882
v -0.095114 0.130497 0.027909 0.3608 0.3686 0.3882
v -0.095114 0.130497 0.023753 0.3608 0.3686 0.3882
v -0.094604 0.131129 0.027909 0.3608 0.3686 0.3882
v -0.094604 0.131129 0.023753 0.3608 0.3686 0.3882
v -0.093846 0.131421 0.027909 0.3608 0.3686 0.3882
v -0.093846 0.131421 0.023753 0.3608 0.3686 0.3882
v -0.093044 0.131295 0.027909 0.3608 0.3686 0.3882
v -0.093044 0.131295 0.023753 0.3608 0.3686 0.3882
v -0.092413 0.130784 0.027909 0.3608 0.3686 0.3882
v -0.092413 0.130784 0.023753 0.3608 0.3686 0.3882
v -0.092121 0.130027 0.027909 0.3608 0.3686 0.3882
v -0.092121 0.130027 0.023753 0.3608 0.3686 0.3882
v -0.092247 0.129225 0.027909 0.3608 0.3686 0.3882
v -0.092247 0.129225 0.023753 0.3608 0.3686 0.3882
v -0.092757 0.128594 0.027909 0.3608 0.3686 0.3882
v -0.092757 0.128594 0.023753 0.3608 0.3686 0.3882
v -0.093515 0.128302 0.027909 0.3608 0.3686 0.3882
v -0.093515 0.128302 0.023753 0.3608 0.3686 0.3882
v -0.094317 0.128428 0.027909 0.3608 0.3686 0.3882
v -0.094317 0.128428 0.023753 0.3608 0.3686 0.3882
v -0.094948 0.128938 0.027909 0.3608 0.3686 0.3882
v -0.094948 0.128938 0.023753 0.3608 0.3686 0.3882
v 0.041403 0.068158 0.014261 0.3608 0.3686 0.3882
v 0.041769 0.066707 0.013867 0.3608 0.3686 0.3882
v 0.043469 0.069770 0.014261 0.3608 0.3686 0.3882
v 0.045475 0.069035 0.013867 0.3608 0.3686 0.3882
v 0.042176 0.068350 0.014261 0.3608 0.3686 0.3882
v 0.043348 0.067099 0.013867 0.3608 0.3686 0.3882
v 0.042766 0.068643 0.014261 0.3608 0.3686 0.3882
v 0.044273 0.067827 0.013867 0.3608 0.3686 0.3882
v 0.043127 0.074662 0.014261 0.3608 0.3686 0.3882
v 0.045094 0.075708 0.013867 0.3608 0.3686 0.3882
v 0.040934 0.076048 0.014261 0.3608 0.3686 0.3882
v 0.123227 0.068602 0.025444 0.5882 0.3725 0.1765
v 0.041125 0.077532 0.013867 0.3608 0.3686 0.3882
v 0.042319 0.075811 0.014261 0.3608 0.3686 0.3882
v 0.151697 0.070350 0.040337 0.5882 0.3725 0.1765
v 0.043745 0.076717 0.013867 0.3608 0.3686 0.3882
v 0.151697 0.070350 0.025444 0.5882 0.3725 0.1765
v 0.041724 0.075949 0.014261 0.3608 0.3686 0.3882
v 0.123226 0.068615 0.037986 0.5882 0.3725 0.1765
v 0.042740 0.077330 0.013867 0.3608 0.3686 0.3882
v 0.025996 0.068900 0.014261 0.3608 0.3686 0.3882
v 0.024027 0.067713 0.013867 0.3608 0.3686 0.3882
v 0.028187 0.067373 0.014261 0.3608 0.3686 0.3882
v 0.027995 0.065888 0.013867 0.3608 0.3686 0.3882
v 0.026573 0.068054 0.014261 0.3608 0.3686 0.3882
v 0.025375 0.066704 0.013867 0.3608 0.3686 0.3882
v 0.119919 0.068207 0.039507 0.5882 0.3725 0.1765
v 0.027396 0.067472 0.014261 0.3608 0.3686 0.3882
v 0.120330 0.068246 0.040337 0.5882 0.3725 0.1765
v 0.026381 0.066091 0.013867 0.3608 0.3686 0.3882
v 0.027718 0.075262 0.014261 0.3608 0.3686 0.3882
v 0.120040 0.068217 0.040094 0.5882 0.3725 0.1765
v 0.027352 0.076714 0.013867 0.3608 0.3686 0.3882
v 0.120329 0.068259 0.037986 0.5882 0.3725 0.1765
v 0.025663 0.073461 0.014261 0.3608 0.3686 0.3882
v 0.119919 0.068211 0.038816 0.5882 0.3725 0.1765
v 0.023646 0.074385 0.013867 0.3608 0.3686 0.3882
v 0.120039 0.068227 0.038229 0.5882 0.3725 0.1765
v 0.026945 0.075071 0.014261 0.3608 0.3686 0.3882
v 0.025773 0.076322 0.013867 0.3608 0.3686 0.3882
v 0.026221 0.074550 0.014261 0.3608 0.3686 0.3882
v 0.024847 0.075594 0.013867 0.3608 0.3686 0.3882
v 0.023232 0.070997 0.013867 0.3608 0.3686 0.3882
v 0.025655 0.071149 0.014261 0.3608 0.3686 0.3882
v 0.045892 0.072364 0.013867 0.3608 0.3686 0.3882
v 0.043469 0.072215 0.014261 0.3608 0.3686 0.3882
v 0.041403 0.068158 0.051548 0.3608 0.3686 0.3882
v 0.041768 0.066707 0.051942 0.3608 0.3686 0.3882
v 0.043469 0.069770 0.051548 0.3608 0.3686 0.3882
v 0.045475 0.069035 0.051942 0.3608 0.3686 0.3882
v 0.042176 0.068350 0.051548 0.3608 0.3686 0.3882
v 0.043348 0.067099 0.051942 0.3608 0.3686 0.3882
v 0.042766 0.068643 0.051548 0.3608 0.3686 0.3882
v 0.044273 0.067827 0.051942 0.3608 0.3686 0.3882
v 0.043127 0.074662 0.051548 0.3608 0.3686 0.3882
v 0.045094 0.075708 0.051942 0.3608 0.3686 0.3882
v 0.040934 0.076048 0.051548 0.3608 0.3686 0.3882
v 0.041125 0.077532 0.051942 0.3608 0.3686 0.3882
v 0.042319 0.075811 0.051548 0.3608 0.3686 0.3882
v 0.043745 0.076717 0.051942 0.3608 0.3686 0.3882
v 0.041724 0.075949 0.051548 0.3608 0.3686 0.3882
v 0.042740 0.077330 0.051942 0.3608 0.3686 0.3882
v 0.025996 0.068900 0.051548 0.3608 0.3686 0.3882
v 0.024027 0.067713 0.051942 0.3608 0.3686 0.3882
v 0.028187 0.067373 0.051548 0.3608 0.3686 0.3882
v 0.027995 0.065888 0.051942 0.3608 0.3686 0.3882
v 0.026573 0.068054 0.051548 0.3608 0.3686 0.3882
v 0.025375 0.066704 0.051942 0.3608 0.3686 0.3882
v 0.027396 0.067472 0.051548 0.3608 0.3686 0.3882
v 0.026381 0.066091 0.051942 0.3608 0.3686 0.3882
v 0.027718 0.075262 0.051548 0.3608 0.3686 0.3882
v 0.027352 0.076714 0.051942 0.3608 0.3686 0.3882
v 0.025663 0.073461 0.051548 0.3608 0.3686 0.3882
v 0.023646 0.074385 0.051942 0.3608 0.3686 0.3882
v 0.026945 0.075071 0.051548 0.3608 0.3686 0.3882
v 0.025773 0.076322 0.051942 0.3608 0.3686 0.3882
v 0.026221 0.074550 0.051548 0.3608 0.3686 0.3882
v 0.024847 0.075594 0.051942 0.3608 0.3686 0.3882
v 0.023232 0.070997 0.051942 0.3608 0.3686 0.3882
v 0.025655 0.071149 0.051548 0.3608 0.3686 0.3882
v 0.045892 0.072364 0.051942 0.3608 0.3686 0.3882
v 0.043469 0.072215 0.051548 0.3608 0.3686 0.3882
v 0.229801 0.119053 0.024756 0.5882 0.3725 0.1765
v 0.271288 0.114390 0.034487 0.5882 0.3725 0.1765
v 0.264131 0.114958 0.041666 0.5882 0.3725 0.1765
v 0.270743 0.114433 0.037234 0.5882 0.3725 0.1765
v 0.269192 0.114556 0.039563 0.5882 0.3725 0.1765
v 0.266870 0.114740 0.041119 0.5882 0.3725 0.1765
v 0.264131 0.114958 0.024143 0.5882 0.3725 0.1765
v 0.271288 0.114390 0.031322 0.5882 0.3725 0.1765
v 0.266870 0.114740 0.024690 0.5882 0.3725 0.1765
v 0.269192 0.114556 0.026246 0.5882 0.3725 0.1765
v 0.270743 0.114433 0.028575 0.5882 0.3725 0.1765
v 0.263588 0.116371 0.041053 0.5882 0.3725 0.1765
v 0.270745 0.115803 0.034376 0.5882 0.3725 0.1765
v 0.266327 0.116154 0.040545 0.5882 0.3725 0.1765
v 0.268649 0.115969 0.039097 0.5882 0.3725 0.1765
v 0.270200 0.115846 0.036931 0.5882 0.3725 0.1765
v 0.270745 0.115803 0.031433 0.5882 0.3725 0.1765
v 0.263588 0.116371 0.024756 0.5882 0.3725 0.1765
v 0.270200 0.115846 0.028878 0.5882 0.3725 0.1765
v 0.268649 0.115969 0.026711 0.5882 0.3725 0.1765
v 0.266327 0.116154 0.025264 0.5882 0.3725 0.1765
v 0.227058 0.073585 0.054202 0.5882 0.3725 0.1765
v 0.226833 0.069858 0.050496 0.5882 0.3725 0.1765
v 0.226945 0.071722 0.053706 0.5882 0.3725 0.1765
v 0.226863 0.070357 0.052349 0.5882 0.3725 0.1765
v -0.058139 0.055358 0.054202 0.3608 0.3686 0.3882
v -0.057800 0.052163 0.052349 0.3608 0.3686 0.3882
v -0.057943 0.053513 0.053706 0.3608 0.3686 0.3882
v 0.226833 0.069858 0.015313 0.5882 0.3725 0.1765
v 0.227058 0.073585 0.011607 0.5882 0.3725 0.1765
v 0.226863 0.070357 0.013460 0.5882 0.3725 0.1765
v 0.226945 0.071722 0.012103 0.5882 0.3725 0.1765
v -0.058139 0.055358 0.011607 0.3608 0.3686 0.3882
v -0.057747 0.051668 0.015313 0.3608 0.3686 0.3882
v -0.057943 0.053513 0.012103 0.3608 0.3686 0.3882
v -0.057800 0.052163 0.013460 0.3608 0.3686 0.3882
v 0.229801 0.119053 0.051426 0.5882 0.3725 0.1765
v 0.229631 0.116243 0.054202 0.5882 0.3725 0.1765
v 0.229778 0.118676 0.052814 0.5882 0.3725 0.1765
v 0.229716 0.117648 0.053830 0.5882 0.3725 0.1765
v -0.061324 0.085332 0.054202 0.3608 0.3686 0.3882
v -0.061617 0.088092 0.051426 0.3608 0.3686 0.3882
v -0.061471 0.086712 0.053830 0.3608 0.3686 0.3882
v -0.061578 0.087722 0.052814 0.3608 0.3686 0.3882
v -0.061617 0.088092 0.014383 0.3608 0.3686 0.3882
v -0.061324 0.085332 0.011607 0.3608 0.3686 0.3882
v -0.061578 0.087722 0.012995 0.3608 0.3686 0.3882
v -0.061471 0.086712 0.011979 0.3608 0.3686 0.3882
v 0.229631 0.116243 0.011607 0.5882 0.3725 0.1765
v 0.229801 0.119053 0.014383 0.5882 0.3725 0.1765
v 0.229716 0.117648 0.011979 0.5882 0.3725 0.1765
v 0.229778 0.118676 0.012995 0.5882 0.3725 0.1765
v 0.214355 0.069060 0.050496 0.5882 0.3725 0.1765
v 0.214381 0.069560 0.052349 0.5882 0.3725 0.1765
v 0.214454 0.070923 0.053706 0.5882 0.3725 0.1765
v 0.214552 0.072786 0.054202 0.3608 0.3686 0.3882
v 0.214355 0.069060 0.015313 0.5882 0.3725 0.1765
v 0.214381 0.069560 0.013460 0.5882 0.3725 0.1765
v 0.214454 0.070923 0.012103 0.5882 0.3725 0.1765
v 0.214552 0.072786 0.011607 0.5882 0.3725 0.1765
v 0.217023 0.117695 0.014383 0.5882 0.3725 0.1765
v 0.217003 0.117319 0.012995 0.5882 0.3725 0.1765
v 0.216948 0.116291 0.011979 0.5882 0.3725 0.1765
v 0.216874 0.114888 0.011607 0.5882 0.3725 0.1765
v 0.217023 0.117695 0.051426 0.5882 0.3725 0.1765
v 0.217003 0.117319 0.052814 0.3608 0.3686 0.3882
v 0.216948 0.116291 0.053830 0.3608 0.3686 0.3882
v 0.216874 0.114888 0.054202 0.3608 0.3686 0.3882
v 0.229801 0.119053 0.041053 0.5882 0.3725 0.1765
v 0.229719 0.117689 0.024143 0.5882 0.3725 0.1765
v 0.229719 0.117689 0.041666 0.5882 0.3725 0.1765
v 0.071392 0.063636 0.011607 0.3608 0.3686 0.3882
v 0.070739 0.102154 0.014383 0.3608 0.3686 0.3882
v 0.070750 0.101781 0.052814 0.3608 0.3686 0.3882
v 0.070781 0.100762 0.053830 0.3608 0.3686 0.3882
v 0.070822 0.099371 0.054202 0.3608 0.3686 0.3882
v 0.071392 0.063636 0.054202 0.3608 0.3686 0.3882
v 0.070751 0.101781 0.012995 0.3608 0.3686 0.3882
v 0.070781 0.100762 0.011979 0.3608 0.3686 0.3882
v 0.070822 0.099371 0.011607 0.3608 0.3686 0.3882
v 0.070739 0.102154 0.051426 0.3608 0.3686 0.3882
v 0.071447 0.061783 0.012103 0.3608 0.3686 0.3882
v 0.071488 0.060426 0.013460 0.3608 0.3686 0.3882
v 0.071503 0.059930 0.015313 0.3608 0.3686 0.3882
v 0.071503 0.059930 0.050496 0.3608 0.3686 0.3882
v 0.071488 0.060426 0.052349 0.3608 0.3686 0.3882
v 0.071447 0.061783 0.053706 0.3608 0.3686 0.3882
v -0.006626 0.058650 0.054202 0.3608 0.3686 0.3882
v -0.008952 0.093313 0.012995 0.3608 0.3686 0.3882
v -0.008875 0.092300 0.011979 0.3608 0.3686 0.3882
v -0.008770 0.090915 0.011607 0.3608 0.3686 0.3882
v -0.008980 0.093684 0.051426 0.3608 0.3686 0.3882
v -0.006626 0.058650 0.011607 0.3608 0.3686 0.3882
v -0.008980 0.093684 0.014383 0.3608 0.3686 0.3882
v -0.008952 0.093313 0.052814 0.3608 0.3686 0.3882
v -0.008875 0.092300 0.053830 0.3608 0.3686 0.3882
v -0.008770 0.090915 0.054202 0.3608 0.3686 0.3882
v -0.006486 0.056802 0.012103 0.3608 0.3686 0.3882
v -0.006383 0.055449 0.013460 0.3608 0.3686 0.3882
v -0.006345 0.054954 0.050496 0.3608 0.3686 0.3882
v -0.006383 0.055449 0.052349 0.3608 0.3686 0.3882
v -0.006486 0.056802 0.053706 0.3608 0.3686 0.3882
v 0.013682 0.056234 0.017219 0.3608 0.3686 0.3882
v 0.013682 0.056234 0.047746 0.3608 0.3686 0.3882
v 0.071503 0.059930 0.047746 0.3608 0.3686 0.3882
v 0.071503 0.059930 0.017219 0.3608 0.3686 0.3882
v -0.006345 0.054954 0.015313 0.3608 0.3686 0.3882
v 0.011634 0.056103 0.043607 0.3608 0.3686 0.3882
v 0.011634 0.056103 0.022202 0.3608 0.3686 0.3882
v -0.006345 0.054954 0.022202 0.3608 0.3686 0.3882
v -0.006345 0.054954 0.043607 0.3608 0.3686 0.3882
v 0.013296 0.059872 0.017219 0.3608 0.3686 0.3882
v 0.013296 0.059872 0.047746 0.3608 0.3686 0.3882
v 0.071206 0.062729 0.047746 0.3608 0.3686 0.3882
v 0.071206 0.062729 0.017219 0.3608 0.3686 0.3882
v 0.011337 0.058903 0.043607 0.3608 0.3686 0.3882
v 0.011337 0.058903 0.022202 0.3608 0.3686 0.3882
v -0.006643 0.057753 0.022202 0.3608 0.3686 0.3882
v -0.006643 0.057753 0.043607 0.3608 0.3686 0.3882
v -0.057747 0.051668 0.050496 0.3608 0.3686 0.3882
v -0.021358 0.053994 0.040415 0.3608 0.3686 0.3882
v -0.022058 0.053950 0.041167 0.3608 0.3686 0.3882
v -0.022058 0.053950 0.024642 0.3608 0.3686 0.3882
v -0.021358 0.053994 0.025394 0.3608 0.3686 0.3882
v -0.006480 0.056219 0.042645 0.3608 0.3686 0.3882
v -0.006549 0.056875 0.041443 0.3608 0.3686 0.3882
v -0.006549 0.056875 0.024366 0.3608 0.3686 0.3882
v -0.006480 0.056219 0.023164 0.3608 0.3686 0.3882
v -0.006776 0.059008 0.042653 0.3608 0.3686 0.3882
v -0.006847 0.059675 0.041443 0.3608 0.3686 0.3882
v -0.006847 0.059675 0.024366 0.3608 0.3686 0.3882
v -0.006776 0.059008 0.023156 0.3608 0.3686 0.3882
v 0.019677 0.070779 0.011607 0.3608 0.3686 0.3882
v 0.021639 0.070897 0.012630 0.3608 0.3686 0.3882
v 0.020773 0.070844 0.011907 0.3608 0.3686 0.3882
v 0.022535 0.067558 0.012630 0.3608 0.3686 0.3882
v 0.020755 0.066761 0.011607 0.3608 0.3686 0.3882
v 0.021735 0.067257 0.011906 0.3608 0.3686 0.3882
v 0.021991 0.077294 0.011607 0.3608 0.3686 0.3882
v 0.023437 0.076038 0.012690 0.3608 0.3686 0.3882
v 0.022771 0.076546 0.011924 0.3608 0.3686 0.3882
v 0.024032 0.066097 0.012662 0.3608 0.3686 0.3882
v 0.022775 0.064710 0.011604 0.3608 0.3686 0.3882
v 0.023447 0.065537 0.011915 0.3608 0.3686 0.3882
v 0.020284 0.074909 0.011607 0.3608 0.3686 0.3882
v 0.022171 0.074352 0.012666 0.3608 0.3686 0.3882
v 0.021324 0.074549 0.011917 0.3608 0.3686 0.3882
v 0.025739 0.065281 0.012690 0.3608 0.3686 0.3882
v 0.025058 0.063583 0.011608 0.3608 0.3686 0.3882
v 0.025407 0.064577 0.011924 0.3608 0.3686 0.3882
v 0.027774 0.063242 0.011607 0.3608 0.3686 0.3882
v 0.027870 0.064968 0.012740 0.3608 0.3686 0.3882
v 0.027819 0.064261 0.011939 0.3608 0.3686 0.3882
v 0.024174 0.078658 0.011607 0.3608 0.3686 0.3882
v 0.025011 0.077089 0.012740 0.3608 0.3686 0.3882
v 0.024621 0.077722 0.011939 0.3608 0.3686 0.3882
v 0.026819 0.079315 0.011607 0.3608 0.3686 0.3882
v 0.027119 0.077613 0.012743 0.3608 0.3686 0.3882
v 0.026984 0.078309 0.011939 0.3608 0.3686 0.3882
v 0.042002 0.065808 0.012743 0.3608 0.3686 0.3882
v 0.042302 0.064106 0.011607 0.3608 0.3686 0.3882
v 0.042136 0.065112 0.011939 0.3608 0.3686 0.3882
v 0.041347 0.080178 0.011607 0.3608 0.3686 0.3882
v 0.041251 0.078452 0.012740 0.3608 0.3686 0.3882
v 0.041302 0.079159 0.011939 0.3608 0.3686 0.3882
v 0.044968 0.064768 0.011607 0.3608 0.3686 0.3882
v 0.044108 0.066331 0.012740 0.3608 0.3686 0.3882
v 0.044505 0.065700 0.011939 0.3608 0.3686 0.3882
v 0.044068 0.079837 0.011607 0.3608 0.3686 0.3882
v 0.043383 0.078144 0.012692 0.3608 0.3686 0.3882
v 0.043716 0.078845 0.011925 0.3608 0.3686 0.3882
v 0.047136 0.066231 0.011607 0.3608 0.3686 0.3882
v 0.045670 0.067428 0.012700 0.3608 0.3686 0.3882
v 0.046349 0.066957 0.011927 0.3608 0.3686 0.3882
v 0.046336 0.078691 0.011607 0.3608 0.3686 0.3882
v 0.045078 0.077314 0.012667 0.3608 0.3686 0.3882
v 0.045664 0.077869 0.011917 0.3608 0.3686 0.3882
v 0.048833 0.068495 0.011607 0.3608 0.3686 0.3882
v 0.046948 0.069070 0.012668 0.3608 0.3686 0.3882
v 0.047795 0.068867 0.011918 0.3608 0.3686 0.3882
v 0.048366 0.076663 0.011607 0.3608 0.3686 0.3882
v 0.046586 0.075862 0.012629 0.3608 0.3686 0.3882
v 0.047385 0.076164 0.011906 0.3608 0.3686 0.3882
v 0.049448 0.072575 0.011607 0.3608 0.3686 0.3882
v 0.047486 0.072462 0.012631 0.3608 0.3686 0.3882
v 0.048352 0.072513 0.011907 0.3608 0.3686 0.3882
v 0.020284 0.074911 0.054202 0.3608 0.3686 0.3882
v 0.022105 0.074368 0.053150 0.3608 0.3686 0.3882
v 0.021305 0.074555 0.053894 0.3608 0.3686 0.3882
v 0.019677 0.070779 0.054202 0.3608 0.3686 0.3882
v 0.021594 0.070891 0.053151 0.3608 0.3686 0.3882
v 0.020759 0.070842 0.053894 0.3608 0.3686 0.3882
v 0.020756 0.066758 0.054202 0.3608 0.3686 0.3882
v 0.022516 0.067546 0.053113 0.3608 0.3686 0.3882
v 0.021730 0.067253 0.053883 0.3608 0.3686 0.3882
v 0.024173 0.078658 0.054202 0.3608 0.3686 0.3882
v 0.025026 0.077070 0.053107 0.3608 0.3686 0.3882
v 0.024625 0.077716 0.053881 0.3608 0.3686 0.3882
v 0.021998 0.077290 0.054202 0.3608 0.3686 0.3882
v 0.023395 0.076067 0.053135 0.3608 0.3686 0.3882
v 0.022763 0.076552 0.053889 0.3608 0.3686 0.3882
v 0.022733 0.064771 0.054202 0.3608 0.3686 0.3882
v 0.024007 0.066113 0.053090 0.3608 0.3686 0.3882
v 0.023411 0.065582 0.053876 0.3608 0.3686 0.3882
v 0.025049 0.063584 0.054202 0.3608 0.3686 0.3882
v 0.025698 0.065203 0.053054 0.3608 0.3686 0.3882
v 0.025392 0.064554 0.053866 0.3608 0.3686 0.3882
v 0.027111 0.077649 0.053054 0.3608 0.3686 0.3882
v 0.026819 0.079315 0.054202 0.3608 0.3686 0.3882
v 0.026982 0.078319 0.053866 0.3608 0.3686 0.3882
v 0.027774 0.063242 0.054202 0.3608 0.3686 0.3882
v 0.027867 0.064931 0.053051 0.3608 0.3686 0.3882
v 0.027818 0.064250 0.053865 0.3608 0.3686 0.3882
v 0.042302 0.064106 0.054202 0.3608 0.3686 0.3882
v 0.042010 0.065771 0.053054 0.3608 0.3686 0.3882
v 0.042139 0.065101 0.053866 0.3608 0.3686 0.3882
v 0.041347 0.080178 0.054202 0.3608 0.3686 0.3882
v 0.041254 0.078490 0.053051 0.3608 0.3686 0.3882
v 0.041303 0.079170 0.053865 0.3608 0.3686 0.3882
v 0.043423 0.078218 0.053054 0.3608 0.3686 0.3882
v 0.044069 0.079837 0.054202 0.3608 0.3686 0.3882
v 0.043728 0.078866 0.053866 0.3608 0.3686 0.3882
v 0.044963 0.064767 0.054188 0.3608 0.3686 0.3882
v 0.044101 0.066337 0.053099 0.3608 0.3686 0.3882
v 0.044502 0.065702 0.053875 0.3608 0.3686 0.3882
v 0.045194 0.077277 0.053089 0.3608 0.3686 0.3882
v 0.046555 0.078579 0.054202 0.3608 0.3686 0.3882
v 0.045845 0.077782 0.053876 0.3608 0.3686 0.3882
v 0.047085 0.066173 0.054238 0.3608 0.3686 0.3882
v 0.045699 0.067374 0.053132 0.3608 0.3686 0.3882
v 0.046323 0.066902 0.053903 0.3608 0.3686 0.3882
v 0.046606 0.075876 0.053116 0.3608 0.3686 0.3882
v 0.048371 0.076642 0.054202 0.3608 0.3686 0.3882
v 0.047393 0.076162 0.053884 0.3608 0.3686 0.3882
v 0.047531 0.072468 0.053151 0.3608 0.3686 0.3882
v 0.049448 0.072575 0.054202 0.3608 0.3686 0.3882
v 0.048365 0.072515 0.053894 0.3608 0.3686 0.3882
v 0.048833 0.068494 0.054193 0.3608 0.3686 0.3882
v 0.047016 0.069051 0.053150 0.3608 0.3686 0.3882
v 0.047815 0.068861 0.053891 0.3608 0.3686 0.3882
v -0.058033 0.088473 0.051426 0.3608 0.3686 0.3882
v -0.054232 0.052697 0.047746 0.3608 0.3686 0.3882
v -0.058033 0.088473 0.014383 0.3608 0.3686 0.3882
v -0.054232 0.052697 0.017219 0.3608 0.3686 0.3882
v -0.054232 0.052697 0.022202 0.3608 0.3686 0.3882
v -0.054232 0.052697 0.043607 0.3608 0.3686 0.3882
v 0.152256 0.065091 0.040337 0.5882 0.3725 0.1765
v 0.120878 0.063086 0.040337 0.5882 0.3725 0.1765
v 0.120466 0.063059 0.039507 0.5882 0.3725 0.1765
v 0.120587 0.063067 0.040094 0.5882 0.3725 0.1765
v 0.120466 0.063059 0.038816 0.5882 0.3725 0.1765
v 0.120548 0.063065 0.038417 0.5882 0.3725 0.1765
v 0.123793 0.063272 0.037986 0.5882 0.3725 0.1765
v 0.123793 0.063272 0.025444 0.5882 0.3725 0.1765
v 0.152256 0.065091 0.025444 0.5882 0.3725 0.1765
v 0.120587 0.063067 0.038229 0.5882 0.3725 0.1765
v 0.120878 0.063086 0.037986 0.5882 0.3725 0.1765
v 0.492259 0.089014 0.013333 0.2039 0.2078 0.2235
v 0.493907 0.030045 0.032904 0.3608 0.3686 0.3882
v 0.491537 0.043321 0.013860 0.2039 0.2078 0.2235
v 0.492098 0.079909 0.013281 0.2039 0.2078 0.2235
v 0.491574 0.049243 0.013274 0.2039 0.2078 0.2235
v 0.493901 0.030417 0.031034 0.2039 0.2078 0.2235
v 0.493732 0.115352 0.022793 0.2039 0.2078 0.2235
v 0.493250 0.110967 0.019027 0.2039 0.2078 0.2235
v 0.493885 0.031477 0.029448 0.2039 0.2078 0.2235
v 0.492815 0.104770 0.015988 0.2039 0.2078 0.2235
v 0.492506 0.096821 0.014386 0.2039 0.2078 0.2235
v 0.493862 0.033062 0.028388 0.2039 0.2078 0.2235
v 0.492003 0.014056 0.022768 0.3608 0.3686 0.3882
v 0.491496 0.033435 0.015036 0.2039 0.2078 0.2235
v 0.493833 0.034933 0.028016 0.2039 0.2078 0.2235
v 0.491501 0.024956 0.016418 0.3608 0.3686 0.3882
v 0.493805 0.036803 0.028388 0.2039 0.2078 0.2235
v 0.491682 0.018105 0.019169 0.3608 0.3686 0.3882
v 0.492437 0.011977 0.027098 0.3608 0.3686 0.3882
v 0.493781 0.038389 0.029448 0.2039 0.2078 0.2235
v 0.494383 0.118127 0.032904 0.2039 0.2078 0.2235
v 0.492228 0.011681 0.032904 0.3608 0.3686 0.3882
v 0.494193 0.117579 0.026702 0.2039 0.2078 0.2235
v 0.493765 0.039448 0.031034 0.2039 0.2078 0.2235
v 0.497265 0.079787 0.032904 0.2039 0.2078 0.2235
v 0.497207 0.049179 0.032904 0.2039 0.2078 0.2235
v 0.493760 0.039820 0.032904 0.2039 0.2078 0.2235
v 0.493765 0.039448 0.034775 0.2039 0.2078 0.2235
v 0.498404 0.015495 0.032904 0.3608 0.3686 0.3882
v 0.498133 0.017995 0.032904 0.3608 0.3686 0.3882
v 0.497858 0.024780 0.032904 0.3608 0.3686 0.3882
v 0.493781 0.038389 0.036361 0.2039 0.2078 0.2235
v 0.493805 0.036803 0.037421 0.2039 0.2078 0.2235
v 0.499656 0.114252 0.032904 0.2039 0.2078 0.2235
v 0.493833 0.034933 0.037793 0.2039 0.2078 0.2235
v 0.498261 0.104540 0.032904 0.2039 0.2078 0.2235
v 0.493862 0.033062 0.037421 0.2039 0.2078 0.2235
v 0.499026 0.110768 0.032904 0.2039 0.2078 0.2235
v 0.495212 0.079789 0.013320 0.2039 0.2078 0.2235
v 0.497265 0.079787 0.015234 0.2039 0.2078 0.2235
v 0.493885 0.031477 0.036361 0.3608 0.3686 0.3882
v 0.496664 0.079788 0.013892 0.2039 0.2078 0.2235
v 0.493901 0.030417 0.034775 0.3608 0.3686 0.3882
v 0.497207 0.049277 0.015234 0.2039 0.2078 0.2235
v 0.495153 0.049203 0.013326 0.2039 0.2078 0.2235
v 0.494723 0.085832 0.032937 0.2039 0.2078 0.2235
v 0.496605 0.049215 0.013894 0.2039 0.2078 0.2235
v 0.497209 0.043445 0.015780 0.2039 0.2078 0.2235
v 0.494736 0.086204 0.031067 0.2039 0.2078 0.2235
v 0.495157 0.043187 0.013897 0.2039 0.2078 0.2235
v 0.496609 0.043278 0.014452 0.2039 0.2078 0.2235
v 0.498514 0.013861 0.027564 0.3608 0.3686 0.3882
v 0.494772 0.087263 0.029481 0.2039 0.2078 0.2235
v 0.496654 0.011930 0.027108 0.3608 0.3686 0.3882
v 0.498049 0.012486 0.027243 0.3608 0.3686 0.3882
v 0.494826 0.088848 0.028421 0.2039 0.2078 0.2235
v 0.498391 0.015612 0.023881 0.3608 0.3686 0.3882
v 0.496513 0.014004 0.022761 0.3608 0.3686 0.3882
v 0.494890 0.090717 0.028049 0.2039 0.2078 0.2235
v 0.497914 0.014467 0.023087 0.3608 0.3686 0.3882
v 0.498089 0.019072 0.020750 0.3608 0.3686 0.3882
v 0.494953 0.092587 0.028421 0.2039 0.2078 0.2235
v 0.496071 0.018024 0.019144 0.3608 0.3686 0.3882
v 0.495008 0.094172 0.029481 0.2039 0.2078 0.2235
v 0.497516 0.018319 0.019612 0.3608 0.3686 0.3882
v 0.497723 0.025333 0.018166 0.3608 0.3686 0.3882
v 0.495801 0.024831 0.016357 0.3608 0.3686 0.3882
v 0.495044 0.095231 0.031067 0.2039 0.2078 0.2235
v 0.497216 0.024957 0.016881 0.3608 0.3686 0.3882
v 0.495056 0.095603 0.032937 0.2039 0.2078 0.2235
v 0.495334 0.033300 0.015060 0.2039 0.2078 0.2235
v 0.497388 0.033461 0.016922 0.2039 0.2078 0.2235
v 0.495044 0.095231 0.034808 0.2039 0.2078 0.2235
v 0.496787 0.033350 0.015596 0.2039 0.2078 0.2235
v 0.497536 0.088703 0.015234 0.2039 0.2078 0.2235
v 0.495486 0.088907 0.013331 0.2039 0.2078 0.2235
v 0.495008 0.094172 0.036394 0.2039 0.2078 0.2235
v 0.496937 0.088819 0.013895 0.2039 0.2078 0.2235
v 0.497765 0.115258 0.022768 0.2039 0.2078 0.2235
v 0.494953 0.092587 0.037453 0.2039 0.2078 0.2235
v 0.499556 0.113654 0.023958 0.2039 0.2078 0.2235
v 0.494890 0.090717 0.037825 0.2039 0.2078 0.2235
v 0.499144 0.114766 0.023113 0.2039 0.2078 0.2235
v 0.495626 0.096678 0.014368 0.2039 0.2078 0.2235
v 0.494826 0.088848 0.037453 0.2039 0.2078 0.2235
v 0.497674 0.096383 0.016252 0.2039 0.2078 0.2235
v 0.497076 0.096557 0.014919 0.2039 0.2078 0.2235
v 0.496210 0.104629 0.015954 0.2039 0.2078 0.2235
v 0.494772 0.087263 0.036394 0.2039 0.2078 0.2235
v 0.498240 0.104110 0.017856 0.2039 0.2078 0.2235
v 0.497647 0.104378 0.016474 0.2039 0.2078 0.2235
v 0.494736 0.086204 0.034808 0.2039 0.2078 0.2235
v 0.496970 0.110842 0.018993 0.2039 0.2078 0.2235
v 0.498969 0.110141 0.020967 0.2039 0.2078 0.2235
v 0.498385 0.110472 0.019450 0.2039 0.2078 0.2235
v 0.500000 0.116110 0.032904 0.2039 0.2078 0.2235
v 0.498318 0.118092 0.032904 0.2039 0.2078 0.2235
v 0.499661 0.117504 0.032904 0.2039 0.2078 0.2235
v 0.496604 0.011632 0.032904 0.3608 0.3686 0.3882
v 0.498582 0.013594 0.032904 0.3608 0.3686 0.3882
v 0.498034 0.012198 0.032904 0.3608 0.3686 0.3882
v 0.498187 0.117515 0.026706 0.2039 0.2078 0.2235
v 0.499907 0.115565 0.027278 0.2039 0.2078 0.2235
v 0.499544 0.116928 0.026874 0.2039 0.2078 0.2235
v 0.492259 0.089014 0.052476 0.2039 0.2078 0.2235
v 0.491537 0.043320 0.051949 0.2039 0.2078 0.2235
v 0.492098 0.079909 0.052528 0.2039 0.2078 0.2235
v 0.491574 0.049243 0.052535 0.2039 0.2078 0.2235
v 0.493732 0.115352 0.043016 0.2039 0.2078 0.2235
v 0.493250 0.110967 0.046782 0.2039 0.2078 0.2235
v 0.492815 0.104770 0.049821 0.2039 0.2078 0.2235
v 0.492506 0.096821 0.051423 0.2039 0.2078 0.2235
v 0.492003 0.014056 0.043041 0.3608 0.3686 0.3882
v 0.491496 0.033435 0.050773 0.2039 0.2078 0.2235
v 0.491501 0.024956 0.049391 0.3608 0.3686 0.3882
v 0.491682 0.018105 0.046640 0.3608 0.3686 0.3882
v 0.492437 0.011977 0.038711 0.3608 0.3686 0.3882
v 0.494193 0.117579 0.039107 0.2039 0.2078 0.2235
v 0.495212 0.079789 0.052489 0.2039 0.2078 0.2235
v 0.497265 0.079787 0.050575 0.2039 0.2078 0.2235
v 0.496664 0.079788 0.051917 0.2039 0.2078 0.2235
v 0.497207 0.049277 0.050575 0.2039 0.2078 0.2235
v 0.495153 0.049203 0.052483 0.2039 0.2078 0.2235
v 0.496605 0.049215 0.051915 0.2039 0.2078 0.2235
v 0.497209 0.043445 0.050029 0.2039 0.2078 0.2235
v 0.495157 0.043187 0.051912 0.2039 0.2078 0.2235
v 0.496609 0.043278 0.051357 0.2039 0.2078 0.2235
v 0.498514 0.013861 0.038245 0.3608 0.3686 0.3882
v 0.496654 0.011930 0.038701 0.3608 0.3686 0.3882
v 0.498049 0.012486 0.038566 0.3608 0.3686 0.3882
v 0.498391 0.015612 0.041928 0.3608 0.3686 0.3882
v 0.496513 0.014004 0.043048 0.3608 0.3686 0.3882
v 0.497914 0.014467 0.042722 0.3608 0.3686 0.3882
v 0.498089 0.019072 0.045059 0.3608 0.3686 0.3882
v 0.496071 0.018024 0.046665 0.3608 0.3686 0.3882
v 0.497516 0.018319 0.046197 0.3608 0.3686 0.3882
v 0.497723 0.025333 0.047643 0.3608 0.3686 0.3882
v 0.495801 0.024831 0.049452 0.3608 0.3686 0.3882
v 0.497216 0.024957 0.048928 0.3608 0.3686 0.3882
v 0.495334 0.033300 0.050749 0.2039 0.2078 0.2235
v 0.497388 0.033461 0.048887 0.2039 0.2078 0.2235
v 0.496787 0.033350 0.050213 0.2039 0.2078 0.2235
v 0.497536 0.088703 0.050575 0.2039 0.2078 0.2235
v 0.495486 0.088907 0.052478 0.2039 0.2078 0.2235
v 0.496937 0.088819 0.051914 0.2039 0.2078 0.2235
v 0.497765 0.115258 0.043041 0.2039 0.2078 0.2235
v 0.499556 0.113654 0.041851 0.2039 0.2078 0.2235
v 0.499144 0.114766 0.042696 0.2039 0.2078 0.2235
v 0.495626 0.096678 0.051441 0.2039 0.2078 0.2235
v 0.497674 0.096383 0.049557 0.2039 0.2078 0.2235
v 0.497076 0.096557 0.050890 0.2039 0.2078 0.2235
v 0.496210 0.104629 0.049855 0.2039 0.2078 0.2235
v 0.498240 0.104110 0.047952 0.2039 0.2078 0.2235
v 0.497647 0.104378 0.049335 0.2039 0.2078 0.2235
v 0.496970 0.110842 0.046816 0.2039 0.2078 0.2235
v 0.498969 0.110141 0.044842 0.2039 0.2078 0.2235
v 0.498385 0.110472 0.046358 0.2039 0.2078 0.2235
v 0.498187 0.117515 0.039103 0.2039 0.2078 0.2235
v 0.499907 0.115565 0.038531 0.2039 0.2078 0.2235
v 0.499544 0.116928 0.038934 0.2039 0.2078 0.2235
v 0.497514 0.088018 0.025749 0.2039 0.2078 0.2235
v 0.497438 0.085500 0.027427 0.2039 0.2078 0.2235
v 0.497387 0.083816 0.029945 0.2039 0.2078 0.2235
v 0.497210 0.043509 0.032904 0.2039 0.2078 0.2235
v 0.497217 0.042888 0.029789 0.2039 0.2078 0.2235
v 0.497249 0.041125 0.027145 0.2039 0.2078 0.2235
v 0.497353 0.035369 0.024751 0.2039 0.2078 0.2235
v 0.497297 0.038486 0.025376 0.2039 0.2078 0.2235
v 0.497675 0.096412 0.027475 0.2039 0.2078 0.2235
v 0.497630 0.093928 0.025788 0.2039 0.2078 0.2235
v 0.497577 0.090981 0.025177 0.2039 0.2078 0.2235
v 0.497436 0.032247 0.025355 0.2039 0.2078 0.2235
v 0.497554 0.029579 0.027100 0.2039 0.2078 0.2235
v 0.497672 0.027770 0.029746 0.3608 0.3686 0.3882
v 0.497792 0.098112 0.029961 0.2039 0.2078 0.2235
v 0.497387 0.083816 0.035889 0.2039 0.2078 0.2235
v 0.497438 0.085500 0.038406 0.2039 0.2078 0.2235
v 0.497369 0.083224 0.032917 0.2039 0.2078 0.2235
v 0.497514 0.088018 0.040085 0.2039 0.2078 0.2235
v 0.497217 0.042888 0.036020 0.2039 0.2078 0.2235
v 0.497353 0.035369 0.041058 0.2039 0.2078 0.2235
v 0.497297 0.038486 0.040433 0.2039 0.2078 0.2235
v 0.497249 0.041125 0.038664 0.2039 0.2078 0.2235
v 0.497577 0.090981 0.040657 0.2039 0.2078 0.2235
v 0.497630 0.093928 0.040047 0.2039 0.2078 0.2235
v 0.497675 0.096412 0.038361 0.2039 0.2078 0.2235
v 0.497672 0.027770 0.036063 0.3608 0.3686 0.3882
v 0.497554 0.029579 0.038709 0.2039 0.2078 0.2235
v 0.497730 0.027124 0.032904 0.3608 0.3686 0.3882
v 0.497436 0.032247 0.040454 0.2039 0.2078 0.2235
v 0.497834 0.098713 0.032917 0.2039 0.2078 0.2235
v 0.497792 0.098112 0.035874 0.2039 0.2078 0.2235
v 0.445162 0.022091 0.024289 0.3608 0.3686 0.3882
v 0.446256 0.024292 0.023154 0.3608 0.3686 0.3882
v 0.449087 0.021193 0.024945 0.3608 0.3686 0.3882
v 0.450233 0.023383 0.023896 0.3608 0.3686 0.3882
v 0.452414 0.020431 0.026813 0.3608 0.3686 0.3882
v 0.453604 0.022611 0.026010 0.3608 0.3686 0.3882
v 0.454638 0.019922 0.029608 0.3608 0.3686 0.3882
v 0.455856 0.022096 0.029173 0.3608 0.3686 0.3882
v 0.455418 0.019744 0.032904 0.3608 0.3686 0.3882
v 0.456647 0.021915 0.032904 0.3608 0.3686 0.3882
v 0.418696 0.028148 0.032904 0.3608 0.3686 0.3882
v 0.419444 0.030426 0.032904 0.3608 0.3686 0.3882
v 0.419477 0.027970 0.029608 0.3608 0.3686 0.3882
v 0.420235 0.030245 0.029173 0.3608 0.3686 0.3882
v 0.421700 0.027461 0.026813 0.3608 0.3686 0.3882
v 0.422488 0.029730 0.026010 0.3608 0.3686 0.3882
v 0.425028 0.026699 0.024945 0.3608 0.3686 0.3882
v 0.425859 0.028959 0.023896 0.3608 0.3686 0.3882
v 0.428953 0.025801 0.024289 0.3608 0.3686 0.3882
v 0.429835 0.028049 0.023154 0.3608 0.3686 0.3882
v 0.432700 0.024876 0.024260 0.3608 0.3686 0.3882
v 0.441375 0.022893 0.024275 0.3608 0.3686 0.3882
v 0.442350 0.025186 0.023154 0.3608 0.3686 0.3882
v 0.433742 0.027155 0.023154 0.3608 0.3686 0.3882
v 0.439748 0.022368 0.024471 0.3608 0.3686 0.3882
v 0.436837 0.020933 0.024952 0.3608 0.3686 0.3882
v 0.438897 0.021666 0.024695 0.3608 0.3686 0.3882
v 0.437971 0.021243 0.024865 0.3608 0.3686 0.3882
v 0.435815 0.021207 0.024944 0.3608 0.3686 0.3882
v 0.434135 0.023714 0.024457 0.3608 0.3686 0.3882
v 0.435020 0.021889 0.024857 0.3608 0.3686 0.3882
v 0.434511 0.022678 0.024683 0.3608 0.3686 0.3882
v 0.428953 0.025801 0.032904 0.3608 0.3686 0.3882
v 0.445162 0.022091 0.032904 0.3608 0.3686 0.3882
v 0.441382 0.022924 0.032904 0.3608 0.3686 0.3882
v 0.432707 0.024908 0.032904 0.3608 0.3686 0.3882
v 0.440397 0.021808 0.032904 0.3608 0.3686 0.3882
v 0.439524 0.021077 0.032904 0.3608 0.3686 0.3882
v 0.438325 0.020462 0.032904 0.3608 0.3686 0.3882
v 0.436850 0.020167 0.032904 0.3608 0.3686 0.3882
v 0.433309 0.023486 0.032904 0.3608 0.3686 0.3882
v 0.433849 0.022366 0.032904 0.3608 0.3686 0.3882
v 0.434392 0.021307 0.032904 0.3608 0.3686 0.3882
v 0.435390 0.020571 0.032904 0.3608 0.3686 0.3882
v 0.434022 0.024747 0.024236 0.3608 0.3686 0.3882
v 0.441331 0.025411 0.023477 0.3608 0.3686 0.3882
v 0.434638 0.026898 0.023478 0.3608 0.3686 0.3882
v 0.440506 0.023371 0.024201 0.3608 0.3686 0.3882
v 0.439524 0.021076 0.024800 0.3608 0.3686 0.3882
v 0.440394 0.021794 0.024571 0.3608 0.3686 0.3882
v 0.438330 0.020472 0.024993 0.3608 0.3686 0.3882
v 0.436855 0.020185 0.025122 0.3608 0.3686 0.3882
v 0.433306 0.023472 0.024556 0.3608 0.3686 0.3882
v 0.433848 0.022365 0.024786 0.3608 0.3686 0.3882
v 0.434392 0.021317 0.024982 0.3608 0.3686 0.3882
v 0.435394 0.020588 0.025110 0.3608 0.3686 0.3882
v 0.439748 0.022368 0.032904 0.3608 0.3686 0.3882
v 0.436837 0.020933 0.032904 0.3608 0.3686 0.3882
v 0.438897 0.021666 0.032904 0.3608 0.3686 0.3882
v 0.437971 0.021243 0.032904 0.3608 0.3686 0.3882
v 0.435815 0.021208 0.032904 0.3608 0.3686 0.3882
v 0.434135 0.023714 0.032904 0.3608 0.3686 0.3882
v 0.435020 0.021889 0.032904 0.3608 0.3686 0.3882
v 0.434511 0.022678 0.032904 0.3608 0.3686 0.3882
v 0.434022 0.024747 0.032904 0.3608 0.3686 0.3882
v 0.441331 0.025411 0.032904 0.3608 0.3686 0.3882
v 0.434638 0.026898 0.032904 0.3608 0.3686 0.3882
v 0.440506 0.023371 0.032904 0.3608 0.3686 0.3882
v 0.445162 0.022091 0.041520 0.3608 0.3686 0.3882
v 0.446256 0.024292 0.042655 0.3608 0.3686 0.3882
v 0.449087 0.021193 0.040864 0.3608 0.3686 0.3882
v 0.450233 0.023383 0.041913 0.3608 0.3686 0.3882
v 0.452414 0.020431 0.038996 0.3608 0.3686 0.3882
v 0.453604 0.022611 0.039799 0.3608 0.3686 0.3882
v 0.454638 0.019922 0.036201 0.3608 0.3686 0.3882
v 0.455856 0.022096 0.036636 0.3608 0.3686 0.3882
v 0.419477 0.027970 0.036201 0.3608 0.3686 0.3882
v 0.420235 0.030245 0.036636 0.3608 0.3686 0.3882
v 0.421700 0.027461 0.038996 0.3608 0.3686 0.3882
v 0.422488 0.029730 0.039799 0.3608 0.3686 0.3882
v 0.425028 0.026699 0.040864 0.3608 0.3686 0.3882
v 0.425859 0.028959 0.041913 0.3608 0.3686 0.3882
v 0.428953 0.025801 0.041520 0.3608 0.3686 0.3882
v 0.429835 0.028049 0.042655 0.3608 0.3686 0.3882
v 0.432700 0.024876 0.041548 0.3608 0.3686 0.3882
v 0.441375 0.022893 0.041534 0.3608 0.3686 0.3882
v 0.442350 0.025186 0.042655 0.3608 0.3686 0.3882
v 0.433742 0.027155 0.042655 0.3608 0.3686 0.3882
v 0.439748 0.022368 0.041338 0.3608 0.3686 0.3882
v 0.436837 0.020933 0.040857 0.3608 0.3686 0.3882
v 0.438897 0.021666 0.041114 0.3608 0.3686 0.3882
v 0.437971 0.021243 0.040943 0.3608 0.3686 0.3882
v 0.435815 0.021208 0.040865 0.3608 0.3686 0.3882
v 0.434135 0.023714 0.041352 0.3608 0.3686 0.3882
v 0.435020 0.021889 0.040952 0.3608 0.3686 0.3882
v 0.434511 0.022678 0.041126 0.3608 0.3686 0.3882
v 0.434022 0.024747 0.041573 0.3608 0.3686 0.3882
v 0.441331 0.025411 0.042332 0.3608 0.3686 0.3882
v 0.434638 0.026898 0.042331 0.3608 0.3686 0.3882
v 0.440506 0.023371 0.041608 0.3608 0.3686 0.3882
v 0.439524 0.021076 0.041009 0.3608 0.3686 0.3882
v 0.440394 0.021794 0.041238 0.3608 0.3686 0.3882
v 0.438330 0.020472 0.040816 0.3608 0.3686 0.3882
v 0.436855 0.020185 0.040687 0.3608 0.3686 0.3882
v 0.433306 0.023472 0.041253 0.3608 0.3686 0.3882
v 0.433848 0.022365 0.041023 0.3608 0.3686 0.3882
v 0.434392 0.021317 0.040827 0.3608 0.3686 0.3882
v 0.435394 0.020588 0.040699 0.3608 0.3686 0.3882
v 0.208291 0.125701 0.037181 0.5882 0.3725 0.1765
v 0.207303 0.135004 0.037181 0.5882 0.3725 0.1765
v 0.208291 0.125701 0.028628 0.5882 0.3725 0.1765
v 0.207303 0.135004 0.028628 0.5882 0.3725 0.1765
v 0.217111 0.136046 0.037181 0.5882 0.3725 0.1765
v 0.217883 0.136128 0.036585 0.5882 0.3725 0.1765
v 0.217883 0.136128 0.029224 0.5882 0.3725 0.1765
v 0.217111 0.136046 0.028628 0.5882 0.3725 0.1765
v 0.224133 0.127384 0.036585 0.5882 0.3725 0.1765
v 0.223335 0.127299 0.037181 0.5882 0.3725 0.1765
v 0.223059 0.130278 0.037181 0.5882 0.3725 0.1765
v 0.223845 0.130346 0.036585 0.5882 0.3725 0.1765
v 0.223059 0.130278 0.028628 0.5882 0.3725 0.1765
v 0.223845 0.130346 0.029224 0.5882 0.3725 0.1765
v 0.223335 0.127299 0.028628 0.5882 0.3725 0.1765
v 0.224133 0.127384 0.029224 0.5882 0.3725 0.1765
v 0.223123 0.131046 0.036585 0.5882 0.3725 0.1765
v 0.222579 0.131574 0.036585 0.5882 0.3725 0.1765
v 0.222370 0.131259 0.036585 0.5882 0.3725 0.1765
v 0.222129 0.132010 0.036585 0.5882 0.3725 0.1765
v 0.221586 0.132537 0.036585 0.5882 0.3725 0.1765
v 0.221376 0.132222 0.036585 0.5882 0.3725 0.1765
v 0.221135 0.132974 0.036585 0.5882 0.3725 0.1765
v 0.220592 0.133500 0.036585 0.5882 0.3725 0.1765
v 0.220383 0.133186 0.036585 0.5882 0.3725 0.1765
v 0.220141 0.133938 0.036585 0.5882 0.3725 0.1765
v 0.219599 0.134464 0.036585 0.5882 0.3725 0.1765
v 0.219389 0.134149 0.036585 0.5882 0.3725 0.1765
v 0.219147 0.134901 0.036585 0.5882 0.3725 0.1765
v 0.218606 0.135427 0.036585 0.5882 0.3725 0.1765
v 0.218395 0.135113 0.036585 0.5882 0.3725 0.1765
v 0.218374 0.134821 0.037181 0.5882 0.3725 0.1765
v 0.217831 0.135348 0.037181 0.5882 0.3725 0.1765
v 0.217621 0.135033 0.037181 0.5882 0.3725 0.1765
v 0.219365 0.133860 0.037181 0.5882 0.3725 0.1765
v 0.218822 0.134387 0.037181 0.5882 0.3725 0.1765
v 0.218613 0.134072 0.037181 0.5882 0.3725 0.1765
v 0.220357 0.132898 0.037181 0.5882 0.3725 0.1765
v 0.219813 0.133426 0.037181 0.5882 0.3725 0.1765
v 0.219604 0.133111 0.037181 0.5882 0.3725 0.1765
v 0.221348 0.131937 0.037181 0.5882 0.3725 0.1765
v 0.220804 0.132465 0.037181 0.5882 0.3725 0.1765
v 0.220595 0.132150 0.037181 0.5882 0.3725 0.1765
v 0.222340 0.130975 0.037181 0.5882 0.3725 0.1765
v 0.221795 0.131504 0.037181 0.5882 0.3725 0.1765
v 0.221586 0.131188 0.037181 0.5882 0.3725 0.1765
v 0.221795 0.131504 0.028628 0.5882 0.3725 0.1765
v 0.222340 0.130975 0.028628 0.5882 0.3725 0.1765
v 0.221586 0.131188 0.028628 0.5882 0.3725 0.1765
v 0.220804 0.132465 0.028628 0.5882 0.3725 0.1765
v 0.221348 0.131937 0.028628 0.5882 0.3725 0.1765
v 0.220595 0.132150 0.028628 0.5882 0.3725 0.1765
v 0.219813 0.133426 0.028628 0.5882 0.3725 0.1765
v 0.220357 0.132898 0.028628 0.5882 0.3725 0.1765
v 0.219604 0.133111 0.028628 0.5882 0.3725 0.1765
v 0.218822 0.134387 0.028628 0.5882 0.3725 0.1765
v 0.219365 0.133860 0.028628 0.5882 0.3725 0.1765
v 0.218613 0.134072 0.028628 0.5882 0.3725 0.1765
v 0.217831 0.135348 0.028628 0.5882 0.3725 0.1765
v 0.218374 0.134821 0.028628 0.5882 0.3725 0.1765
v 0.217621 0.135033 0.028628 0.5882 0.3725 0.1765
v 0.218606 0.135427 0.029224 0.5882 0.3725 0.1765
v 0.219147 0.134901 0.029224 0.5882 0.3725 0.1765
v 0.218395 0.135113 0.029224 0.5882 0.3725 0.1765
v 0.219599 0.134464 0.029224 0.5882 0.3725 0.1765
v 0.220141 0.133938 0.029224 0.5882 0.3725 0.1765
v 0.219389 0.134149 0.029224 0.5882 0.3725 0.1765
v 0.220592 0.133500 0.029224 0.5882 0.3725 0.1765
v 0.221135 0.132974 0.029224 0.5882 0.3725 0.1765
v 0.220383 0.133186 0.029224 0.5882 0.3725 0.1765
v 0.221586 0.132537 0.029224 0.5882 0.3725 0.1765
v 0.222129 0.132010 0.029224 0.5882 0.3725 0.1765
v 0.221376 0.132222 0.029224 0.5882 0.3725 0.1765
v 0.222579 0.131574 0.029224 0.5882 0.3725 0.1765
v 0.223123 0.131046 0.029224 0.5882 0.3725 0.1765
v 0.222370 0.131259 0.029224 0.5882 0.3725 0.1765
v -0.054750 0.133432 0.045601 0.3608 0.3686 0.3882
v -0.054750 0.133432 0.020208 0.3608 0.3686 0.3882
v -0.054322 0.131840 0.045601 0.3608 0.3686 0.3882
v -0.054322 0.131840 0.020208 0.3608 0.3686 0.3882
v -0.053422 0.130459 0.045601 0.3608 0.3686 0.3882
v -0.053422 0.130459 0.020208 0.3608 0.3686 0.3882
v -0.052140 0.129423 0.045601 0.3608 0.3686 0.3882
v -0.052140 0.129423 0.020208 0.3608 0.3686 0.3882
v -0.050600 0.128834 0.045601 0.3608 0.3686 0.3882
v -0.050600 0.128834 0.020208 0.3608 0.3686 0.3882
v -0.048954 0.128749 0.045601 0.3608 0.3686 0.3882
v -0.048954 0.128749 0.020208 0.3608 0.3686 0.3882
v -0.047362 0.129178 0.045601 0.3608 0.3686 0.3882
v -0.047362 0.129178 0.020208 0.3608 0.3686 0.3882
v -0.045980 0.130077 0.045601 0.3608 0.3686 0.3882
v -0.045980 0.130077 0.020208 0.3608 0.3686 0.3882
v -0.044944 0.131359 0.045601 0.3608 0.3686 0.3882
v -0.044944 0.131359 0.020208 0.3608 0.3686 0.3882
v -0.044355 0.132899 0.045601 0.3608 0.3686 0.3882
v -0.044355 0.132899 0.020208 0.3608 0.3686 0.3882
v -0.044271 0.134546 0.045601 0.3608 0.3686 0.3882
v -0.044271 0.134546 0.020208 0.3608 0.3686 0.3882
v -0.044699 0.136137 0.045601 0.3608 0.3686 0.3882
v -0.044699 0.136137 0.020208 0.3608 0.3686 0.3882
v -0.045599 0.137519 0.045601 0.3608 0.3686 0.3882
v -0.045599 0.137519 0.020208 0.3608 0.3686 0.3882
v -0.046881 0.138555 0.045601 0.3608 0.3686 0.3882
v -0.046881 0.138555 0.020208 0.3608 0.3686 0.3882
v -0.048421 0.139144 0.045601 0.3608 0.3686 0.3882
v -0.048421 0.139144 0.020208 0.3608 0.3686 0.3882
v -0.050067 0.139228 0.045601 0.3608 0.3686 0.3882
v -0.050067 0.139228 0.020208 0.3608 0.3686 0.3882
v -0.051659 0.138800 0.045601 0.3608 0.3686 0.3882
v -0.051659 0.138800 0.020208 0.3608 0.3686 0.3882
v -0.053041 0.137900 0.045601 0.3608 0.3686 0.3882
v -0.053041 0.137900 0.020208 0.3608 0.3686 0.3882
v -0.054076 0.136618 0.045601 0.3608 0.3686 0.3882
v -0.054077 0.136618 0.020208 0.3608 0.3686 0.3882
v -0.054666 0.135079 0.045601 0.3608 0.3686 0.3882
v -0.054666 0.135079 0.020208 0.3608 0.3686 0.3882
v -0.045599 0.137519 0.035452 0.3608 0.3686 0.3882
v -0.045599 0.137519 0.030357 0.3608 0.3686 0.3882
v -0.046881 0.138555 0.035452 0.3608 0.3686 0.3882
v -0.046881 0.138555 0.030357 0.3608 0.3686 0.3882
v -0.048421 0.139144 0.035452 0.3608 0.3686 0.3882
v -0.048421 0.139144 0.030357 0.3608 0.3686 0.3882
v -0.050067 0.139228 0.035452 0.3608 0.3686 0.3882
v -0.050067 0.139228 0.030357 0.3608 0.3686 0.3882
v -0.051659 0.138800 0.035452 0.3608 0.3686 0.3882
v -0.051659 0.138800 0.030357 0.3608 0.3686 0.3882
v -0.053041 0.137900 0.035452 0.3608 0.3686 0.3882
v -0.053041 0.137900 0.030357 0.3608 0.3686 0.3882
v -0.054076 0.136618 0.035452 0.3608 0.3686 0.3882
v -0.054076 0.136618 0.030357 0.3608 0.3686 0.3882
v -0.054666 0.135079 0.025913 0.3608 0.3686 0.3882
v -0.054750 0.133432 0.025913 0.3608 0.3686 0.3882
v -0.054322 0.131840 0.025913 0.3608 0.3686 0.3882
v -0.044355 0.132899 0.025913 0.3608 0.3686 0.3882
v -0.044271 0.134546 0.025913 0.3608 0.3686 0.3882
v -0.044699 0.136137 0.025913 0.3608 0.3686 0.3882
v -0.045599 0.137519 0.025913 0.3608 0.3686 0.3882
v -0.054076 0.136618 0.025913 0.3608 0.3686 0.3882
v -0.054750 0.133432 0.039893 0.3608 0.3686 0.3882
v -0.054322 0.131840 0.039893 0.3608 0.3686 0.3882
v -0.054666 0.135079 0.039893 0.3608 0.3686 0.3882
v -0.044355 0.132899 0.039893 0.3608 0.3686 0.3882
v -0.044271 0.134546 0.039893 0.3608 0.3686 0.3882
v -0.044699 0.136137 0.039893 0.3608 0.3686 0.3882
v -0.045599 0.137519 0.039893 0.3608 0.3686 0.3882
v -0.054076 0.136618 0.039893 0.3608 0.3686 0.3882
v -0.053978 0.133514 0.045601 0.3608 0.3686 0.3882
v -0.053613 0.132157 0.045601 0.3608 0.3686 0.3882
v -0.053613 0.132157 0.020208 0.3608 0.3686 0.3882
v -0.053978 0.133514 0.020208 0.3608 0.3686 0.3882
v -0.052846 0.130979 0.045601 0.3608 0.3686 0.3882
v -0.052846 0.130979 0.020208 0.3608 0.3686 0.3882
v -0.051753 0.130095 0.045601 0.3608 0.3686 0.3882
v -0.051753 0.130095 0.020208 0.3608 0.3686 0.3882
v -0.050440 0.129593 0.045601 0.3608 0.3686 0.3882
v -0.050440 0.129593 0.020208 0.3608 0.3686 0.3882
v -0.049036 0.129521 0.045601 0.3608 0.3686 0.3882
v -0.049036 0.129521 0.020208 0.3608 0.3686 0.3882
v -0.047678 0.129886 0.045601 0.3608 0.3686 0.3882
v -0.047678 0.129886 0.020208 0.3608 0.3686 0.3882
v -0.046500 0.130653 0.045601 0.3608 0.3686 0.3882
v -0.046500 0.130653 0.020208 0.3608 0.3686 0.3882
v -0.045617 0.131747 0.045601 0.3608 0.3686 0.3882
v -0.045617 0.131747 0.020208 0.3608 0.3686 0.3882
v -0.045115 0.133060 0.045601 0.3608 0.3686 0.3882
v -0.045115 0.133060 0.020208 0.3608 0.3686 0.3882
v -0.045043 0.134464 0.045601 0.3608 0.3686 0.3882
v -0.045043 0.134464 0.020208 0.3608 0.3686 0.3882
v -0.045408 0.135821 0.045601 0.3608 0.3686 0.3882
v -0.045408 0.135821 0.020208 0.3608 0.3686 0.3882
v -0.046175 0.136999 0.045601 0.3608 0.3686 0.3882
v -0.046175 0.136999 0.020208 0.3608 0.3686 0.3882
v -0.047268 0.137882 0.045601 0.3608 0.3686 0.3882
v -0.047268 0.137882 0.020208 0.3608 0.3686 0.3882
v -0.048581 0.138385 0.045601 0.3608 0.3686 0.3882
v -0.048581 0.138385 0.020208 0.3608 0.3686 0.3882
v -0.049985 0.138457 0.045601 0.3608 0.3686 0.3882
v -0.049985 0.138457 0.020208 0.3608 0.3686 0.3882
v -0.051343 0.138091 0.045601 0.3608 0.3686 0.3882
v -0.051343 0.138091 0.020208 0.3608 0.3686 0.3882
v -0.052521 0.137324 0.045601 0.3608 0.3686 0.3882
v -0.052521 0.137324 0.020208 0.3608 0.3686 0.3882
v -0.053404 0.136231 0.045601 0.3608 0.3686 0.3882
v -0.053404 0.136231 0.020208 0.3608 0.3686 0.3882
v -0.053906 0.134918 0.045601 0.3608 0.3686 0.3882
v -0.053906 0.134918 0.020208 0.3608 0.3686 0.3882
v -0.053978 0.133514 0.047622 0.3608 0.3686 0.3882
v -0.053613 0.132157 0.047622 0.3608 0.3686 0.3882
v -0.053613 0.132157 0.018187 0.3608 0.3686 0.3882
v -0.053978 0.133514 0.018187 0.3608 0.3686 0.3882
v -0.052846 0.130979 0.047622 0.3608 0.3686 0.3882
v -0.052846 0.130979 0.018187 0.3608 0.3686 0.3882
v -0.051753 0.130095 0.047622 0.3608 0.3686 0.3882
v -0.051753 0.130095 0.018187 0.3608 0.3686 0.3882
v -0.050440 0.129593 0.047622 0.3608 0.3686 0.3882
v -0.050440 0.129593 0.018187 0.3608 0.3686 0.3882
v -0.049036 0.129521 0.047622 0.3608 0.3686 0.3882
v -0.049036 0.129521 0.018187 0.3608 0.3686 0.3882
v -0.047678 0.129886 0.047622 0.3608 0.3686 0.3882
v -0.047678 0.129886 0.018187 0.3608 0.3686 0.3882
v -0.046500 0.130653 0.047622 0.3608 0.3686 0.3882
v -0.046500 0.130653 0.018187 0.3608 0.3686 0.3882
v -0.045617 0.131747 0.047622 0.3608 0.3686 0.3882
v -0.045617 0.131747 0.018187 0.3608 0.3686 0.3882
v -0.045115 0.133060 0.047622 0.3608 0.3686 0.3882
v -0.045115 0.133060 0.018187 0.3608 0.3686 0.3882
v -0.045043 0.134464 0.047622 0.3608 0.3686 0.3882
v -0.045043 0.134464 0.018187 0.3608 0.3686 0.3882
v -0.045408 0.135821 0.047622 0.3608 0.3686 0.3882
v -0.045408 0.135821 0.018187 0.3608 0.3686 0.3882
v -0.046175 0.136999 0.047622 0.3608 0.3686 0.3882
v -0.046175 0.136999 0.018187 0.3608 0.3686 0.3882
v -0.047268 0.137882 0.047622 0.3608 0.3686 0.3882
v -0.047268 0.137882 0.018187 0.3608 0.3686 0.3882
v -0.048581 0.138385 0.047622 0.3608 0.3686 0.3882
v -0.048581 0.138385 0.018187 0.3608 0.3686 0.3882
v -0.049985 0.138457 0.047622 0.3608 0.3686 0.3882
v -0.049985 0.138457 0.018187 0.3608 0.3686 0.3882
v -0.051343 0.138091 0.047622 0.3608 0.3686 0.3882
v -0.051343 0.138091 0.018187 0.3608 0.3686 0.3882
v -0.052521 0.137324 0.047622 0.3608 0.3686 0.3882
v -0.052521 0.137324 0.018187 0.3608 0.3686 0.3882
v -0.053404 0.136231 0.047622 0.3608 0.3686 0.3882
v -0.053404 0.136231 0.018187 0.3608 0.3686 0.3882
v -0.053906 0.134918 0.047622 0.3608 0.3686 0.3882
v -0.053906 0.134918 0.018187 0.3608 0.3686 0.3882
v -0.432593 0.031203 0.032904 0.5882 0.3725 0.1765
v -0.440625 0.051792 0.027557 0.5882 0.3725 0.1765
v -0.465223 0.027736 0.032904 0.5882 0.3725 0.1765
v -0.432613 0.031396 0.030619 0.5882 0.3725 0.1765
v -0.439855 0.050932 0.027557 0.5882 0.3725 0.1765
v -0.465236 0.027855 0.030619 0.5882 0.3725 0.1765
v -0.452738 0.022938 0.029078 0.5882 0.3725 0.1765
v -0.438727 0.050689 0.027557 0.5882 0.3725 0.1765
v -0.443387 0.030679 0.029078 0.5882 0.3725 0.1765
v -0.449386 0.024742 0.029078 0.5882 0.3725 0.1765
v -0.450954 0.023637 0.029078 0.5882 0.3725 0.1765
v -0.449386 0.024742 0.026394 0.5882 0.3725 0.1765
v -0.452738 0.022938 0.026394 0.5882 0.3725 0.1765
v -0.437671 0.051155 0.027557 0.5882 0.3725 0.1765
v -0.450954 0.023637 0.026394 0.5882 0.3725 0.1765
v -0.453100 0.087623 0.025924 0.5882 0.3725 0.1765
v -0.448139 0.026913 0.029078 0.5882 0.3725 0.1765
v -0.437091 0.052153 0.027557 0.5882 0.3725 0.1765
v -0.447268 0.028466 0.029078 0.5882 0.3725 0.1765
v -0.471379 0.085681 0.025924 0.5882 0.3725 0.1765
v -0.432940 0.034468 0.024622 0.5882 0.3725 0.1765
v -0.446095 0.029666 0.026394 0.5882 0.3725 0.1765
v -0.448139 0.026913 0.026394 0.5882 0.3725 0.1765
v -0.437208 0.053301 0.027557 0.5882 0.3725 0.1765
v -0.453316 0.089656 0.024355 0.5882 0.3725 0.1765
v -0.447268 0.028466 0.026394 0.5882 0.3725 0.1765
v -0.465570 0.031001 0.024622 0.5882 0.3725 0.1765
v -0.437978 0.054161 0.027557 0.5882 0.3725 0.1765
v -0.471595 0.087714 0.024355 0.5882 0.3725 0.1765
v -0.433127 0.036233 0.023166 0.5882 0.3725 0.1765
v -0.439106 0.054405 0.027557 0.5882 0.3725 0.1765
v -0.453567 0.092024 0.023369 0.5882 0.3725 0.1765
v -0.465758 0.032766 0.023166 0.5882 0.3725 0.1765
v -0.440162 0.053938 0.027557 0.5882 0.3725 0.1765
v -0.471847 0.090082 0.023369 0.5882 0.3725 0.1765
v -0.440742 0.052940 0.027557 0.5882 0.3725 0.1765
v -0.453837 0.094565 0.023032 0.5882 0.3725 0.1765
v -0.433341 0.038247 0.022083 0.5882 0.3725 0.1765
v -0.465972 0.034780 0.022083 0.5882 0.3725 0.1765
v -0.461691 0.049554 0.028107 0.5882 0.3725 0.1765
v -0.472117 0.092623 0.023032 0.5882 0.3725 0.1765
v -0.433573 0.040432 0.021417 0.5882 0.3725 0.1765
v -0.460921 0.048694 0.028107 0.5882 0.3725 0.1765
v -0.454418 0.097072 0.023369 0.5882 0.3725 0.1765
v -0.466204 0.036965 0.021417 0.5882 0.3725 0.1765
v -0.459793 0.048451 0.028107 0.5882 0.3725 0.1765
v -0.433815 0.042704 0.021192 0.5882 0.3725 0.1765
v -0.466445 0.039237 0.021192 0.5882 0.3725 0.1765
v -0.458737 0.048917 0.028107 0.5882 0.3725 0.1765
v -0.434056 0.044976 0.021417 0.5882 0.3725 0.1765
v -0.466687 0.041509 0.021417 0.5882 0.3725 0.1765
v -0.458157 0.049915 0.028107 0.5882 0.3725 0.1765
v -0.434288 0.047161 0.022083 0.5882 0.3725 0.1765
v -0.466919 0.043694 0.022083 0.5882 0.3725 0.1765
v -0.458274 0.051063 0.028107 0.5882 0.3725 0.1765
v -0.434502 0.049175 0.023166 0.5882 0.3725 0.1765
v -0.467133 0.045708 0.023166 0.5882 0.3725 0.1765
v -0.459044 0.051923 0.028107 0.5882 0.3725 0.1765
v -0.434690 0.050940 0.024622 0.5882 0.3725 0.1765
v -0.467320 0.047473 0.024622 0.5882 0.3725 0.1765
v -0.460172 0.052167 0.028107 0.5882 0.3725 0.1765
v -0.434844 0.052388 0.026397 0.5882 0.3725 0.1765
v -0.461228 0.051700 0.028107 0.5882 0.3725 0.1765
v -0.471338 0.085291 0.026397 0.5882 0.3725 0.1765
v -0.453058 0.087233 0.026397 0.5882 0.3725 0.1765
v -0.461809 0.050702 0.028107 0.5882 0.3725 0.1765
v -0.435389 0.057518 0.026397 0.5882 0.3725 0.1765
v -0.467474 0.048921 0.026397 0.5882 0.3725 0.1765
v -0.472134 0.092785 0.024776 0.5882 0.3725 0.1765
v -0.453854 0.094727 0.024776 0.5882 0.3725 0.1765
v -0.471912 0.090693 0.025053 0.5882 0.3725 0.1765
v -0.453632 0.092635 0.025053 0.5882 0.3725 0.1765
v -0.454388 0.096786 0.025053 0.5882 0.3725 0.1765
v -0.471390 0.085785 0.028840 0.5882 0.3725 0.1765
v -0.453111 0.087727 0.028840 0.5882 0.3725 0.1765
v -0.471338 0.085291 0.030038 0.5882 0.3725 0.1765
v -0.471275 0.084702 0.032904 0.5882 0.3725 0.1765
v -0.452725 0.086672 0.032904 0.5882 0.3725 0.1765
v -0.471705 0.088743 0.025865 0.5882 0.3725 0.1765
v -0.453425 0.090685 0.025865 0.5882 0.3725 0.1765
v -0.471527 0.087069 0.027157 0.5882 0.3725 0.1765
v -0.453247 0.089011 0.027157 0.5882 0.3725 0.1765
v -0.471305 0.084977 0.030801 0.5882 0.3725 0.1765
v -0.452879 0.086935 0.030801 0.5882 0.3725 0.1765
v -0.453058 0.087233 0.030038 0.5882 0.3725 0.1765
v -0.467474 0.048921 0.032904 0.5882 0.3725 0.1765
v -0.435898 0.059095 0.032904 0.5882 0.3725 0.1765
v -0.435389 0.057518 0.032904 0.5882 0.3725 0.1765
v -0.434844 0.052388 0.032904 0.5882 0.3725 0.1765
v -0.456180 0.099280 0.024355 0.5882 0.3725 0.1765
v -0.457980 0.100338 0.025212 0.5882 0.3725 0.1765
v -0.459670 0.100880 0.025797 0.5882 0.3725 0.1765
v -0.455649 0.098623 0.025865 0.5882 0.3725 0.1765
v -0.457543 0.099542 0.026543 0.5882 0.3725 0.1765
v -0.471931 0.095212 0.023369 0.5882 0.3725 0.1765
v -0.470820 0.097724 0.024355 0.5882 0.3725 0.1765
v -0.469282 0.099137 0.025212 0.5882 0.3725 0.1765
v -0.467744 0.100022 0.025797 0.5882 0.3725 0.1765
v -0.471901 0.094925 0.025053 0.5882 0.3725 0.1765
v -0.471153 0.096976 0.025865 0.5882 0.3725 0.1765
v -0.469509 0.098271 0.026543 0.5882 0.3725 0.1765
v -0.465705 0.100470 0.026048 0.5882 0.3725 0.1765
v -0.461758 0.100890 0.026048 0.5882 0.3725 0.1765
v -0.461657 0.099983 0.027191 0.5882 0.3725 0.1765
v -0.465613 0.099562 0.027191 0.5882 0.3725 0.1765
v -0.467836 0.099080 0.026985 0.5882 0.3725 0.1765
v -0.459486 0.099967 0.026985 0.5882 0.3725 0.1765
v -0.465045 0.067599 0.026397 0.5882 0.3725 0.1765
v -0.463798 0.068080 0.026397 0.5882 0.3725 0.1765
v -0.466093 0.065240 0.026397 0.5882 0.3725 0.1765
v -0.464917 0.057448 0.026397 0.5882 0.3725 0.1765
v -0.465397 0.058695 0.026397 0.5882 0.3725 0.1765
v -0.465885 0.066560 0.026397 0.5882 0.3725 0.1765
v -0.449215 0.069629 0.026397 0.5882 0.3725 0.1765
v -0.448223 0.069535 0.026397 0.5882 0.3725 0.1765
v -0.447183 0.069220 0.026397 0.5882 0.3725 0.1765
v -0.445846 0.068348 0.026397 0.5882 0.3725 0.1765
v -0.444002 0.066404 0.026397 0.5882 0.3725 0.1765
v -0.444916 0.067425 0.026397 0.5882 0.3725 0.1765
v -0.441996 0.061475 0.026397 0.5882 0.3725 0.1765
v -0.462557 0.056401 0.026397 0.5882 0.3725 0.1765
v -0.444817 0.058285 0.026397 0.5882 0.3725 0.1765
v -0.463877 0.056608 0.026397 0.5882 0.3725 0.1765
v -0.443252 0.058888 0.026397 0.5882 0.3725 0.1765
v -0.465045 0.067599 0.032904 0.5882 0.3725 0.1765
v -0.463798 0.068080 0.032904 0.5882 0.3725 0.1765
v -0.466093 0.065240 0.032904 0.5882 0.3725 0.1765
v -0.464917 0.057448 0.032904 0.5882 0.3725 0.1765
v -0.465397 0.058695 0.032904 0.5882 0.3725 0.1765
v -0.465885 0.066560 0.032904 0.5882 0.3725 0.1765
v -0.449215 0.069629 0.032904 0.5882 0.3725 0.1765
v -0.448223 0.069535 0.032904 0.5882 0.3725 0.1765
v -0.447183 0.069220 0.032904 0.5882 0.3725 0.1765
v -0.445846 0.068348 0.032904 0.5882 0.3725 0.1765
v -0.444002 0.066404 0.032904 0.5882 0.3725 0.1765
v -0.444916 0.067425 0.032904 0.5882 0.3725 0.1765
v -0.441996 0.061475 0.032904 0.5882 0.3725 0.1765
v -0.462557 0.056401 0.032904 0.5882 0.3725 0.1765
v -0.444817 0.058285 0.032904 0.5882 0.3725 0.1765
v -0.463877 0.056608 0.032904 0.5882 0.3725 0.1765
v -0.443252 0.058888 0.032904 0.5882 0.3725 0.1765
v -0.442622 0.059667 0.026397 0.5882 0.3725 0.1765
v -0.442132 0.060609 0.026397 0.5882 0.3725 0.1765
v -0.435898 0.059095 0.026397 0.5882 0.3725 0.1765
v -0.442132 0.060609 0.032904 0.5882 0.3725 0.1765
v -0.442622 0.059667 0.032904 0.5882 0.3725 0.1765
v -0.442045 0.062369 0.026397 0.5882 0.3725 0.1765
v -0.442315 0.063320 0.026397 0.5882 0.3725 0.1765
v -0.442315 0.063320 0.032904 0.5882 0.3725 0.1765
v -0.442045 0.062369 0.032904 0.5882 0.3725 0.1765
v -0.459793 0.048451 0.024838 0.5882 0.3725 0.1765
v -0.438727 0.050689 0.024838 0.5882 0.3725 0.1765
v -0.458737 0.048917 0.025267 0.5882 0.3725 0.1765
v -0.460921 0.048694 0.025278 0.5882 0.3725 0.1765
v -0.437671 0.051155 0.025267 0.5882 0.3725 0.1765
v -0.439855 0.050932 0.025278 0.5882 0.3725 0.1765
v -0.437978 0.054161 0.026397 0.5882 0.3725 0.1765
v -0.439106 0.054405 0.026397 0.5882 0.3725 0.1765
v -0.440742 0.052940 0.026397 0.5882 0.3725 0.1765
v -0.437208 0.053301 0.026397 0.5882 0.3725 0.1765
v -0.440162 0.053938 0.026397 0.5882 0.3725 0.1765
v -0.440625 0.051792 0.026397 0.5882 0.3725 0.1765
v -0.458159 0.049911 0.026397 0.5882 0.3725 0.1765
v -0.437091 0.052153 0.026397 0.5882 0.3725 0.1765
v -0.461691 0.049554 0.026397 0.5882 0.3725 0.1765
v -0.458274 0.051063 0.026397 0.5882 0.3725 0.1765
v -0.461809 0.050702 0.026397 0.5882 0.3725 0.1765
v -0.460172 0.052167 0.026397 0.5882 0.3725 0.1765
v -0.461228 0.051700 0.026397 0.5882 0.3725 0.1765
v -0.459044 0.051923 0.026397 0.5882 0.3725 0.1765
v -0.465289 0.028352 0.029078 0.5882 0.3725 0.1765
v -0.465416 0.029553 0.026397 0.5882 0.3725 0.1765
v -0.446095 0.029666 0.029078 0.5882 0.3725 0.1765
v -0.464799 0.023738 0.029078 0.5882 0.3725 0.1765
v -0.462521 0.021899 0.029078 0.5882 0.3725 0.1765
v -0.464413 0.022739 0.029078 0.5882 0.3725 0.1765
v -0.463580 0.022065 0.029078 0.5882 0.3725 0.1765
v -0.462521 0.021899 0.026394 0.5882 0.3725 0.1765
v -0.464799 0.023738 0.026394 0.5882 0.3725 0.1765
v -0.463580 0.022065 0.026394 0.5882 0.3725 0.1765
v -0.464413 0.022739 0.026394 0.5882 0.3725 0.1765
v -0.445602 0.074997 0.032904 0.5882 0.3725 0.1765
v -0.445722 0.075198 0.030011 0.5882 0.3725 0.1765
v -0.445602 0.074997 0.031079 0.5882 0.3725 0.1765
v -0.446571 0.076627 0.028501 0.5882 0.3725 0.1765
v -0.446062 0.075770 0.029106 0.5882 0.3725 0.1765
v -0.447171 0.077637 0.028289 0.5882 0.3725 0.1765
v -0.451381 0.084489 0.028289 0.5882 0.3725 0.1765
v -0.451381 0.084490 0.032904 0.5882 0.3725 0.1765
v -0.450778 0.074447 0.032904 0.5882 0.3725 0.1765
v -0.450831 0.074656 0.030012 0.5882 0.3725 0.1765
v -0.450803 0.074445 0.031080 0.5882 0.3725 0.1765
v -0.450942 0.076161 0.028501 0.5882 0.3725 0.1765
v -0.450879 0.075259 0.029106 0.5882 0.3725 0.1765
v -0.451009 0.077226 0.028288 0.5882 0.3725 0.1765
v -0.469544 0.068401 0.029119 0.5882 0.3725 0.1765
v -0.471049 0.082568 0.032904 0.5882 0.3725 0.1765
v -0.471024 0.082337 0.031007 0.5882 0.3725 0.1765
v -0.471049 0.082568 0.032178 0.5882 0.3725 0.1765
v -0.469544 0.068401 0.032904 0.5882 0.3725 0.1765
v -0.470954 0.081677 0.030015 0.5882 0.3725 0.1765
v -0.470726 0.079526 0.029119 0.5882 0.3725 0.1765
v -0.470849 0.080690 0.029351 0.5882 0.3725 0.1765
v -0.466132 0.083091 0.032904 0.5882 0.3725 0.1765
v -0.466108 0.082859 0.031007 0.5882 0.3725 0.1765
v -0.466132 0.083091 0.032178 0.5882 0.3725 0.1765
v -0.466038 0.082200 0.030015 0.5882 0.3725 0.1765
v -0.465809 0.080048 0.029119 0.5882 0.3725 0.1765
v -0.465933 0.081213 0.029351 0.5882 0.3725 0.1765
v -0.465046 0.072864 0.029119 0.5882 0.3725 0.1765
v -0.465046 0.072864 0.032904 0.5882 0.3725 0.1765
v -0.437089 0.053393 0.032904 0.5882 0.3725 0.1765
v -0.435362 0.057267 0.032904 0.5882 0.3725 0.1765
v -0.437477 0.057042 0.032904 0.5882 0.3725 0.1765
v -0.434974 0.053618 0.032904 0.5882 0.3725 0.1765
v -0.435000 0.053862 0.031987 0.5882 0.3725 0.1765
v -0.435168 0.055442 0.031070 0.5882 0.3725 0.1765
v -0.435071 0.054530 0.031316 0.5882 0.3725 0.1765
v -0.435336 0.057022 0.031987 0.5882 0.3725 0.1765
v -0.435265 0.056354 0.031316 0.5882 0.3725 0.1765
v -0.437115 0.053638 0.031987 0.5882 0.3725 0.1765
v -0.437283 0.055218 0.031070 0.5882 0.3725 0.1765
v -0.437186 0.054305 0.031316 0.5882 0.3725 0.1765
v -0.437451 0.056798 0.031987 0.5882 0.3725 0.1765
v -0.437380 0.056130 0.031316 0.5882 0.3725 0.1765
v -0.432701 0.032221 0.028274 0.5882 0.3725 0.1765
v -0.432824 0.033378 0.025958 0.5882 0.3725 0.1765
v -0.443514 0.031880 0.026397 0.5882 0.3725 0.1765
v -0.457290 0.022454 0.026394 0.5882 0.3725 0.1765
v -0.457290 0.022454 0.029078 0.5882 0.3725 0.1765
v -0.457510 0.024531 0.026394 0.5882 0.3725 0.1765
v -0.457510 0.024531 0.029078 0.5882 0.3725 0.1765
v -0.461834 0.024072 0.026394 0.5882 0.3725 0.1765
v -0.461613 0.021995 0.026394 0.5882 0.3725 0.1765
v -0.461834 0.024072 0.029078 0.5882 0.3725 0.1765
v -0.461613 0.021995 0.029078 0.5882 0.3725 0.1765
v -0.460545 0.086584 0.029687 0.5882 0.3725 0.1765
v -0.464243 0.086116 0.029868 0.5882 0.3725 0.1765
v -0.463685 0.086251 0.029687 0.5882 0.3725 0.1765
v -0.459971 0.086570 0.029868 0.5882 0.3725 0.1765
v -0.464635 0.085869 0.030361 0.5882 0.3725 0.1765
v -0.459536 0.086411 0.030361 0.5882 0.3725 0.1765
v -0.464765 0.085641 0.031035 0.5882 0.3725 0.1765
v -0.459362 0.086215 0.031035 0.5882 0.3725 0.1765
v -0.464739 0.085396 0.032904 0.5882 0.3725 0.1765
v -0.459336 0.085970 0.032904 0.5882 0.3725 0.1765
v -0.460415 0.085365 0.029687 0.5882 0.3725 0.1765
v -0.464121 0.084971 0.029868 0.5882 0.3725 0.1765
v -0.463555 0.085031 0.029687 0.5882 0.3725 0.1765
v -0.459850 0.085425 0.029868 0.5882 0.3725 0.1765
v -0.464535 0.084927 0.030361 0.5882 0.3725 0.1765
v -0.459436 0.085469 0.030361 0.5882 0.3725 0.1765
v -0.464687 0.084911 0.031035 0.5882 0.3725 0.1765
v -0.459284 0.085485 0.031035 0.5882 0.3725 0.1765
v -0.464687 0.084911 0.032904 0.5882 0.3725 0.1765
v -0.459284 0.085485 0.032904 0.5882 0.3725 0.1765
v -0.235291 0.077205 0.017026 0.5882 0.3725 0.1765
v -0.235291 0.077205 0.032904 0.5882 0.3725 0.1765
v -0.238569 0.108060 0.032904 0.5882 0.3725 0.1765
v -0.237234 0.095489 0.017049 0.5882 0.3725 0.1765
v -0.238550 0.107874 0.029729 0.5882 0.3725 0.1765
v -0.237521 0.098192 0.017865 0.5882 0.3725 0.1765
v -0.237818 0.100991 0.019369 0.5882 0.3725 0.1765
v -0.238079 0.103444 0.021393 0.5882 0.3725 0.1765
v -0.238293 0.105457 0.023860 0.5882 0.3725 0.1765
v -0.238452 0.106953 0.026675 0.5882 0.3725 0.1765
v -0.243209 0.076363 0.020139 0.5882 0.3725 0.1765
v -0.240009 0.076703 0.016966 0.5882 0.3725 0.1765
v -0.242780 0.076409 0.018536 0.5882 0.3725 0.1765
v -0.241609 0.076533 0.017375 0.5882 0.3725 0.1765
v -0.243268 0.107373 0.029669 0.5882 0.3725 0.1765
v -0.245870 0.105492 0.029913 0.5882 0.3725 0.1765
v -0.244822 0.106778 0.029722 0.5882 0.3725 0.1765
v -0.243170 0.106451 0.026615 0.5882 0.3725 0.1765
v -0.244727 0.105884 0.026758 0.5882 0.3725 0.1765
v -0.245783 0.104672 0.027195 0.5882 0.3725 0.1765
v -0.243011 0.104956 0.023801 0.5882 0.3725 0.1765
v -0.244573 0.104427 0.024019 0.5882 0.3725 0.1765
v -0.245640 0.103325 0.024660 0.5882 0.3725 0.1765
v -0.242797 0.102942 0.021334 0.5882 0.3725 0.1765
v -0.244365 0.102468 0.021618 0.5882 0.3725 0.1765
v -0.245447 0.101511 0.022438 0.5882 0.3725 0.1765
v -0.242537 0.100489 0.019309 0.5882 0.3725 0.1765
v -0.244111 0.100080 0.019647 0.5882 0.3725 0.1765
v -0.245212 0.099302 0.020615 0.5882 0.3725 0.1765
v -0.242239 0.097691 0.017805 0.5882 0.3725 0.1765
v -0.243820 0.097347 0.018178 0.5882 0.3725 0.1765
v -0.244941 0.096748 0.019242 0.5882 0.3725 0.1765
v -0.241952 0.094987 0.016989 0.5882 0.3725 0.1765
v -0.243544 0.094745 0.017398 0.5882 0.3725 0.1765
v -0.244694 0.094423 0.018559 0.5882 0.3725 0.1765
v -0.243288 0.107558 0.032904 0.5882 0.3725 0.1765
v -0.244842 0.106959 0.032904 0.5882 0.3725 0.1765
v -0.245888 0.105662 0.032904 0.5882 0.3725 0.1765
v -0.260200 0.076448 0.032904 0.5882 0.3725 0.1765
v -0.260773 0.081844 0.022753 0.5882 0.3725 0.1765
v -0.260996 0.083943 0.021625 0.5882 0.3725 0.1765
v -0.261983 0.093234 0.021625 0.5882 0.3725 0.1765
v -0.262206 0.095333 0.022753 0.5882 0.3725 0.1765
v -0.262780 0.100728 0.032904 0.5882 0.3725 0.1765
v -0.247996 0.083201 0.022753 0.5882 0.3725 0.1765
v -0.248219 0.085300 0.021625 0.5882 0.3725 0.1765
v -0.249206 0.094592 0.021625 0.5882 0.3725 0.1765
v -0.249429 0.096691 0.022753 0.5882 0.3725 0.1765
v -0.250002 0.102086 0.032904 0.5882 0.3725 0.1765
v -0.247422 0.077806 0.032904 0.5882 0.3725 0.1765
v -0.247285 0.080601 0.028776 0.5882 0.3725 0.1765
v -0.245843 0.079483 0.028125 0.5882 0.3725 0.1765
v -0.248994 0.079541 0.030134 0.5882 0.3725 0.1765
v -0.247807 0.078752 0.030233 0.5882 0.3725 0.1765
v -0.248001 0.079871 0.029902 0.5882 0.3725 0.1765
v -0.246365 0.079207 0.029711 0.5882 0.3725 0.1765
v -0.247406 0.081742 0.026790 0.5882 0.3725 0.1765
v -0.245971 0.080689 0.026018 0.5882 0.3725 0.1765
v -0.248259 0.082305 0.025664 0.5882 0.3725 0.1765
v -0.246650 0.081891 0.025038 0.5882 0.3725 0.1765
v -0.249280 0.082230 0.025502 0.5882 0.3725 0.1765
v -0.248114 0.082222 0.024661 0.5882 0.3725 0.1765
v -0.248161 0.088851 0.022662 0.5882 0.3725 0.1765
v -0.247013 0.088909 0.021845 0.5882 0.3725 0.1765
v -0.249806 0.087187 0.022662 0.5882 0.3725 0.1765
v -0.248879 0.086548 0.021997 0.5882 0.3725 0.1765
v -0.248698 0.087710 0.022662 0.5882 0.3725 0.1765
v -0.247628 0.087411 0.022049 0.5882 0.3725 0.1765
v -0.248404 0.091132 0.022662 0.5882 0.3725 0.1765
v -0.247269 0.091317 0.021845 0.5882 0.3725 0.1765
v -0.249590 0.093164 0.022044 0.5882 0.3725 0.1765
v -0.249200 0.092177 0.022662 0.5882 0.3725 0.1765
v -0.248166 0.092657 0.022039 0.5882 0.3725 0.1765
v -0.250360 0.092401 0.022577 0.5882 0.3725 0.1765
v -0.249159 0.098241 0.026790 0.5882 0.3725 0.1765
v -0.247995 0.099485 0.026068 0.5882 0.3725 0.1765
v -0.250580 0.097315 0.025404 0.5882 0.3725 0.1765
v -0.249757 0.097665 0.024520 0.5882 0.3725 0.1765
v -0.249733 0.097657 0.025887 0.5882 0.3725 0.1765
v -0.248389 0.098255 0.025038 0.5882 0.3725 0.1765
v -0.249280 0.099382 0.028776 0.5882 0.3725 0.1765
v -0.248124 0.100691 0.028174 0.5882 0.3725 0.1765
v -0.249955 0.100978 0.030509 0.5882 0.3725 0.1765
v -0.249911 0.099798 0.029609 0.5882 0.3725 0.1765
v -0.248674 0.100938 0.029711 0.5882 0.3725 0.1765
v -0.251181 0.100016 0.030276 0.5882 0.3725 0.1765
v -0.260227 0.076690 0.030293 0.5882 0.3725 0.1765
v -0.260638 0.080560 0.023876 0.5882 0.3725 0.1765
v -0.261098 0.084896 0.021333 0.5882 0.3725 0.1765
v -0.261887 0.092314 0.021339 0.5882 0.3725 0.1765
v -0.262349 0.096657 0.023871 0.5882 0.3725 0.1765
v -0.262742 0.100375 0.030484 0.5882 0.3725 0.1765
v -0.249584 0.098131 0.023967 0.5882 0.3725 0.1765
v -0.248309 0.086154 0.021364 0.5882 0.3725 0.1765
v -0.247449 0.078051 0.030252 0.5882 0.3725 0.1765
v -0.245812 0.077912 0.028988 0.5882 0.3725 0.1765
v -0.245320 0.078291 0.027422 0.5882 0.3725 0.1765
v -0.245446 0.079503 0.025292 0.5882 0.3725 0.1765
v -0.246095 0.080627 0.024223 0.5882 0.3725 0.1765
v -0.247852 0.081832 0.023947 0.5882 0.3725 0.1765
v -0.247082 0.087159 0.020471 0.5882 0.3725 0.1765
v -0.246460 0.088952 0.019843 0.5882 0.3725 0.1765
v -0.246720 0.091391 0.019843 0.5882 0.3725 0.1765
v -0.247735 0.093036 0.020493 0.5882 0.3725 0.1765
v -0.249099 0.093567 0.021307 0.5882 0.3725 0.1765
v -0.248112 0.099606 0.024223 0.5882 0.3725 0.1765
v -0.247713 0.100842 0.025292 0.5882 0.3725 0.1765
v -0.247845 0.102054 0.027422 0.5882 0.3725 0.1765
v -0.249977 0.101853 0.030522 0.5882 0.3725 0.1765
v -0.248733 0.102223 0.029309 0.5882 0.3725 0.1765
v -0.262649 0.099514 0.030469 0.5882 0.3725 0.1765
v -0.262564 0.098717 0.030055 0.5882 0.3725 0.1765
v -0.262288 0.096118 0.025466 0.5882 0.3725 0.1765
v -0.262306 0.096272 0.024485 0.5882 0.3725 0.1765
v -0.261843 0.091919 0.022079 0.5882 0.3725 0.1765
v -0.261764 0.091190 0.022577 0.5882 0.3725 0.1765
v -0.261210 0.085975 0.022662 0.5882 0.3725 0.1765
v -0.261142 0.085329 0.021987 0.5882 0.3725 0.1765
v -0.260678 0.080947 0.024626 0.5882 0.3725 0.1765
v -0.260683 0.081019 0.025502 0.5882 0.3725 0.1765
v -0.260410 0.078447 0.029900 0.5882 0.3725 0.1765
v -0.260310 0.077485 0.030316 0.5882 0.3725 0.1765
v -0.243251 0.076763 0.030142 0.5882 0.3725 0.1765
v -0.243340 0.077601 0.027443 0.5882 0.3725 0.1765
v -0.243645 0.080469 0.023134 0.5882 0.3725 0.1765
v -0.243878 0.082662 0.021301 0.5882 0.3725 0.1765
v -0.243477 0.078884 0.025068 0.5882 0.3725 0.1765
v -0.243209 0.076363 0.032904 0.5882 0.3725 0.1765
v -0.246108 0.103998 0.030167 0.5882 0.3725 0.1765
v -0.245892 0.102106 0.025446 0.5882 0.3725 0.1765
v -0.246033 0.103258 0.027761 0.5882 0.3725 0.1765
v -0.245703 0.100530 0.023382 0.5882 0.3725 0.1765
v -0.245470 0.098578 0.021647 0.5882 0.3725 0.1765
v -0.245189 0.096270 0.020254 0.5882 0.3725 0.1765
v -0.244925 0.094240 0.019483 0.5882 0.3725 0.1765
v -0.246104 0.104287 0.032904 0.5882 0.3725 0.1765
v -0.244091 0.085059 0.019994 0.5882 0.3725 0.1765
v -0.244123 0.087618 0.019110 0.5882 0.3725 0.1765
v -0.244350 0.090559 0.018800 0.5882 0.3725 0.1765
v -0.244284 0.090566 0.018554 0.5882 0.3725 0.1765
v -0.319036 0.070740 0.032904 0.5882 0.3725 0.1765
v -0.319060 0.070963 0.030628 0.5882 0.3725 0.1765
v -0.319130 0.071623 0.028439 0.5882 0.3725 0.1765
v -0.319244 0.072696 0.026422 0.5882 0.3725 0.1765
v -0.319397 0.074139 0.024653 0.5882 0.3725 0.1765
v -0.319584 0.075897 0.023202 0.5882 0.3725 0.1765
v -0.319797 0.077903 0.022124 0.5882 0.3725 0.1765
v -0.320028 0.080080 0.021460 0.5882 0.3725 0.1765
v -0.320269 0.082344 0.021235 0.5882 0.3725 0.1765
v -0.320509 0.084607 0.021460 0.5882 0.3725 0.1765
v -0.320741 0.086784 0.022124 0.5882 0.3725 0.1765
v -0.320954 0.088790 0.023202 0.5882 0.3725 0.1765
v -0.321141 0.090549 0.024653 0.5882 0.3725 0.1765
v -0.321294 0.091992 0.026422 0.5882 0.3725 0.1765
v -0.321408 0.093064 0.028439 0.5882 0.3725 0.1765
v -0.321478 0.093724 0.030628 0.5882 0.3725 0.1765
v -0.321502 0.093947 0.032904 0.5882 0.3725 0.1765
v -0.260493 0.076960 0.032904 0.5882 0.3725 0.1765
v -0.261040 0.082117 0.023202 0.5882 0.3725 0.1765
v -0.261254 0.084123 0.022124 0.5882 0.3725 0.1765
v -0.262197 0.093004 0.022124 0.5882 0.3725 0.1765
v -0.262410 0.095010 0.023202 0.5882 0.3725 0.1765
v -0.262958 0.100167 0.032904 0.5882 0.3725 0.1765
v -0.301656 0.077263 0.024596 0.5882 0.3725 0.1765
v -0.304140 0.075848 0.027466 0.5882 0.3725 0.1765
v -0.305523 0.075344 0.027193 0.5882 0.3725 0.1765
v -0.301628 0.077303 0.025418 0.5882 0.3725 0.1765
v -0.302943 0.077134 0.024583 0.5882 0.3725 0.1765
v -0.303131 0.076958 0.025738 0.5882 0.3725 0.1765
v -0.304358 0.076623 0.025204 0.5882 0.3725 0.1765
v -0.303905 0.076418 0.026527 0.5882 0.3725 0.1765
v -0.305254 0.075999 0.026115 0.5882 0.3725 0.1765
v -0.304074 0.075223 0.028554 0.5882 0.3725 0.1765
v -0.305450 0.074661 0.028383 0.5882 0.3725 0.1765
v -0.301266 0.073598 0.030980 0.5882 0.3725 0.1765
v -0.303725 0.074715 0.029493 0.5882 0.3725 0.1765
v -0.305050 0.074078 0.029461 0.5882 0.3725 0.1765
v -0.302854 0.074350 0.030281 0.5882 0.3725 0.1765
v -0.304043 0.073656 0.030372 0.5882 0.3725 0.1765
v -0.301311 0.074328 0.030601 0.5882 0.3725 0.1765
v -0.302552 0.073454 0.030993 0.5882 0.3725 0.1765
v -0.302787 0.087907 0.022672 0.5882 0.3725 0.1765
v -0.305069 0.084590 0.023115 0.5882 0.3725 0.1765
v -0.306495 0.084498 0.022672 0.5882 0.3725 0.1765
v -0.302681 0.087221 0.023115 0.5882 0.3725 0.1765
v -0.304075 0.087786 0.022672 0.5882 0.3725 0.1765
v -0.304165 0.086692 0.023115 0.5882 0.3725 0.1765
v -0.305452 0.086918 0.022672 0.5882 0.3725 0.1765
v -0.304892 0.085700 0.023115 0.5882 0.3725 0.1765
v -0.306292 0.085771 0.022672 0.5882 0.3725 0.1765
v -0.304936 0.083341 0.023115 0.5882 0.3725 0.1765
v -0.306350 0.083132 0.022672 0.5882 0.3725 0.1765
v -0.302008 0.080577 0.022672 0.5882 0.3725 0.1765
v -0.304530 0.082294 0.023115 0.5882 0.3725 0.1765
v -0.305884 0.081930 0.022672 0.5882 0.3725 0.1765
v -0.303611 0.081476 0.023115 0.5882 0.3725 0.1765
v -0.304822 0.080985 0.022672 0.5882 0.3725 0.1765
v -0.302049 0.081270 0.023115 0.5882 0.3725 0.1765
v -0.303292 0.080425 0.022672 0.5882 0.3725 0.1765
v -0.303528 0.094887 0.030980 0.5882 0.3725 0.1765
v -0.305931 0.092708 0.028554 0.5882 0.3725 0.1765
v -0.307395 0.092968 0.028383 0.5882 0.3725 0.1765
v -0.303419 0.094164 0.030601 0.5882 0.3725 0.1765
v -0.304815 0.094758 0.030993 0.5882 0.3725 0.1765
v -0.304922 0.093818 0.030281 0.5882 0.3725 0.1765
v -0.306231 0.094247 0.030372 0.5882 0.3725 0.1765
v -0.305697 0.093278 0.029493 0.5882 0.3725 0.1765
v -0.307126 0.093623 0.029461 0.5882 0.3725 0.1765
v -0.305865 0.092084 0.027466 0.5882 0.3725 0.1765
v -0.307323 0.092285 0.027193 0.5882 0.3725 0.1765
v -0.303139 0.091222 0.024596 0.5882 0.3725 0.1765
v -0.305516 0.091576 0.026527 0.5882 0.3725 0.1765
v -0.306922 0.091702 0.026115 0.5882 0.3725 0.1765
v -0.304645 0.091211 0.025738 0.5882 0.3725 0.1765
v -0.305916 0.091280 0.025205 0.5882 0.3725 0.1765
v -0.303103 0.091188 0.025418 0.5882 0.3725 0.1765
v -0.304424 0.091078 0.024583 0.5882 0.3725 0.1765
v -0.260516 0.077179 0.030667 0.5882 0.3725 0.1765
v -0.301658 0.072808 0.030667 0.5882 0.3725 0.1765
v -0.303057 0.072664 0.030626 0.5882 0.3725 0.1765
v -0.304670 0.072707 0.029921 0.5882 0.3725 0.1765
v -0.306070 0.073011 0.028439 0.5882 0.3725 0.1765
v -0.305857 0.072900 0.028876 0.5882 0.3725 0.1765
v -0.306354 0.073372 0.027711 0.5882 0.3725 0.1765
v -0.306458 0.074023 0.026479 0.5882 0.3725 0.1765
v -0.306052 0.074876 0.025478 0.5882 0.3725 0.1765
v -0.303420 0.076439 0.024162 0.5882 0.3725 0.1765
v -0.302033 0.076615 0.024138 0.5882 0.3725 0.1765
v -0.305022 0.075677 0.024644 0.5882 0.3725 0.1765
v -0.260920 0.080983 0.024138 0.5882 0.3725 0.1765
v -0.305535 0.080861 0.021689 0.5882 0.3725 0.1765
v -0.302441 0.080436 0.021916 0.5882 0.3725 0.1765
v -0.303834 0.080323 0.021905 0.5882 0.3725 0.1765
v -0.261326 0.084804 0.021916 0.5882 0.3725 0.1765
v -0.307381 0.083011 0.021304 0.5882 0.3725 0.1765
v -0.306810 0.081794 0.021429 0.5882 0.3725 0.1765
v -0.307528 0.084399 0.021304 0.5882 0.3725 0.1765
v -0.307226 0.085709 0.021429 0.5882 0.3725 0.1765
v -0.304625 0.087772 0.021905 0.5882 0.3725 0.1765
v -0.303240 0.087955 0.021916 0.5882 0.3725 0.1765
v -0.306176 0.086889 0.021689 0.5882 0.3725 0.1765
v -0.262125 0.092323 0.021916 0.5882 0.3725 0.1765
v -0.305037 0.091657 0.024162 0.5882 0.3725 0.1765
v -0.303644 0.091776 0.024138 0.5882 0.3725 0.1765
v -0.306781 0.092074 0.024653 0.5882 0.3725 0.1765
v -0.262531 0.096144 0.024138 0.5882 0.3725 0.1765
v -0.307939 0.092632 0.025478 0.5882 0.3725 0.1765
v -0.308549 0.094039 0.027711 0.5882 0.3725 0.1765
v -0.308514 0.093380 0.026479 0.5882 0.3725 0.1765
v -0.307043 0.095042 0.029921 0.5882 0.3725 0.1765
v -0.308163 0.094605 0.028876 0.5882 0.3725 0.1765
v -0.304077 0.095577 0.030667 0.5882 0.3725 0.1765
v -0.262935 0.099948 0.030667 0.5882 0.3725 0.1765
v -0.305475 0.095424 0.030626 0.5882 0.3725 0.1765
v -0.262875 0.099396 0.030794 0.5882 0.3725 0.1765
v -0.262777 0.098482 0.030601 0.5882 0.3725 0.1765
v -0.262461 0.095506 0.025418 0.5882 0.3725 0.1765
v -0.262485 0.095726 0.024706 0.5882 0.3725 0.1765
v -0.262095 0.092050 0.022558 0.5882 0.3725 0.1765
v -0.262039 0.091539 0.023115 0.5882 0.3725 0.1765
v -0.261407 0.085588 0.023115 0.5882 0.3725 0.1765
v -0.261351 0.085050 0.022524 0.5882 0.3725 0.1765
v -0.260963 0.081401 0.024705 0.5882 0.3725 0.1765
v -0.260986 0.081621 0.025418 0.5882 0.3725 0.1765
v -0.260669 0.078645 0.030601 0.5882 0.3725 0.1765
v -0.260574 0.077730 0.030720 0.5882 0.3725 0.1765
v -0.305436 0.095654 0.032904 0.5882 0.3725 0.1765
v -0.303523 0.090642 0.023202 0.5882 0.3725 0.1765
v -0.303311 0.088636 0.022124 0.5882 0.3725 0.1765
v -0.302368 0.079755 0.022124 0.5882 0.3725 0.1765
v -0.302153 0.077749 0.023202 0.5882 0.3725 0.1765
v -0.301633 0.072589 0.032904 0.5882 0.3725 0.1765
v -0.243855 0.086523 0.018544 0.5882 0.3725 0.1765
v -0.116701 0.086726 0.032904 0.3608 0.3686 0.3882
v -0.116790 0.087561 0.027605 0.3608 0.3686 0.3882
v -0.117047 0.089983 0.022825 0.3608 0.3686 0.3882
v -0.117448 0.093755 0.019031 0.3608 0.3686 0.3882
v -0.117953 0.098509 0.016596 0.3608 0.3686 0.3882
v -0.118513 0.103778 0.015756 0.3608 0.3686 0.3882
v -0.119073 0.109048 0.016596 0.3608 0.3686 0.3882
v -0.119578 0.113802 0.019031 0.3608 0.3686 0.3882
v -0.109384 0.117449 0.021581 0.3608 0.3686 0.3882
v -0.119979 0.117574 0.022825 0.3608 0.3686 0.3882
v -0.109379 0.117403 0.027605 0.3608 0.3686 0.3882
v -0.120236 0.119996 0.027605 0.3608 0.3686 0.3882
v -0.109379 0.117403 0.032904 0.3608 0.3686 0.3882
v -0.120325 0.120831 0.032904 0.3608 0.3686 0.3882
v -0.109241 0.087519 0.032904 0.3608 0.3686 0.3882
v -0.109330 0.088353 0.027605 0.3608 0.3686 0.3882
v -0.109587 0.090775 0.022825 0.3608 0.3686 0.3882
v -0.109988 0.094548 0.019031 0.3608 0.3686 0.3882
v -0.110493 0.099302 0.016596 0.3608 0.3686 0.3882
v -0.111053 0.104571 0.015756 0.3608 0.3686 0.3882
v -0.111613 0.109841 0.016596 0.3608 0.3686 0.3882
v -0.112118 0.114594 0.019031 0.3608 0.3686 0.3882
v -0.110681 0.118562 0.022825 0.3608 0.3686 0.3882
v -0.112433 0.120825 0.027605 0.3608 0.3686 0.3882
v -0.113034 0.121605 0.032904 0.3608 0.3686 0.3882
v -0.112387 0.117130 0.021581 0.3608 0.3686 0.3882
v -0.112385 0.117107 0.032904 0.3608 0.3686 0.3882
v -0.126470 0.122640 0.032904 0.3608 0.3686 0.3882
v -0.122911 0.089141 0.032904 0.3608 0.3686 0.3882
v -0.126426 0.122227 0.028854 0.3608 0.3686 0.3882
v -0.126306 0.121100 0.024940 0.3608 0.3686 0.3882
v -0.126107 0.119222 0.021326 0.3608 0.3686 0.3882
v -0.125835 0.116666 0.018170 0.3608 0.3686 0.3882
v -0.125504 0.113550 0.015603 0.3608 0.3686 0.3882
v -0.125124 0.109978 0.013705 0.3608 0.3686 0.3882
v -0.124712 0.106094 0.012558 0.3608 0.3686 0.3882
v -0.119378 0.119367 0.032904 0.3608 0.3686 0.3882
v -0.123579 0.122855 0.032904 0.3608 0.3686 0.3882
v -0.120089 0.121229 0.032904 0.3608 0.3686 0.3882
v -0.121627 0.122506 0.032904 0.3608 0.3686 0.3882
v -0.117935 0.105788 0.016176 0.3608 0.3686 0.3882
v -0.121808 0.106188 0.012465 0.3608 0.3686 0.3882
v -0.118478 0.106065 0.014290 0.3608 0.3686 0.3882
v -0.119895 0.106211 0.012932 0.3608 0.3686 0.3882
v -0.119341 0.119018 0.029582 0.3608 0.3686 0.3882
v -0.123534 0.122434 0.028837 0.3608 0.3686 0.3882
v -0.120048 0.120841 0.029204 0.3608 0.3686 0.3882
v -0.121583 0.122091 0.028931 0.3608 0.3686 0.3882
v -0.118260 0.108845 0.017109 0.3608 0.3686 0.3882
v -0.122221 0.110082 0.013635 0.3608 0.3686 0.3882
v -0.118847 0.109544 0.015349 0.3608 0.3686 0.3882
v -0.120297 0.109997 0.014077 0.3608 0.3686 0.3882
v -0.118572 0.111785 0.018689 0.3608 0.3686 0.3882
v -0.122602 0.113667 0.015552 0.3608 0.3686 0.3882
v -0.119195 0.112811 0.017103 0.3608 0.3686 0.3882
v -0.120670 0.113500 0.015955 0.3608 0.3686 0.3882
v -0.118846 0.114361 0.020815 0.3608 0.3686 0.3882
v -0.122935 0.116803 0.018138 0.3608 0.3686 0.3882
v -0.119498 0.115673 0.019465 0.3608 0.3686 0.3882
v -0.120995 0.116567 0.018486 0.3608 0.3686 0.3882
v -0.119071 0.116476 0.023406 0.3608 0.3686 0.3882
v -0.123208 0.119375 0.021301 0.3608 0.3686 0.3882
v -0.119748 0.118022 0.022345 0.3608 0.3686 0.3882
v -0.121263 0.119084 0.021575 0.3608 0.3686 0.3882
v -0.119238 0.118047 0.026362 0.3608 0.3686 0.3882
v -0.123411 0.121277 0.024917 0.3608 0.3686 0.3882
v -0.119933 0.119767 0.025632 0.3608 0.3686 0.3882
v -0.121461 0.120949 0.025103 0.3608 0.3686 0.3882
v -0.123313 0.092927 0.012241 0.3608 0.3686 0.3882
v -0.122911 0.089141 0.015960 0.3608 0.3686 0.3882
v -0.123112 0.091034 0.012705 0.3608 0.3686 0.3882
v -0.122965 0.089648 0.014067 0.3608 0.3686 0.3882
v -0.117596 0.089705 0.032904 0.3608 0.3686 0.3882
v -0.116386 0.091203 0.032904 0.3608 0.3686 0.3882
v -0.116681 0.090203 0.032904 0.3608 0.3686 0.3882
v -0.120581 0.094642 0.012176 0.3608 0.3686 0.3882
v -0.121841 0.093084 0.012174 0.3608 0.3686 0.3882
v -0.120888 0.093602 0.012161 0.3608 0.3686 0.3882
v -0.116386 0.091208 0.015789 0.3608 0.3686 0.3882
v -0.117601 0.089705 0.015788 0.3608 0.3686 0.3882
v -0.116682 0.090205 0.015774 0.3608 0.3686 0.3882
v -0.118485 0.092938 0.012588 0.3608 0.3686 0.3882
v -0.119734 0.091393 0.012587 0.3608 0.3686 0.3882
v -0.118789 0.091907 0.012573 0.3608 0.3686 0.3882
v -0.116949 0.091676 0.013911 0.3608 0.3686 0.3882
v -0.118177 0.090156 0.013910 0.3608 0.3686 0.3882
v -0.117248 0.090662 0.013895 0.3608 0.3686 0.3882
v -0.054419 0.097138 0.015557 0.3608 0.3686 0.3882
v -0.054419 0.097138 0.014634 0.3608 0.3686 0.3882
v -0.053983 0.095738 0.015557 0.3608 0.3686 0.3882
v -0.053983 0.095738 0.014634 0.3608 0.3686 0.3882
v -0.053045 0.094612 0.015557 0.3608 0.3686 0.3882
v -0.053045 0.094612 0.014634 0.3608 0.3686 0.3882
v -0.051746 0.093931 0.015557 0.3608 0.3686 0.3882
v -0.051746 0.093931 0.014634 0.3608 0.3686 0.3882
v -0.050287 0.093799 0.015557 0.3608 0.3686 0.3882
v -0.050287 0.093799 0.014634 0.3608 0.3686 0.3882
v -0.048887 0.094235 0.015557 0.3608 0.3686 0.3882
v -0.048887 0.094235 0.014634 0.3608 0.3686 0.3882
v -0.047761 0.095174 0.015557 0.3608 0.3686 0.3882
v -0.047761 0.095174 0.014634 0.3608 0.3686 0.3882
v -0.047080 0.096472 0.015557 0.3608 0.3686 0.3882
v -0.047080 0.096472 0.014634 0.3608 0.3686 0.3882
v -0.046948 0.097931 0.015557 0.3608 0.3686 0.3882
v -0.046948 0.097931 0.014634 0.3608 0.3686 0.3882
v -0.047384 0.099331 0.015557 0.3608 0.3686 0.3882
v -0.047384 0.099331 0.014634 0.3608 0.3686 0.3882
v -0.048322 0.100457 0.015557 0.3608 0.3686 0.3882
v -0.048322 0.100457 0.014634 0.3608 0.3686 0.3882
v -0.049620 0.101138 0.015557 0.3608 0.3686 0.3882
v -0.049620 0.101138 0.014634 0.3608 0.3686 0.3882
v -0.051080 0.101271 0.015557 0.3608 0.3686 0.3882
v -0.051080 0.101271 0.014634 0.3608 0.3686 0.3882
v -0.052480 0.100834 0.015557 0.3608 0.3686 0.3882
v -0.052480 0.100834 0.014634 0.3608 0.3686 0.3882
v -0.053606 0.099896 0.015557 0.3608 0.3686 0.3882
v -0.053606 0.099896 0.014634 0.3608 0.3686 0.3882
v -0.054287 0.098597 0.015557 0.3608 0.3686 0.3882
v -0.054287 0.098597 0.014634 0.3608 0.3686 0.3882
v -0.097692 0.131428 0.042636 0.3608 0.3686 0.3882
v -0.096939 0.132863 0.038339 0.3608 0.3686 0.3882
v -0.096939 0.132863 0.042636 0.3608 0.3686 0.3882
v -0.095694 0.133900 0.038339 0.3608 0.3686 0.3882
v -0.095694 0.133900 0.042636 0.3608 0.3686 0.3882
v -0.094147 0.134382 0.038339 0.3608 0.3686 0.3882
v -0.094147 0.134382 0.042636 0.3608 0.3686 0.3882
v -0.092534 0.134236 0.038339 0.3608 0.3686 0.3882
v -0.092534 0.134236 0.042636 0.3608 0.3686 0.3882
v -0.091099 0.133483 0.038339 0.3608 0.3686 0.3882
v -0.091099 0.133483 0.042636 0.3608 0.3686 0.3882
v -0.090061 0.132238 0.038339 0.3608 0.3686 0.3882
v -0.042906 0.109084 0.046786 0.3608 0.3686 0.3882
v -0.109597 0.090555 0.046786 0.3608 0.3686 0.3882
v -0.043831 0.117787 0.046786 0.3608 0.3686 0.3882
v -0.039909 0.118204 0.046786 0.3608 0.3686 0.3882
v -0.040552 0.124257 0.046786 0.3608 0.3686 0.3882
v -0.062378 0.123630 0.046786 0.3608 0.3686 0.3882
v -0.068160 0.124421 0.046786 0.3608 0.3686 0.3882
v -0.065255 0.124167 0.046786 0.3608 0.3686 0.3882
v -0.052707 0.122966 0.046786 0.3608 0.3686 0.3882
v -0.058393 0.122853 0.046786 0.3608 0.3686 0.3882
v -0.055553 0.122663 0.046786 0.3608 0.3686 0.3882
v -0.091165 0.121977 0.046786 0.3608 0.3686 0.3882
v -0.093247 0.122751 0.046786 0.3608 0.3686 0.3882
v -0.101916 0.129021 0.046786 0.3608 0.3686 0.3882
v -0.096496 0.124458 0.046786 0.3608 0.3686 0.3882
v -0.099766 0.127038 0.046786 0.3608 0.3686 0.3882
v -0.107914 0.130342 0.046786 0.3608 0.3686 0.3882
v -0.113156 0.124053 0.046786 0.3608 0.3686 0.3882
v -0.109708 0.130040 0.046786 0.3608 0.3686 0.3882
v -0.111249 0.129037 0.046786 0.3608 0.3686 0.3882
v -0.112405 0.127607 0.046786 0.3608 0.3686 0.3882
v -0.113061 0.125889 0.046786 0.3608 0.3686 0.3882
v -0.102999 0.130031 0.046786 0.3608 0.3686 0.3882
v -0.103770 0.130782 0.046786 0.3608 0.3686 0.3882
v -0.040877 0.127319 0.042636 0.3608 0.3686 0.3882
v -0.041024 0.128697 0.042636 0.3608 0.3686 0.3882
v -0.041217 0.129060 0.042636 0.3608 0.3686 0.3882
v -0.041624 0.129357 0.042636 0.3608 0.3686 0.3882
v -0.042044 0.129459 0.042636 0.3608 0.3686 0.3882
v -0.051046 0.128502 0.042636 0.3608 0.3686 0.3882
v -0.051967 0.128025 0.042636 0.3608 0.3686 0.3882
v -0.053424 0.127230 0.042636 0.3608 0.3686 0.3882
v -0.055339 0.126956 0.042636 0.3608 0.3686 0.3882
v -0.075231 0.127956 0.042636 0.3608 0.3686 0.3882
v -0.077451 0.128416 0.042636 0.3608 0.3686 0.3882
v -0.079017 0.129274 0.042636 0.3608 0.3686 0.3882
v -0.080163 0.130422 0.042636 0.3608 0.3686 0.3882
v -0.081182 0.131912 0.042636 0.3608 0.3686 0.3882
v -0.062526 0.125019 0.042636 0.3608 0.3686 0.3882
v -0.065314 0.124723 0.042636 0.3608 0.3686 0.3882
v -0.068160 0.124421 0.042636 0.3608 0.3686 0.3882
v -0.053032 0.126028 0.042636 0.3608 0.3686 0.3882
v -0.055878 0.125725 0.042636 0.3608 0.3686 0.3882
v -0.058667 0.125429 0.042636 0.3608 0.3686 0.3882
v -0.091165 0.121977 0.042636 0.3608 0.3686 0.3882
v -0.093247 0.122751 0.042636 0.3608 0.3686 0.3882
v -0.096496 0.124458 0.042636 0.3608 0.3686 0.3882
v -0.099766 0.127038 0.042636 0.3608 0.3686 0.3882
v -0.102999 0.130031 0.042636 0.3608 0.3686 0.3882
v -0.103770 0.130782 0.042636 0.3608 0.3686 0.3882
v -0.101916 0.129021 0.042636 0.3608 0.3686 0.3882
v -0.103770 0.130782 0.038339 0.3608 0.3686 0.3882
v -0.081510 0.132651 0.042636 0.3608 0.3686 0.3882
v -0.082349 0.133058 0.042636 0.3608 0.3686 0.3882
v -0.102848 0.122105 0.038339 0.3608 0.3686 0.3882
v -0.081857 0.132944 0.042636 0.3608 0.3686 0.3882
v -0.086865 0.123217 0.038339 0.3608 0.3686 0.3882
v -0.097692 0.131428 0.038339 0.3608 0.3686 0.3882
v -0.103770 0.130782 0.032904 0.3608 0.3686 0.3882
v -0.040557 0.124306 0.032904 0.3608 0.3686 0.3882
v -0.040898 0.127515 0.032904 0.3608 0.3686 0.3882
v -0.102848 0.122105 0.032904 0.3608 0.3686 0.3882
v -0.107914 0.130342 0.032904 0.3608 0.3686 0.3882
v -0.109597 0.090555 0.032904 0.3608 0.3686 0.3882
v -0.039909 0.118204 0.032904 0.3608 0.3686 0.3882
v -0.043831 0.117787 0.032904 0.3608 0.3686 0.3882
v -0.042906 0.109084 0.032904 0.3608 0.3686 0.3882
v -0.090061 0.132238 0.042636 0.3608 0.3686 0.3882
v -0.041624 0.129357 0.040488 0.3608 0.3686 0.3882
v -0.041217 0.129060 0.040488 0.3608 0.3686 0.3882
v -0.041024 0.128697 0.040488 0.3608 0.3686 0.3882
v -0.040898 0.127515 0.040488 0.3608 0.3686 0.3882
v -0.042044 0.129459 0.040488 0.3608 0.3686 0.3882
v -0.051046 0.128502 0.040488 0.3608 0.3686 0.3882
v -0.051967 0.128025 0.040488 0.3608 0.3686 0.3882
v -0.053424 0.127230 0.040488 0.3608 0.3686 0.3882
v -0.055339 0.126956 0.040488 0.3608 0.3686 0.3882
v -0.075231 0.127956 0.040488 0.3608 0.3686 0.3882
v -0.077451 0.128416 0.040488 0.3608 0.3686 0.3882
v -0.079017 0.129274 0.040488 0.3608 0.3686 0.3882
v -0.080163 0.130422 0.040488 0.3608 0.3686 0.3882
v -0.081182 0.131912 0.040488 0.3608 0.3686 0.3882
v -0.081510 0.132651 0.040488 0.3608 0.3686 0.3882
v -0.082349 0.133058 0.040488 0.3608 0.3686 0.3882
v -0.081857 0.132944 0.040488 0.3608 0.3686 0.3882
v -0.087849 0.132473 0.038339 0.3608 0.3686 0.3882
v -0.087849 0.132473 0.040488 0.3608 0.3686 0.3882
v -0.086865 0.123217 0.040488 0.3608 0.3686 0.3882
v -0.095495 0.129668 0.038339 0.3608 0.3686 0.3882
v -0.095495 0.129668 0.042636 0.3608 0.3686 0.3882
v -0.095348 0.130601 0.042636 0.3608 0.3686 0.3882
v -0.095348 0.130601 0.038339 0.3608 0.3686 0.3882
v -0.093873 0.131676 0.042636 0.3608 0.3686 0.3882
v -0.093873 0.131676 0.038339 0.3608 0.3686 0.3882
v -0.092940 0.131529 0.042636 0.3608 0.3686 0.3882
v -0.092940 0.131529 0.038339 0.3608 0.3686 0.3882
v -0.094755 0.131336 0.042636 0.3608 0.3686 0.3882
v -0.094755 0.131336 0.038339 0.3608 0.3686 0.3882
v -0.092205 0.130935 0.042636 0.3608 0.3686 0.3882
v -0.092205 0.130935 0.038339 0.3608 0.3686 0.3882
v -0.091866 0.130054 0.038339 0.3608 0.3686 0.3882
v -0.091866 0.130054 0.042636 0.3608 0.3686 0.3882
v -0.096017 0.126265 0.038339 0.3608 0.3686 0.3882
v -0.096017 0.126265 0.042636 0.3608 0.3686 0.3882
v -0.095703 0.125258 0.038339 0.3608 0.3686 0.3882
v -0.095703 0.125258 0.042636 0.3608 0.3686 0.3882
v -0.095921 0.127315 0.038339 0.3608 0.3686 0.3882
v -0.095921 0.127315 0.042636 0.3608 0.3686 0.3882
v -0.095027 0.124448 0.038339 0.3608 0.3686 0.3882
v -0.095027 0.124448 0.042636 0.3608 0.3686 0.3882
v -0.090641 0.126836 0.038339 0.3608 0.3686 0.3882
v -0.090641 0.126836 0.042636 0.3608 0.3686 0.3882
v -0.090955 0.127843 0.038339 0.3608 0.3686 0.3882
v -0.090955 0.127843 0.042636 0.3608 0.3686 0.3882
v -0.093043 0.123863 0.038339 0.3608 0.3686 0.3882
v -0.093043 0.123863 0.042636 0.3608 0.3686 0.3882
v -0.090736 0.125786 0.038339 0.3608 0.3686 0.3882
v -0.090736 0.125786 0.042636 0.3608 0.3686 0.3882
v -0.094093 0.123958 0.038339 0.3608 0.3686 0.3882
v -0.094093 0.123958 0.042636 0.3608 0.3686 0.3882
v -0.091226 0.124852 0.038339 0.3608 0.3686 0.3882
v -0.091226 0.124852 0.042636 0.3608 0.3686 0.3882
v -0.092036 0.124177 0.038339 0.3608 0.3686 0.3882
v -0.092036 0.124177 0.042636 0.3608 0.3686 0.3882
v -0.095443 0.128523 0.038339 0.3608 0.3686 0.3882
v -0.095558 0.128007 0.038339 0.3608 0.3686 0.3882
v -0.095558 0.128007 0.042636 0.3608 0.3686 0.3882
v -0.095443 0.128523 0.042636 0.3608 0.3686 0.3882
v -0.091455 0.128443 0.038339 0.3608 0.3686 0.3882
v -0.091675 0.128923 0.038339 0.3608 0.3686 0.3882
v -0.091675 0.128923 0.042636 0.3608 0.3686 0.3882
v -0.091455 0.128443 0.042636 0.3608 0.3686 0.3882
v -0.053032 0.126028 0.043785 0.3608 0.3686 0.3882
v -0.062510 0.124873 0.044100 0.3608 0.3686 0.3882
v -0.058667 0.125429 0.043785 0.3608 0.3686 0.3882
v -0.065305 0.124631 0.044844 0.3608 0.3686 0.3882
v -0.055878 0.125725 0.043785 0.3608 0.3686 0.3882
v -0.040877 0.127319 0.043785 0.3608 0.3686 0.3882
v -0.113156 0.124053 0.044333 0.3608 0.3686 0.3882
v -0.113061 0.125889 0.044333 0.3608 0.3686 0.3882
v -0.112405 0.127607 0.044333 0.3608 0.3686 0.3882
v -0.111249 0.129037 0.044333 0.3608 0.3686 0.3882
v -0.109708 0.130040 0.044333 0.3608 0.3686 0.3882
v -0.110127 0.095546 0.044333 0.3608 0.3686 0.3882
v -0.110127 0.095546 0.032904 0.3608 0.3686 0.3882
v -0.107914 0.130342 0.044333 0.3608 0.3686 0.3882
v -0.107756 0.128852 0.032904 0.3608 0.3686 0.3882
v -0.107756 0.128852 0.044333 0.3608 0.3686 0.3882
v -0.101332 0.096481 0.044333 0.3608 0.3686 0.3882
v -0.101332 0.096481 0.032904 0.3608 0.3686 0.3882
v -0.104805 0.129166 0.032904 0.3608 0.3686 0.3882
v -0.104805 0.129166 0.044333 0.3608 0.3686 0.3882
v -0.062955 0.100687 0.046786 0.3608 0.3686 0.3882
v -0.062411 0.095568 0.046786 0.3608 0.3686 0.3882
v 0.007860 0.071413 0.011607 0.3608 0.3686 0.3882
v 0.008150 0.070284 0.011607 0.3608 0.3686 0.3882
v 0.008851 0.069352 0.011607 0.3608 0.3686 0.3882
v 0.009854 0.068758 0.011607 0.3608 0.3686 0.3882
v 0.011008 0.068595 0.011607 0.3608 0.3686 0.3882
v 0.012137 0.068885 0.011607 0.3608 0.3686 0.3882
v 0.013070 0.069585 0.011607 0.3608 0.3686 0.3882
v 0.013663 0.070589 0.011607 0.3608 0.3686 0.3882
v 0.013827 0.071743 0.011607 0.3608 0.3686 0.3882
v 0.013536 0.072872 0.011607 0.3608 0.3686 0.3882
v 0.012836 0.073804 0.011607 0.3608 0.3686 0.3882
v 0.011832 0.074397 0.011607 0.3608 0.3686 0.3882
v 0.010678 0.074561 0.011607 0.3608 0.3686 0.3882
v 0.009549 0.074271 0.011607 0.3608 0.3686 0.3882
v 0.008617 0.073571 0.011607 0.3608 0.3686 0.3882
v 0.008024 0.072567 0.011607 0.3608 0.3686 0.3882
v 0.009088 0.071481 0.010613 0.3608 0.3686 0.3882
v 0.008317 0.071438 0.011020 0.3608 0.3686 0.3882
v 0.009259 0.070816 0.010613 0.3608 0.3686 0.3882
v 0.008563 0.070482 0.011020 0.3608 0.3686 0.3882
v 0.009671 0.070268 0.010613 0.3608 0.3686 0.3882
v 0.009156 0.069693 0.011020 0.3608 0.3686 0.3882
v 0.010261 0.069919 0.010613 0.3608 0.3686 0.3882
v 0.010006 0.069191 0.011020 0.3608 0.3686 0.3882
v 0.010940 0.069822 0.010613 0.3608 0.3686 0.3882
v 0.010983 0.069052 0.011020 0.3608 0.3686 0.3882
v 0.011605 0.069993 0.010613 0.3608 0.3686 0.3882
v 0.011939 0.069298 0.011020 0.3608 0.3686 0.3882
v 0.012153 0.070405 0.010613 0.3608 0.3686 0.3882
v 0.012728 0.069891 0.011020 0.3608 0.3686 0.3882
v 0.012502 0.070996 0.010613 0.3608 0.3686 0.3882
v 0.013231 0.070740 0.011020 0.3608 0.3686 0.3882
v 0.012599 0.071675 0.010613 0.3608 0.3686 0.3882
v 0.013369 0.071718 0.011020 0.3608 0.3686 0.3882
v 0.012428 0.072339 0.010613 0.3608 0.3686 0.3882
v 0.013124 0.072674 0.011020 0.3608 0.3686 0.3882
v 0.012016 0.072888 0.010613 0.3608 0.3686 0.3882
v 0.012530 0.073463 0.011020 0.3608 0.3686 0.3882
v 0.011425 0.073237 0.010613 0.3608 0.3686 0.3882
v 0.011681 0.073965 0.011020 0.3608 0.3686 0.3882
v 0.010746 0.073333 0.010613 0.3608 0.3686 0.3882
v 0.010703 0.074104 0.011020 0.3608 0.3686 0.3882
v 0.010082 0.073162 0.010613 0.3608 0.3686 0.3882
v 0.009748 0.073858 0.011020 0.3608 0.3686 0.3882
v 0.009533 0.072750 0.010613 0.3608 0.3686 0.3882
v 0.008958 0.073265 0.011020 0.3608 0.3686 0.3882
v 0.009184 0.072160 0.010613 0.3608 0.3686 0.3882
v 0.008456 0.072415 0.011020 0.3608 0.3686 0.3882
v 0.012080 0.071617 0.010411 0.3608 0.3686 0.3882
v 0.011574 0.070924 0.010356 0.3608 0.3686 0.3882
v 0.010941 0.070344 0.010411 0.3608 0.3686 0.3882
v 0.011460 0.072267 0.010346 0.3608 0.3686 0.3882
v 0.010843 0.071578 0.010283 0.3608 0.3686 0.3882
v 0.010227 0.070889 0.010346 0.3608 0.3686 0.3882
v 0.010746 0.072811 0.010411 0.3608 0.3686 0.3882
v 0.010113 0.072232 0.010356 0.3608 0.3686 0.3882
v 0.009607 0.071539 0.010411 0.3608 0.3686 0.3882
v 0.213645 0.108053 0.011607 0.5882 0.3725 0.1765
v 0.213935 0.106924 0.011607 0.5882 0.3725 0.1765
v 0.214635 0.105992 0.011607 0.5882 0.3725 0.1765
v 0.215639 0.105399 0.011607 0.5882 0.3725 0.1765
v 0.216793 0.105235 0.011607 0.5882 0.3725 0.1765
v 0.217922 0.105525 0.011607 0.5882 0.3725 0.1765
v 0.218854 0.106225 0.011607 0.5882 0.3725 0.1765
v 0.219447 0.107229 0.011607 0.5882 0.3725 0.1765
v 0.219611 0.108383 0.011607 0.5882 0.3725 0.1765
v 0.219321 0.109512 0.011607 0.5882 0.3725 0.1765
v 0.218621 0.110444 0.011607 0.5882 0.3725 0.1765
v 0.217617 0.111038 0.011607 0.5882 0.3725 0.1765
v 0.216463 0.111201 0.011607 0.5882 0.3725 0.1765
v 0.215334 0.110911 0.011607 0.5882 0.3725 0.1765
v 0.214402 0.110211 0.011607 0.5882 0.3725 0.1765
v 0.213809 0.109207 0.011607 0.5882 0.3725 0.1765
v 0.214873 0.108121 0.010613 0.5882 0.3725 0.1765
v 0.214102 0.108078 0.011020 0.5882 0.3725 0.1765
v 0.215043 0.107457 0.010613 0.5882 0.3725 0.1765
v 0.214348 0.107122 0.011020 0.5882 0.3725 0.1765
v 0.215455 0.106908 0.010613 0.5882 0.3725 0.1765
v 0.214941 0.106333 0.011020 0.5882 0.3725 0.1765
v 0.216046 0.106559 0.010613 0.5882 0.3725 0.1765
v 0.215791 0.105831 0.011020 0.5882 0.3725 0.1765
v 0.216725 0.106463 0.010613 0.5882 0.3725 0.1765
v 0.216768 0.105692 0.011020 0.5882 0.3725 0.1765
v 0.217389 0.106634 0.010613 0.5882 0.3725 0.1765
v 0.217724 0.105938 0.011020 0.5882 0.3725 0.1765
v 0.217938 0.107046 0.010613 0.5882 0.3725 0.1765
v 0.218513 0.106531 0.011020 0.5882 0.3725 0.1765
v 0.218287 0.107636 0.010613 0.5882 0.3725 0.1765
v 0.219015 0.107381 0.011020 0.5882 0.3725 0.1765
v 0.218383 0.108315 0.010613 0.5882 0.3725 0.1765
v 0.219154 0.108358 0.011020 0.5882 0.3725 0.1765
v 0.218213 0.108980 0.010613 0.5882 0.3725 0.1765
v 0.218908 0.109314 0.011020 0.5882 0.3725 0.1765
v 0.217800 0.109528 0.010613 0.5882 0.3725 0.1765
v 0.218315 0.110103 0.011020 0.5882 0.3725 0.1765
v 0.217210 0.109877 0.010613 0.5882 0.3725 0.1765
v 0.217465 0.110605 0.011020 0.5882 0.3725 0.1765
v 0.216531 0.109974 0.010613 0.5882 0.3725 0.1765
v 0.216488 0.110744 0.011020 0.5882 0.3725 0.1765
v 0.215866 0.109803 0.010613 0.5882 0.3725 0.1765
v 0.215532 0.110498 0.011020 0.5882 0.3725 0.1765
v 0.215318 0.109391 0.010613 0.5882 0.3725 0.1765
v 0.214743 0.109905 0.011020 0.5882 0.3725 0.1765
v 0.214969 0.108800 0.010613 0.5882 0.3725 0.1765
v 0.214241 0.109056 0.011020 0.5882 0.3725 0.1765
v 0.217865 0.108257 0.010411 0.5882 0.3725 0.1765
v 0.217358 0.107564 0.010356 0.5882 0.3725 0.1765
v 0.216726 0.106985 0.010411 0.5882 0.3725 0.1765
v 0.217245 0.108907 0.010346 0.5882 0.3725 0.1765
v 0.216628 0.108218 0.010283 0.5882 0.3725 0.1765
v 0.216011 0.107529 0.010346 0.5882 0.3725 0.1765
v 0.216530 0.109452 0.010411 0.5882 0.3725 0.1765
v 0.215897 0.108872 0.010356 0.5882 0.3725 0.1765
v 0.215391 0.108179 0.010411 0.5882 0.3725 0.1765
v 0.191570 0.094602 0.011607 0.5882 0.3725 0.1765
v 0.191860 0.093473 0.011607 0.5882 0.3725 0.1765
v 0.192560 0.092541 0.011607 0.5882 0.3725 0.1765
v 0.193564 0.091948 0.011607 0.5882 0.3725 0.1765
v 0.194718 0.091784 0.011607 0.5882 0.3725 0.1765
v 0.195847 0.092075 0.011607 0.5882 0.3725 0.1765
v 0.196779 0.092775 0.011607 0.5882 0.3725 0.1765
v 0.197372 0.093778 0.011607 0.5882 0.3725 0.1765
v 0.197536 0.094933 0.011607 0.5882 0.3725 0.1765
v 0.197246 0.096062 0.011607 0.5882 0.3725 0.1765
v 0.196546 0.096994 0.011607 0.5882 0.3725 0.1765
v 0.195542 0.097587 0.011607 0.5882 0.3725 0.1765
v 0.194388 0.097751 0.011607 0.5882 0.3725 0.1765
v 0.193259 0.097461 0.011607 0.5882 0.3725 0.1765
v 0.192327 0.096760 0.011607 0.5882 0.3725 0.1765
v 0.191734 0.095757 0.011607 0.5882 0.3725 0.1765
v 0.192798 0.094670 0.010613 0.5882 0.3725 0.1765
v 0.192027 0.094628 0.011020 0.5882 0.3725 0.1765
v 0.192968 0.094006 0.010613 0.5882 0.3725 0.1765
v 0.192273 0.093672 0.011020 0.5882 0.3725 0.1765
v 0.193380 0.093458 0.010613 0.5882 0.3725 0.1765
v 0.192866 0.092883 0.011020 0.5882 0.3725 0.1765
v 0.193971 0.093109 0.010613 0.5882 0.3725 0.1765
v 0.193716 0.092380 0.011020 0.5882 0.3725 0.1765
v 0.194650 0.093012 0.010613 0.5882 0.3725 0.1765
v 0.194693 0.092242 0.011020 0.5882 0.3725 0.1765
v 0.195314 0.093183 0.010613 0.5882 0.3725 0.1765
v 0.195649 0.092487 0.011020 0.5882 0.3725 0.1765
v 0.195863 0.093595 0.010613 0.5882 0.3725 0.1765
v 0.196438 0.093080 0.011020 0.5882 0.3725 0.1765
v 0.196212 0.094186 0.010613 0.5882 0.3725 0.1765
v 0.196940 0.093930 0.011020 0.5882 0.3725 0.1765
v 0.196308 0.094865 0.010613 0.5882 0.3725 0.1765
v 0.197079 0.094908 0.011020 0.5882 0.3725 0.1765
v 0.196138 0.095529 0.010613 0.5882 0.3725 0.1765
v 0.196833 0.095863 0.011020 0.5882 0.3725 0.1765
v 0.195726 0.096077 0.010613 0.5882 0.3725 0.1765
v 0.196240 0.096653 0.011020 0.5882 0.3725 0.1765
v 0.195135 0.096427 0.010613 0.5882 0.3725 0.1765
v 0.195390 0.097155 0.011020 0.5882 0.3725 0.1765
v 0.194456 0.096523 0.010613 0.5882 0.3725 0.1765
v 0.194413 0.097293 0.011020 0.5882 0.3725 0.1765
v 0.193791 0.096352 0.010613 0.5882 0.3725 0.1765
v 0.193457 0.097048 0.011020 0.5882 0.3725 0.1765
v 0.193243 0.095940 0.010613 0.5882 0.3725 0.1765
v 0.192668 0.096455 0.011020 0.5882 0.3725 0.1765
v 0.192894 0.095350 0.010613 0.5882 0.3725 0.1765
v 0.192166 0.095605 0.011020 0.5882 0.3725 0.1765
v 0.195790 0.094807 0.010411 0.5882 0.3725 0.1765
v 0.195284 0.094114 0.010356 0.5882 0.3725 0.1765
v 0.194651 0.093534 0.010411 0.5882 0.3725 0.1765
v 0.195169 0.095456 0.010346 0.5882 0.3725 0.1765
v 0.194553 0.094768 0.010283 0.5882 0.3725 0.1765
v 0.193937 0.094079 0.010346 0.5882 0.3725 0.1765
v 0.194455 0.096001 0.010411 0.5882 0.3725 0.1765
v 0.193822 0.095422 0.010356 0.5882 0.3725 0.1765
v 0.193316 0.094729 0.010411 0.5882 0.3725 0.1765
v -0.054493 0.080181 0.011607 0.3608 0.3686 0.3882
v -0.054203 0.079051 0.011607 0.3608 0.3686 0.3882
v -0.053503 0.078119 0.011607 0.3608 0.3686 0.3882
v -0.052499 0.077526 0.011607 0.3608 0.3686 0.3882
v -0.051345 0.077363 0.011607 0.3608 0.3686 0.3882
v -0.050216 0.077653 0.011607 0.3608 0.3686 0.3882
v -0.049284 0.078353 0.011607 0.3608 0.3686 0.3882
v -0.048691 0.079357 0.011607 0.3608 0.3686 0.3882
v -0.048527 0.080511 0.011607 0.3608 0.3686 0.3882
v -0.048817 0.081640 0.011607 0.3608 0.3686 0.3882
v -0.049517 0.082572 0.011607 0.3608 0.3686 0.3882
v -0.050521 0.083165 0.011607 0.3608 0.3686 0.3882
v -0.051675 0.083329 0.011607 0.3608 0.3686 0.3882
v -0.052804 0.083039 0.011607 0.3608 0.3686 0.3882
v -0.053736 0.082338 0.011607 0.3608 0.3686 0.3882
v -0.054329 0.081335 0.011607 0.3608 0.3686 0.3882
v -0.053265 0.080248 0.010613 0.3608 0.3686 0.3882
v -0.054036 0.080206 0.011020 0.3608 0.3686 0.3882
v -0.053095 0.079584 0.010613 0.3608 0.3686 0.3882
v -0.053790 0.079250 0.011020 0.3608 0.3686 0.3882
v -0.052683 0.079036 0.010613 0.3608 0.3686 0.3882
v -0.053197 0.078461 0.011020 0.3608 0.3686 0.3882
v -0.052092 0.078687 0.010613 0.3608 0.3686 0.3882
v -0.052348 0.077959 0.011020 0.3608 0.3686 0.3882
v -0.051413 0.078590 0.010613 0.3608 0.3686 0.3882
v -0.051370 0.077820 0.011020 0.3608 0.3686 0.3882
v -0.050749 0.078761 0.010613 0.3608 0.3686 0.3882
v -0.050414 0.078066 0.011020 0.3608 0.3686 0.3882
v -0.050200 0.079173 0.010613 0.3608 0.3686 0.3882
v -0.049625 0.078658 0.011020 0.3608 0.3686 0.3882
v -0.049851 0.079764 0.010613 0.3608 0.3686 0.3882
v -0.049123 0.079508 0.011020 0.3608 0.3686 0.3882
v -0.049755 0.080443 0.010613 0.3608 0.3686 0.3882
v -0.048984 0.080486 0.011020 0.3608 0.3686 0.3882
v -0.049925 0.081107 0.010613 0.3608 0.3686 0.3882
v -0.049230 0.081441 0.011020 0.3608 0.3686 0.3882
v -0.050338 0.081656 0.010613 0.3608 0.3686 0.3882
v -0.049823 0.082231 0.011020 0.3608 0.3686 0.3882
v -0.050928 0.082005 0.010613 0.3608 0.3686 0.3882
v -0.050672 0.082733 0.011020 0.3608 0.3686 0.3882
v -0.051607 0.082101 0.010613 0.3608 0.3686 0.3882
v -0.051650 0.082872 0.011020 0.3608 0.3686 0.3882
v -0.052271 0.081930 0.010613 0.3608 0.3686 0.3882
v -0.052606 0.082626 0.011020 0.3608 0.3686 0.3882
v -0.052820 0.081518 0.010613 0.3608 0.3686 0.3882
v -0.053395 0.082033 0.011020 0.3608 0.3686 0.3882
v -0.053169 0.080928 0.010613 0.3608 0.3686 0.3882
v -0.053897 0.081183 0.011020 0.3608 0.3686 0.3882
v -0.050273 0.080385 0.010411 0.3608 0.3686 0.3882
v -0.050779 0.079692 0.010356 0.3608 0.3686 0.3882
v -0.051412 0.079112 0.010411 0.3608 0.3686 0.3882
v -0.050893 0.081034 0.010346 0.3608 0.3686 0.3882
v -0.051510 0.080346 0.010283 0.3608 0.3686 0.3882
v -0.052127 0.079657 0.010346 0.3608 0.3686 0.3882
v -0.051608 0.081579 0.010411 0.3608 0.3686 0.3882
v -0.052241 0.081000 0.010356 0.3608 0.3686 0.3882
v -0.052747 0.080307 0.010411 0.3608 0.3686 0.3882
v -0.035984 0.081205 0.011607 0.3608 0.3686 0.3882
v -0.035694 0.080076 0.011607 0.3608 0.3686 0.3882
v -0.034993 0.079144 0.011607 0.3608 0.3686 0.3882
v -0.033990 0.078551 0.011607 0.3608 0.3686 0.3882
v -0.032835 0.078387 0.011607 0.3608 0.3686 0.3882
v -0.031706 0.078677 0.011607 0.3608 0.3686 0.3882
v -0.030774 0.079377 0.011607 0.3608 0.3686 0.3882
v -0.030181 0.080381 0.011607 0.3608 0.3686 0.3882
v -0.030017 0.081535 0.011607 0.3608 0.3686 0.3882
v -0.030308 0.082664 0.011607 0.3608 0.3686 0.3882
v -0.031008 0.083596 0.011607 0.3608 0.3686 0.3882
v -0.032011 0.084190 0.011607 0.3608 0.3686 0.3882
v -0.033166 0.084353 0.011607 0.3608 0.3686 0.3882
v -0.034295 0.084063 0.011607 0.3608 0.3686 0.3882
v -0.035227 0.083363 0.011607 0.3608 0.3686 0.3882
v -0.035820 0.082359 0.011607 0.3608 0.3686 0.3882
v -0.034756 0.081273 0.010613 0.3608 0.3686 0.3882
v -0.035526 0.081230 0.011020 0.3608 0.3686 0.3882
v -0.034585 0.080609 0.010613 0.3608 0.3686 0.3882
v -0.035281 0.080274 0.011020 0.3608 0.3686 0.3882
v -0.034173 0.080060 0.010613 0.3608 0.3686 0.3882
v -0.034688 0.079485 0.011020 0.3608 0.3686 0.3882
v -0.033582 0.079711 0.010613 0.3608 0.3686 0.3882
v -0.033838 0.078983 0.011020 0.3608 0.3686 0.3882
v -0.032903 0.079615 0.010613 0.3608 0.3686 0.3882
v -0.032861 0.078844 0.011020 0.3608 0.3686 0.3882
v -0.032239 0.079785 0.010613 0.3608 0.3686 0.3882
v -0.031905 0.079090 0.011020 0.3608 0.3686 0.3882
v -0.031691 0.080198 0.010613 0.3608 0.3686 0.3882
v -0.031116 0.079683 0.011020 0.3608 0.3686 0.3882
v -0.031341 0.080788 0.010613 0.3608 0.3686 0.3882
v -0.030613 0.080533 0.011020 0.3608 0.3686 0.3882
v -0.031245 0.081467 0.010613 0.3608 0.3686 0.3882
v -0.030475 0.081510 0.011020 0.3608 0.3686 0.3882
v -0.031416 0.082132 0.010613 0.3608 0.3686 0.3882
v -0.030720 0.082466 0.011020 0.3608 0.3686 0.3882
v -0.031828 0.082680 0.010613 0.3608 0.3686 0.3882
v -0.031313 0.083255 0.011020 0.3608 0.3686 0.3882
v -0.032418 0.083029 0.010613 0.3608 0.3686 0.3882
v -0.032163 0.083757 0.011020 0.3608 0.3686 0.3882
v -0.033098 0.083125 0.010613 0.3608 0.3686 0.3882
v -0.033140 0.083896 0.011020 0.3608 0.3686 0.3882
v -0.033762 0.082955 0.010613 0.3608 0.3686 0.3882
v -0.034096 0.083650 0.011020 0.3608 0.3686 0.3882
v -0.034310 0.082543 0.010613 0.3608 0.3686 0.3882
v -0.034885 0.083057 0.011020 0.3608 0.3686 0.3882
v -0.034659 0.081952 0.010613 0.3608 0.3686 0.3882
v -0.035388 0.082208 0.011020 0.3608 0.3686 0.3882
v -0.031764 0.081409 0.010411 0.3608 0.3686 0.3882
v -0.032270 0.080716 0.010356 0.3608 0.3686 0.3882
v -0.032903 0.080137 0.010411 0.3608 0.3686 0.3882
v -0.032384 0.082059 0.010346 0.3608 0.3686 0.3882
v -0.033001 0.081370 0.010283 0.3608 0.3686 0.3882
v -0.033617 0.080681 0.010346 0.3608 0.3686 0.3882
v -0.033098 0.082604 0.010411 0.3608 0.3686 0.3882
v -0.033731 0.082024 0.010356 0.3608 0.3686 0.3882
v -0.034237 0.081331 0.010411 0.3608 0.3686 0.3882
v 0.084945 0.057765 0.015745 0.3608 0.3686 0.3882
v 0.085122 0.057775 0.016633 0.3608 0.3686 0.3882
v 0.085624 0.057802 0.017386 0.3608 0.3686 0.3882
v 0.086376 0.057844 0.017889 0.3608 0.3686 0.3882
v 0.087262 0.057893 0.018066 0.3608 0.3686 0.3882
v 0.088149 0.057942 0.017889 0.3608 0.3686 0.3882
v 0.088901 0.057984 0.017386 0.3608 0.3686 0.3882
v 0.089403 0.058011 0.016633 0.3608 0.3686 0.3882
v 0.089579 0.058021 0.015745 0.3608 0.3686 0.3882
v 0.089403 0.058011 0.014857 0.3608 0.3686 0.3882
v 0.088901 0.057984 0.014105 0.3608 0.3686 0.3882
v 0.088149 0.057942 0.013602 0.3608 0.3686 0.3882
v 0.087262 0.057893 0.013425 0.3608 0.3686 0.3882
v 0.086376 0.057844 0.013602 0.3608 0.3686 0.3882
v 0.085624 0.057802 0.014105 0.3608 0.3686 0.3882
v 0.085122 0.057775 0.014857 0.3608 0.3686 0.3882
v 0.085942 0.057047 0.015745 0.3608 0.3686 0.3882
v 0.085326 0.057329 0.015745 0.3608 0.3686 0.3882
v 0.086046 0.057052 0.016268 0.3608 0.3686 0.3882
v 0.085475 0.057337 0.016497 0.3608 0.3686 0.3882
v 0.086341 0.057069 0.016711 0.3608 0.3686 0.3882
v 0.085901 0.057361 0.017135 0.3608 0.3686 0.3882
v 0.086783 0.057093 0.017007 0.3608 0.3686 0.3882
v 0.086537 0.057396 0.017561 0.3608 0.3686 0.3882
v 0.087305 0.057122 0.017111 0.3608 0.3686 0.3882
v 0.087288 0.057438 0.017710 0.3608 0.3686 0.3882
v 0.087827 0.057151 0.017007 0.3608 0.3686 0.3882
v 0.088038 0.057479 0.017561 0.3608 0.3686 0.3882
v 0.088269 0.057176 0.016711 0.3608 0.3686 0.3882
v 0.088675 0.057514 0.017135 0.3608 0.3686 0.3882
v 0.088565 0.057192 0.016268 0.3608 0.3686 0.3882
v 0.089100 0.057538 0.016497 0.3608 0.3686 0.3882
v 0.088668 0.057198 0.015745 0.3608 0.3686 0.3882
v 0.089249 0.057546 0.015745 0.3608 0.3686 0.3882
v 0.088565 0.057192 0.015223 0.3608 0.3686 0.3882
v 0.089100 0.057538 0.014993 0.3608 0.3686 0.3882
v 0.088269 0.057176 0.014780 0.3608 0.3686 0.3882
v 0.088675 0.057514 0.014356 0.3608 0.3686 0.3882
v 0.087827 0.057151 0.014484 0.3608 0.3686 0.3882
v 0.088038 0.057479 0.013930 0.3608 0.3686 0.3882
v 0.087305 0.057122 0.014380 0.3608 0.3686 0.3882
v 0.087288 0.057438 0.013781 0.3608 0.3686 0.3882
v 0.086783 0.057093 0.014484 0.3608 0.3686 0.3882
v 0.086537 0.057396 0.013930 0.3608 0.3686 0.3882
v 0.086341 0.057069 0.014780 0.3608 0.3686 0.3882
v 0.085901 0.057361 0.014356 0.3608 0.3686 0.3882
v 0.086046 0.057052 0.015223 0.3608 0.3686 0.3882
v 0.085475 0.057337 0.014993 0.3608 0.3686 0.3882
v 0.088273 0.057018 0.015768 0.3608 0.3686 0.3882
v 0.087854 0.056953 0.016284 0.3608 0.3686 0.3882
v 0.087336 0.056967 0.016706 0.3608 0.3686 0.3882
v 0.087824 0.056944 0.015238 0.3608 0.3686 0.3882
v 0.087319 0.056866 0.015745 0.3608 0.3686 0.3882
v 0.086810 0.056888 0.016253 0.3608 0.3686 0.3882
v 0.087291 0.056964 0.014785 0.3608 0.3686 0.3882
v 0.086779 0.056893 0.015207 0.3608 0.3686 0.3882
v 0.086354 0.056912 0.015723 0.3608 0.3686 0.3882
v 0.076907 0.057325 0.015745 0.3608 0.3686 0.3882
v 0.077083 0.057335 0.016633 0.3608 0.3686 0.3882
v 0.077586 0.057362 0.017386 0.3608 0.3686 0.3882
v 0.078337 0.057404 0.017889 0.3608 0.3686 0.3882
v 0.079224 0.057453 0.018066 0.3608 0.3686 0.3882
v 0.080111 0.057502 0.017889 0.3608 0.3686 0.3882
v 0.080862 0.057544 0.017386 0.3608 0.3686 0.3882
v 0.081365 0.057572 0.016633 0.3608 0.3686 0.3882
v 0.081541 0.057582 0.015745 0.3608 0.3686 0.3882
v 0.081365 0.057572 0.014857 0.3608 0.3686 0.3882
v 0.080862 0.057544 0.014105 0.3608 0.3686 0.3882
v 0.080111 0.057502 0.013602 0.3608 0.3686 0.3882
v 0.079224 0.057453 0.013425 0.3608 0.3686 0.3882
v 0.078337 0.057404 0.013602 0.3608 0.3686 0.3882
v 0.077586 0.057362 0.014105 0.3608 0.3686 0.3882
v 0.077083 0.057335 0.014857 0.3608 0.3686 0.3882
v 0.077903 0.056607 0.015745 0.3608 0.3686 0.3882
v 0.077288 0.056890 0.015745 0.3608 0.3686 0.3882
v 0.078007 0.056613 0.016268 0.3608 0.3686 0.3882
v 0.077437 0.056898 0.016497 0.3608 0.3686 0.3882
v 0.078303 0.056629 0.016711 0.3608 0.3686 0.3882
v 0.077862 0.056921 0.017135 0.3608 0.3686 0.3882
v 0.078745 0.056654 0.017007 0.3608 0.3686 0.3882
v 0.078498 0.056957 0.017561 0.3608 0.3686 0.3882
v 0.079267 0.056683 0.017111 0.3608 0.3686 0.3882
v 0.079249 0.056998 0.017710 0.3608 0.3686 0.3882
v 0.079788 0.056711 0.017007 0.3608 0.3686 0.3882
v 0.080000 0.057040 0.017561 0.3608 0.3686 0.3882
v 0.080231 0.056736 0.016711 0.3608 0.3686 0.3882
v 0.080636 0.057075 0.017135 0.3608 0.3686 0.3882
v 0.080526 0.056752 0.016268 0.3608 0.3686 0.3882
v 0.081062 0.057098 0.016497 0.3608 0.3686 0.3882
v 0.080630 0.056758 0.015745 0.3608 0.3686 0.3882
v 0.081211 0.057107 0.015745 0.3608 0.3686 0.3882
v 0.080526 0.056752 0.015223 0.3608 0.3686 0.3882
v 0.081062 0.057098 0.014993 0.3608 0.3686 0.3882
v 0.080231 0.056736 0.014780 0.3608 0.3686 0.3882
v 0.080636 0.057075 0.014356 0.3608 0.3686 0.3882
v 0.079788 0.056711 0.014484 0.3608 0.3686 0.3882
v 0.080000 0.057040 0.013930 0.3608 0.3686 0.3882
v 0.079267 0.056683 0.014380 0.3608 0.3686 0.3882
v 0.079249 0.056998 0.013781 0.3608 0.3686 0.3882
v 0.078745 0.056654 0.014484 0.3608 0.3686 0.3882
v 0.078498 0.056957 0.013930 0.3608 0.3686 0.3882
v 0.078303 0.056629 0.014780 0.3608 0.3686 0.3882
v 0.077862 0.056921 0.014356 0.3608 0.3686 0.3882
v 0.078007 0.056613 0.015223 0.3608 0.3686 0.3882
v 0.077437 0.056898 0.014993 0.3608 0.3686 0.3882
v 0.080235 0.056579 0.015768 0.3608 0.3686 0.3882
v 0.079815 0.056513 0.016284 0.3608 0.3686 0.3882
v 0.079298 0.056527 0.016706 0.3608 0.3686 0.3882
v 0.079785 0.056504 0.015238 0.3608 0.3686 0.3882
v 0.079281 0.056427 0.015745 0.3608 0.3686 0.3882
v 0.078771 0.056448 0.016253 0.3608 0.3686 0.3882
v 0.079253 0.056525 0.014785 0.3608 0.3686 0.3882
v 0.078740 0.056453 0.015207 0.3608 0.3686 0.3882
v 0.078316 0.056473 0.015723 0.3608 0.3686 0.3882
v -0.319146 0.071776 0.032904 0.5882 0.3725 0.1765
v -0.360786 0.029510 0.028615 0.5882 0.3725 0.1765
v -0.319168 0.071979 0.030831 0.5882 0.3725 0.1765
v -0.319232 0.072580 0.028837 0.5882 0.3725 0.1765
v -0.319335 0.073557 0.027000 0.5882 0.3725 0.1765
v -0.319475 0.074871 0.025390 0.5882 0.3725 0.1765
v -0.352402 0.038297 0.028615 0.5882 0.3725 0.1765
v -0.367138 0.028836 0.028615 0.5882 0.3725 0.1765
v -0.319645 0.076473 0.024068 0.5882 0.3725 0.1765
v -0.368644 0.028676 0.030129 0.5882 0.3725 0.1765
v -0.351892 0.037886 0.028615 0.5882 0.3725 0.1765
v -0.319839 0.078300 0.023086 0.5882 0.3725 0.1765
v -0.367892 0.028756 0.028818 0.5882 0.3725 0.1765
v -0.352232 0.037986 0.028615 0.5882 0.3725 0.1765
v -0.368443 0.028697 0.029372 0.5882 0.3725 0.1765
v -0.320050 0.080282 0.022481 0.5882 0.3725 0.1765
v -0.368644 0.028676 0.032904 0.5882 0.3725 0.1765
v -0.320269 0.082344 0.022277 0.5882 0.3725 0.1765
v -0.365423 0.063066 0.028333 0.5882 0.3725 0.1765
v -0.320488 0.084405 0.022481 0.5882 0.3725 0.1765
v -0.360786 0.029510 0.032904 0.5882 0.3725 0.1765
v -0.368542 0.037366 0.028615 0.5882 0.3725 0.1765
v -0.347457 0.038357 0.028615 0.5882 0.3725 0.1765
v -0.320699 0.086388 0.023086 0.5882 0.3725 0.1765
v -0.367362 0.030938 0.028615 0.5882 0.3725 0.1765
v -0.361698 0.038093 0.028615 0.5882 0.3725 0.1765
v -0.346263 0.039835 0.028615 0.5882 0.3725 0.1765
v -0.361009 0.031613 0.028615 0.5882 0.3725 0.1765
v -0.346808 0.038607 0.028615 0.5882 0.3725 0.1765
v -0.320893 0.088215 0.024068 0.5882 0.3725 0.1765
v -0.368666 0.030799 0.029372 0.5882 0.3725 0.1765
v -0.369847 0.037228 0.029372 0.5882 0.3725 0.1765
v -0.346371 0.039148 0.028615 0.5882 0.3725 0.1765
v -0.369295 0.037286 0.028818 0.5882 0.3725 0.1765
v -0.321063 0.089816 0.025390 0.5882 0.3725 0.1765
v -0.368115 0.030858 0.028818 0.5882 0.3725 0.1765
v -0.321202 0.091131 0.027000 0.5882 0.3725 0.1765
v -0.321306 0.092107 0.028837 0.5882 0.3725 0.1765
v -0.361009 0.031613 0.029372 0.5882 0.3725 0.1765
v -0.321370 0.092709 0.030831 0.5882 0.3725 0.1765
v -0.361698 0.038093 0.029372 0.5882 0.3725 0.1765
v -0.321392 0.092912 0.032904 0.5882 0.3725 0.1765
v -0.363068 0.064606 0.028333 0.5882 0.3725 0.1765
v -0.360677 0.067098 0.028333 0.5882 0.3725 0.1765
v -0.359002 0.069908 0.028333 0.5882 0.3725 0.1765
v -0.352589 0.040061 0.028615 0.5882 0.3725 0.1765
v -0.357673 0.073479 0.028333 0.5882 0.3725 0.1765
v -0.347420 0.067084 0.028333 0.5882 0.3725 0.1765
v -0.352679 0.040268 0.028615 0.5882 0.3725 0.1765
v -0.348807 0.063775 0.028333 0.5882 0.3725 0.1765
v -0.348490 0.065588 0.028333 0.5882 0.3725 0.1765
v -0.350967 0.070196 0.027000 0.5882 0.3725 0.1765
v -0.353131 0.070415 0.027298 0.5882 0.3725 0.1765
v -0.355629 0.073790 0.028333 0.5882 0.3725 0.1765
v -0.351106 0.071511 0.025390 0.5882 0.3725 0.1765
v -0.354922 0.072530 0.026807 0.5882 0.3725 0.1765
v -0.353263 0.071663 0.025769 0.5882 0.3725 0.1765
v -0.355745 0.074877 0.027401 0.5882 0.3725 0.1765
v -0.351277 0.073112 0.024068 0.5882 0.3725 0.1765
v -0.355060 0.073830 0.025735 0.5882 0.3725 0.1765
v -0.353425 0.073184 0.024515 0.5882 0.3725 0.1765
v -0.355866 0.076015 0.026789 0.5882 0.3725 0.1765
v -0.351471 0.074939 0.023086 0.5882 0.3725 0.1765
v -0.355218 0.075312 0.024938 0.5882 0.3725 0.1765
v -0.353609 0.074919 0.023582 0.5882 0.3725 0.1765
v -0.355997 0.077249 0.026413 0.5882 0.3725 0.1765
v -0.351681 0.076922 0.022481 0.5882 0.3725 0.1765
v -0.355388 0.076921 0.024447 0.5882 0.3725 0.1765
v -0.353809 0.076801 0.023008 0.5882 0.3725 0.1765
v -0.356133 0.078533 0.026286 0.5882 0.3725 0.1765
v -0.351900 0.078983 0.022277 0.5882 0.3725 0.1765
v -0.355566 0.078594 0.024281 0.5882 0.3725 0.1765
v -0.354017 0.078758 0.022814 0.5882 0.3725 0.1765
v -0.356270 0.079817 0.026413 0.5882 0.3725 0.1765
v -0.352119 0.081045 0.022481 0.5882 0.3725 0.1765
v -0.355744 0.080267 0.024447 0.5882 0.3725 0.1765
v -0.354225 0.080716 0.023008 0.5882 0.3725 0.1765
v -0.356401 0.081052 0.026789 0.5882 0.3725 0.1765
v -0.352330 0.083027 0.023086 0.5882 0.3725 0.1765
v -0.355915 0.081875 0.024938 0.5882 0.3725 0.1765
v -0.354425 0.082598 0.023582 0.5882 0.3725 0.1765
v -0.356522 0.082190 0.027401 0.5882 0.3725 0.1765
v -0.352524 0.084854 0.024068 0.5882 0.3725 0.1765
v -0.356072 0.083358 0.025735 0.5882 0.3725 0.1765
v -0.354609 0.084333 0.024515 0.5882 0.3725 0.1765
v -0.356628 0.083188 0.028224 0.5882 0.3725 0.1765
v -0.352694 0.086456 0.025390 0.5882 0.3725 0.1765
v -0.356210 0.084657 0.026807 0.5882 0.3725 0.1765
v -0.354771 0.085853 0.025769 0.5882 0.3725 0.1765
v -0.356715 0.084006 0.029227 0.5882 0.3725 0.1765
v -0.352834 0.087770 0.027000 0.5882 0.3725 0.1765
v -0.356324 0.085724 0.028114 0.5882 0.3725 0.1765
v -0.354903 0.087101 0.027298 0.5882 0.3725 0.1765
v -0.356779 0.084614 0.030372 0.5882 0.3725 0.1765
v -0.352938 0.088747 0.028837 0.5882 0.3725 0.1765
v -0.356408 0.086516 0.029604 0.5882 0.3725 0.1765
v -0.355002 0.088028 0.029043 0.5882 0.3725 0.1765
v -0.356819 0.084989 0.031613 0.5882 0.3725 0.1765
v -0.353002 0.089348 0.030831 0.5882 0.3725 0.1765
v -0.356460 0.087004 0.031222 0.5882 0.3725 0.1765
v -0.355062 0.088599 0.030936 0.5882 0.3725 0.1765
v -0.356833 0.085115 0.032904 0.5882 0.3725 0.1765
v -0.353023 0.089551 0.032904 0.5882 0.3725 0.1765
v -0.356477 0.087169 0.032904 0.5882 0.3725 0.1765
v -0.355083 0.088792 0.032904 0.5882 0.3725 0.1765
v -0.370244 0.039044 0.028615 0.5882 0.3725 0.1765
v -0.346557 0.042602 0.026677 0.5882 0.3725 0.1765
v -0.370353 0.040074 0.026677 0.5882 0.3725 0.1765
v -0.346705 0.043988 0.024979 0.5882 0.3725 0.1765
v -0.370500 0.041460 0.024979 0.5882 0.3725 0.1765
v -0.346884 0.045677 0.023585 0.5882 0.3725 0.1765
v -0.370680 0.043149 0.023585 0.5882 0.3725 0.1765
v -0.347089 0.047604 0.022549 0.5882 0.3725 0.1765
v -0.370885 0.045076 0.022549 0.5882 0.3725 0.1765
v -0.347311 0.049695 0.021911 0.5882 0.3725 0.1765
v -0.371107 0.047167 0.021911 0.5882 0.3725 0.1765
v -0.347542 0.051870 0.021696 0.5882 0.3725 0.1765
v -0.371338 0.049341 0.021696 0.5882 0.3725 0.1765
v -0.347773 0.054044 0.021911 0.5882 0.3725 0.1765
v -0.371569 0.051516 0.021911 0.5882 0.3725 0.1765
v -0.347995 0.056135 0.022549 0.5882 0.3725 0.1765
v -0.371791 0.053607 0.022549 0.5882 0.3725 0.1765
v -0.348200 0.058062 0.023585 0.5882 0.3725 0.1765
v -0.371996 0.055534 0.023585 0.5882 0.3725 0.1765
v -0.348379 0.059751 0.024979 0.5882 0.3725 0.1765
v -0.372175 0.057223 0.024979 0.5882 0.3725 0.1765
v -0.348527 0.061137 0.026677 0.5882 0.3725 0.1765
v -0.372322 0.058609 0.026677 0.5882 0.3725 0.1765
v -0.348703 0.062802 0.030718 0.5882 0.3725 0.1765
v -0.348726 0.063016 0.032904 0.5882 0.3725 0.1765
v -0.372522 0.060488 0.032904 0.5882 0.3725 0.1765
v -0.344966 0.069033 0.032904 0.5882 0.3725 0.1765
v -0.343783 0.069972 0.028837 0.5882 0.3725 0.1765
v -0.350892 0.069488 0.028333 0.5882 0.3725 0.1765
v -0.343389 0.070285 0.028333 0.5882 0.3725 0.1765
v -0.344667 0.069270 0.030831 0.5882 0.3725 0.1765
v -0.353072 0.069865 0.028333 0.5882 0.3725 0.1765
v -0.354796 0.071347 0.028333 0.5882 0.3725 0.1765
v -0.356375 0.080805 0.028333 0.5882 0.3725 0.1765
v -0.372389 0.059493 0.028333 0.5882 0.3725 0.1765
v -0.348620 0.062018 0.028333 0.5882 0.3725 0.1765
v -0.365423 0.063066 0.032904 0.5882 0.3725 0.1765
v -0.363068 0.064606 0.032904 0.5882 0.3725 0.1765
v -0.359002 0.069908 0.032904 0.5882 0.3725 0.1765
v -0.356536 0.082324 0.032904 0.5882 0.3725 0.1765
v -0.357673 0.073479 0.032904 0.5882 0.3725 0.1765
v -0.360677 0.067098 0.032904 0.5882 0.3725 0.1765
v -0.348807 0.063775 0.032904 0.5882 0.3725 0.1765
v -0.348490 0.065588 0.032904 0.5882 0.3725 0.1765
v -0.347420 0.067084 0.032904 0.5882 0.3725 0.1765
v -0.356496 0.081947 0.030619 0.5882 0.3725 0.1765
v -0.356443 0.081453 0.029476 0.5882 0.3725 0.1765
v -0.356527 0.082239 0.031762 0.5882 0.3725 0.1765
v -0.352589 0.040061 0.032904 0.5882 0.3725 0.1765
v -0.352679 0.040268 0.030718 0.5882 0.3725 0.1765
v -0.346448 0.041572 0.028615 0.5882 0.3725 0.1765
v -0.346808 0.038607 0.032904 0.5882 0.3725 0.1765
v -0.352402 0.038297 0.032904 0.5882 0.3725 0.1765
v -0.352232 0.037986 0.032904 0.5882 0.3725 0.1765
v -0.347457 0.038357 0.032904 0.5882 0.3725 0.1765
v -0.346371 0.039148 0.032904 0.5882 0.3725 0.1765
v -0.351892 0.037886 0.032904 0.5882 0.3725 0.1765
v -0.346263 0.039835 0.032904 0.5882 0.3725 0.1765
v -0.353159 0.040859 0.028615 0.5882 0.3725 0.1765
v -0.361826 0.039297 0.030718 0.5882 0.3725 0.1765
v -0.370195 0.038587 0.030129 0.5882 0.3725 0.1765
v -0.361803 0.039082 0.032904 0.5882 0.3725 0.1765
v -0.370153 0.038195 0.032904 0.5882 0.3725 0.1765
v -0.369484 0.039063 0.028818 0.5882 0.3725 0.1765
v -0.370017 0.038837 0.029372 0.5882 0.3725 0.1765
v -0.368737 0.039204 0.028615 0.5882 0.3725 0.1765
v -0.361893 0.039931 0.028615 0.5882 0.3725 0.1765
v -0.369684 0.033775 0.032904 0.5882 0.3725 0.1765
v -0.369706 0.033985 0.030129 0.5882 0.3725 0.1765
v -0.369504 0.034007 0.029372 0.5882 0.3725 0.1765
v -0.369072 0.032703 0.032904 0.5882 0.3725 0.1765
v -0.369090 0.032867 0.030129 0.5882 0.3725 0.1765
v -0.368888 0.032889 0.029372 0.5882 0.3725 0.1765
v -0.372495 0.060491 0.028333 0.5882 0.3725 0.1765
v -0.440625 0.051792 0.038252 0.5882 0.3725 0.1765
v -0.432613 0.031396 0.035189 0.5882 0.3725 0.1765
v -0.439855 0.050932 0.038252 0.5882 0.3725 0.1765
v -0.465236 0.027855 0.035189 0.5882 0.3725 0.1765
v -0.452738 0.022938 0.036730 0.5882 0.3725 0.1765
v -0.438727 0.050689 0.038252 0.5882 0.3725 0.1765
v -0.443387 0.030679 0.036730 0.5882 0.3725 0.1765
v -0.449386 0.024742 0.036730 0.5882 0.3725 0.1765
v -0.450954 0.023637 0.036730 0.5882 0.3725 0.1765
v -0.449386 0.024742 0.039415 0.5882 0.3725 0.1765
v -0.452738 0.022938 0.039415 0.5882 0.3725 0.1765
v -0.437671 0.051155 0.038252 0.5882 0.3725 0.1765
v -0.450954 0.023637 0.039415 0.5882 0.3725 0.1765
v -0.453100 0.087623 0.039885 0.5882 0.3725 0.1765
v -0.448139 0.026913 0.036730 0.5882 0.3725 0.1765
v -0.437091 0.052153 0.038252 0.5882 0.3725 0.1765
v -0.447268 0.028466 0.036730 0.5882 0.3725 0.1765
v -0.471379 0.085681 0.039885 0.5882 0.3725 0.1765
v -0.432940 0.034468 0.041186 0.5882 0.3725 0.1765
v -0.446095 0.029666 0.039415 0.5882 0.3725 0.1765
v -0.448139 0.026913 0.039415 0.5882 0.3725 0.1765
v -0.437208 0.053301 0.038252 0.5882 0.3725 0.1765
v -0.453316 0.089656 0.041454 0.5882 0.3725 0.1765
v -0.447268 0.028466 0.039415 0.5882 0.3725 0.1765
v -0.465570 0.031001 0.041186 0.5882 0.3725 0.1765
v -0.437978 0.054161 0.038252 0.5882 0.3725 0.1765
v -0.471595 0.087714 0.041454 0.5882 0.3725 0.1765
v -0.433127 0.036233 0.042643 0.5882 0.3725 0.1765
v -0.439106 0.054405 0.038252 0.5882 0.3725 0.1765
v -0.453567 0.092024 0.042440 0.5882 0.3725 0.1765
v -0.465758 0.032766 0.042643 0.5882 0.3725 0.1765
v -0.440162 0.053938 0.038252 0.5882 0.3725 0.1765
v -0.471847 0.090082 0.042440 0.5882 0.3725 0.1765
v -0.440742 0.052940 0.038252 0.5882 0.3725 0.1765
v -0.453837 0.094565 0.042776 0.5882 0.3725 0.1765
v -0.433341 0.038247 0.043725 0.5882 0.3725 0.1765
v -0.465972 0.034780 0.043725 0.5882 0.3725 0.1765
v -0.461691 0.049554 0.037702 0.5882 0.3725 0.1765
v -0.472117 0.092623 0.042776 0.5882 0.3725 0.1765
v -0.433573 0.040432 0.044392 0.5882 0.3725 0.1765
v -0.460921 0.048694 0.037702 0.5882 0.3725 0.1765
v -0.454418 0.097072 0.042440 0.5882 0.3725 0.1765
v -0.466204 0.036965 0.044392 0.5882 0.3725 0.1765
v -0.459793 0.048451 0.037702 0.5882 0.3725 0.1765
v -0.433815 0.042704 0.044617 0.5882 0.3725 0.1765
v -0.466445 0.039237 0.044617 0.5882 0.3725 0.1765
v -0.458737 0.048917 0.037702 0.5882 0.3725 0.1765
v -0.434056 0.044976 0.044392 0.5882 0.3725 0.1765
v -0.466687 0.041509 0.044392 0.5882 0.3725 0.1765
v -0.458157 0.049915 0.037702 0.5882 0.3725 0.1765
v -0.434288 0.047161 0.043725 0.5882 0.3725 0.1765
v -0.466919 0.043694 0.043725 0.5882 0.3725 0.1765
v -0.458274 0.051063 0.037702 0.5882 0.3725 0.1765
v -0.434502 0.049175 0.042643 0.5882 0.3725 0.1765
v -0.467133 0.045708 0.042643 0.5882 0.3725 0.1765
v -0.459044 0.051923 0.037702 0.5882 0.3725 0.1765
v -0.434690 0.050940 0.041186 0.5882 0.3725 0.1765
v -0.467320 0.047473 0.041186 0.5882 0.3725 0.1765
v -0.460172 0.052167 0.037702 0.5882 0.3725 0.1765
v -0.434844 0.052388 0.039412 0.5882 0.3725 0.1765
v -0.461228 0.051700 0.037702 0.5882 0.3725 0.1765
v -0.471338 0.085291 0.039412 0.5882 0.3725 0.1765
v -0.453058 0.087233 0.039412 0.5882 0.3725 0.1765
v -0.461809 0.050702 0.037702 0.5882 0.3725 0.1765
v -0.435389 0.057518 0.039412 0.5882 0.3725 0.1765
v -0.467474 0.048921 0.039412 0.5882 0.3725 0.1765
v -0.472134 0.092785 0.041033 0.5882 0.3725 0.1765
v -0.453854 0.094727 0.041033 0.5882 0.3725 0.1765
v -0.471912 0.090693 0.040756 0.5882 0.3725 0.1765
v -0.453632 0.092635 0.040756 0.5882 0.3725 0.1765
v -0.454388 0.096786 0.040756 0.5882 0.3725 0.1765
v -0.471390 0.085785 0.036969 0.5882 0.3725 0.1765
v -0.453111 0.087727 0.036969 0.5882 0.3725 0.1765
v -0.471338 0.085291 0.035770 0.5882 0.3725 0.1765
v -0.471705 0.088743 0.039944 0.5882 0.3725 0.1765
v -0.453425 0.090685 0.039944 0.5882 0.3725 0.1765
v -0.471527 0.087069 0.038652 0.5882 0.3725 0.1765
v -0.453247 0.089011 0.038652 0.5882 0.3725 0.1765
v -0.471305 0.084977 0.035008 0.5882 0.3725 0.1765
v -0.452879 0.086935 0.035008 0.5882 0.3725 0.1765
v -0.453058 0.087233 0.035770 0.5882 0.3725 0.1765
v -0.456180 0.099280 0.041454 0.5882 0.3725 0.1765
v -0.457980 0.100338 0.040597 0.5882 0.3725 0.1765
v -0.459670 0.100880 0.040012 0.5882 0.3725 0.1765
v -0.455649 0.098623 0.039944 0.5882 0.3725 0.1765
v -0.457543 0.099542 0.039266 0.5882 0.3725 0.1765
v -0.471931 0.095212 0.042440 0.5882 0.3725 0.1765
v -0.470820 0.097724 0.041454 0.5882 0.3725 0.1765
v -0.469282 0.099137 0.040597 0.5882 0.3725 0.1765
v -0.467744 0.100022 0.040012 0.5882 0.3725 0.1765
v -0.471901 0.094925 0.040756 0.5882 0.3725 0.1765
v -0.471153 0.096976 0.039944 0.5882 0.3725 0.1765
v -0.469509 0.098271 0.039266 0.5882 0.3725 0.1765
v -0.465705 0.100470 0.039761 0.5882 0.3725 0.1765
v -0.461758 0.100890 0.039761 0.5882 0.3725 0.1765
v -0.461657 0.099983 0.038618 0.5882 0.3725 0.1765
v -0.465613 0.099562 0.038618 0.5882 0.3725 0.1765
v -0.467836 0.099080 0.038824 0.5882 0.3725 0.1765
v -0.459486 0.099967 0.038824 0.5882 0.3725 0.1765
v -0.465045 0.067599 0.039412 0.5882 0.3725 0.1765
v -0.463798 0.068080 0.039412 0.5882 0.3725 0.1765
v -0.466093 0.065240 0.039412 0.5882 0.3725 0.1765
v -0.464917 0.057448 0.039412 0.5882 0.3725 0.1765
v -0.465397 0.058695 0.039412 0.5882 0.3725 0.1765
v -0.465885 0.066560 0.039412 0.5882 0.3725 0.1765
v -0.449215 0.069629 0.039412 0.5882 0.3725 0.1765
v -0.448223 0.069535 0.039412 0.5882 0.3725 0.1765
v -0.447183 0.069220 0.039412 0.5882 0.3725 0.1765
v -0.445846 0.068348 0.039412 0.5882 0.3725 0.1765
v -0.444002 0.066404 0.039412 0.5882 0.3725 0.1765
v -0.444916 0.067425 0.039412 0.5882 0.3725 0.1765
v -0.441996 0.061475 0.039412 0.5882 0.3725 0.1765
v -0.462557 0.056401 0.039412 0.5882 0.3725 0.1765
v -0.444817 0.058285 0.039412 0.5882 0.3725 0.1765
v -0.463877 0.056608 0.039412 0.5882 0.3725 0.1765
v -0.443252 0.058888 0.039412 0.5882 0.3725 0.1765
v -0.442622 0.059667 0.039412 0.5882 0.3725 0.1765
v -0.442132 0.060609 0.039412 0.5882 0.3725 0.1765
v -0.435898 0.059095 0.039412 0.5882 0.3725 0.1765
v -0.442045 0.062369 0.039412 0.5882 0.3725 0.1765
v -0.442315 0.063320 0.039412 0.5882 0.3725 0.1765
v -0.459793 0.048451 0.040971 0.5882 0.3725 0.1765
v -0.438727 0.050689 0.040971 0.5882 0.3725 0.1765
v -0.458737 0.048917 0.040542 0.5882 0.3725 0.1765
v -0.460921 0.048694 0.040531 0.5882 0.3725 0.1765
v -0.437671 0.051155 0.040542 0.5882 0.3725 0.1765
v -0.439855 0.050932 0.040531 0.5882 0.3725 0.1765
v -0.437978 0.054161 0.039412 0.5882 0.3725 0.1765
v -0.439106 0.054405 0.039412 0.5882 0.3725 0.1765
v -0.440742 0.052940 0.039412 0.5882 0.3725 0.1765
v -0.437208 0.053301 0.039412 0.5882 0.3725 0.1765
v -0.440162 0.053938 0.039412 0.5882 0.3725 0.1765
v -0.440625 0.051792 0.039412 0.5882 0.3725 0.1765
v -0.458159 0.049911 0.039412 0.5882 0.3725 0.1765
v -0.437091 0.052153 0.039412 0.5882 0.3725 0.1765
v -0.461691 0.049554 0.039412 0.5882 0.3725 0.1765
v -0.458274 0.051063 0.039412 0.5882 0.3725 0.1765
v -0.461809 0.050702 0.039412 0.5882 0.3725 0.1765
v -0.460172 0.052167 0.039412 0.5882 0.3725 0.1765
v -0.461228 0.051700 0.039412 0.5882 0.3725 0.1765
v -0.459044 0.051923 0.039412 0.5882 0.3725 0.1765
v -0.465289 0.028352 0.036730 0.5882 0.3725 0.1765
v -0.465416 0.029553 0.039412 0.5882 0.3725 0.1765
v -0.446095 0.029666 0.036730 0.5882 0.3725 0.1765
v -0.464799 0.023738 0.036730 0.5882 0.3725 0.1765
v -0.462521 0.021899 0.036730 0.5882 0.3725 0.1765
v -0.464413 0.022739 0.036730 0.5882 0.3725 0.1765
v -0.463580 0.022065 0.036730 0.5882 0.3725 0.1765
v -0.462521 0.021899 0.039415 0.5882 0.3725 0.1765
v -0.464799 0.023738 0.039415 0.5882 0.3725 0.1765
v -0.463580 0.022065 0.039415 0.5882 0.3725 0.1765
v -0.464413 0.022739 0.039415 0.5882 0.3725 0.1765
v -0.445722 0.075198 0.035798 0.5882 0.3725 0.1765
v -0.445602 0.074997 0.034730 0.5882 0.3725 0.1765
v -0.446571 0.076627 0.037308 0.5882 0.3725 0.1765
v -0.446062 0.075770 0.036703 0.5882 0.3725 0.1765
v -0.447171 0.077637 0.037520 0.5882 0.3725 0.1765
v -0.451381 0.084489 0.037520 0.5882 0.3725 0.1765
v -0.450831 0.074656 0.035797 0.5882 0.3725 0.1765
v -0.450803 0.074445 0.034729 0.5882 0.3725 0.1765
v -0.450942 0.076161 0.037308 0.5882 0.3725 0.1765
v -0.450879 0.075259 0.036703 0.5882 0.3725 0.1765
v -0.451009 0.077226 0.037521 0.5882 0.3725 0.1765
v -0.469544 0.068401 0.036690 0.5882 0.3725 0.1765
v -0.471024 0.082337 0.034802 0.5882 0.3725 0.1765
v -0.471049 0.082568 0.033631 0.5882 0.3725 0.1765
v -0.470954 0.081677 0.035794 0.5882 0.3725 0.1765
v -0.470726 0.079526 0.036690 0.5882 0.3725 0.1765
v -0.470849 0.080690 0.036458 0.5882 0.3725 0.1765
v -0.466108 0.082859 0.034802 0.5882 0.3725 0.1765
v -0.466132 0.083091 0.033631 0.5882 0.3725 0.1765
v -0.466038 0.082200 0.035794 0.5882 0.3725 0.1765
v -0.465809 0.080048 0.036690 0.5882 0.3725 0.1765
v -0.465933 0.081213 0.036458 0.5882 0.3725 0.1765
v -0.465046 0.072864 0.036690 0.5882 0.3725 0.1765
v -0.435000 0.053862 0.033822 0.5882 0.3725 0.1765
v -0.435168 0.055442 0.034739 0.5882 0.3725 0.1765
v -0.435071 0.054530 0.034493 0.5882 0.3725 0.1765
v -0.435336 0.057022 0.033822 0.5882 0.3725 0.1765
v -0.435265 0.056354 0.034493 0.5882 0.3725 0.1765
v -0.437115 0.053638 0.033822 0.5882 0.3725 0.1765
v -0.437283 0.055218 0.034739 0.5882 0.3725 0.1765
v -0.437186 0.054305 0.034493 0.5882 0.3725 0.1765
v -0.437451 0.056798 0.033822 0.5882 0.3725 0.1765
v -0.437380 0.056130 0.034493 0.5882 0.3725 0.1765
v -0.432701 0.032221 0.037534 0.5882 0.3725 0.1765
v -0.432824 0.033378 0.039851 0.5882 0.3725 0.1765
v -0.443514 0.031880 0.039412 0.5882 0.3725 0.1765
v -0.457290 0.022454 0.039415 0.5882 0.3725 0.1765
v -0.457290 0.022454 0.036730 0.5882 0.3725 0.1765
v -0.457510 0.024531 0.039415 0.5882 0.3725 0.1765
v -0.457510 0.024531 0.036730 0.5882 0.3725 0.1765
v -0.461834 0.024072 0.039415 0.5882 0.3725 0.1765
v -0.461613 0.021995 0.039415 0.5882 0.3725 0.1765
v -0.461834 0.024072 0.036730 0.5882 0.3725 0.1765
v -0.461613 0.021995 0.036730 0.5882 0.3725 0.1765
v -0.460545 0.086584 0.036122 0.5882 0.3725 0.1765
v -0.464243 0.086116 0.035941 0.5882 0.3725 0.1765
v -0.463685 0.086251 0.036122 0.5882 0.3725 0.1765
v -0.459971 0.086570 0.035941 0.5882 0.3725 0.1765
v -0.464635 0.085869 0.035448 0.5882 0.3725 0.1765
v -0.459536 0.086411 0.035448 0.5882 0.3725 0.1765
v -0.464765 0.085641 0.034774 0.5882 0.3725 0.1765
v -0.459362 0.086215 0.034774 0.5882 0.3725 0.1765
v -0.460415 0.085365 0.036122 0.5882 0.3725 0.1765
v -0.464121 0.084971 0.035941 0.5882 0.3725 0.1765
v -0.463555 0.085031 0.036122 0.5882 0.3725 0.1765
v -0.459850 0.085425 0.035941 0.5882 0.3725 0.1765
v -0.464535 0.084927 0.035448 0.5882 0.3725 0.1765
v -0.459436 0.085469 0.035448 0.5882 0.3725 0.1765
v -0.464687 0.084911 0.034774 0.5882 0.3725 0.1765
v -0.459284 0.085485 0.034774 0.5882 0.3725 0.1765
v -0.235291 0.077205 0.048783 0.5882 0.3725 0.1765
v -0.237234 0.095489 0.048760 0.5882 0.3725 0.1765
v -0.238550 0.107874 0.036080 0.5882 0.3725 0.1765
v -0.237521 0.098192 0.047944 0.5882 0.3725 0.1765
v -0.237818 0.100991 0.046440 0.5882 0.3725 0.1765
v -0.238079 0.103444 0.044415 0.5882 0.3725 0.1765
v -0.238293 0.105457 0.041948 0.5882 0.3725 0.1765
v -0.238452 0.106953 0.039134 0.5882 0.3725 0.1765
v -0.243209 0.076363 0.045670 0.5882 0.3725 0.1765
v -0.240009 0.076703 0.048843 0.5882 0.3725 0.1765
v -0.242780 0.076409 0.047273 0.5882 0.3725 0.1765
v -0.241609 0.076533 0.048434 0.5882 0.3725 0.1765
v -0.243268 0.107373 0.036140 0.5882 0.3725 0.1765
v -0.245870 0.105492 0.035896 0.5882 0.3725 0.1765
v -0.244822 0.106778 0.036086 0.5882 0.3725 0.1765
v -0.243170 0.106451 0.039194 0.5882 0.3725 0.1765
v -0.244727 0.105884 0.039051 0.5882 0.3725 0.1765
v -0.245783 0.104672 0.038614 0.5882 0.3725 0.1765
v -0.243011 0.104956 0.042008 0.5882 0.3725 0.1765
v -0.244573 0.104427 0.041790 0.5882 0.3725 0.1765
v -0.245640 0.103325 0.041149 0.5882 0.3725 0.1765
v -0.242797 0.102942 0.044475 0.5882 0.3725 0.1765
v -0.244365 0.102468 0.044191 0.5882 0.3725 0.1765
v -0.245447 0.101511 0.043371 0.5882 0.3725 0.1765
v -0.242537 0.100489 0.046500 0.5882 0.3725 0.1765
v -0.244111 0.100080 0.046162 0.5882 0.3725 0.1765
v -0.245212 0.099302 0.045194 0.5882 0.3725 0.1765
v -0.242239 0.097691 0.048004 0.5882 0.3725 0.1765
v -0.243820 0.097347 0.047631 0.5882 0.3725 0.1765
v -0.244941 0.096748 0.046567 0.5882 0.3725 0.1765
v -0.241952 0.094987 0.048820 0.5882 0.3725 0.1765
v -0.243544 0.094745 0.048411 0.5882 0.3725 0.1765
v -0.244694 0.094423 0.047250 0.5882 0.3725 0.1765
v -0.260773 0.081844 0.043056 0.5882 0.3725 0.1765
v -0.260996 0.083943 0.044184 0.5882 0.3725 0.1765
v -0.261983 0.093234 0.044184 0.5882 0.3725 0.1765
v -0.262206 0.095333 0.043056 0.5882 0.3725 0.1765
v -0.247996 0.083201 0.043056 0.5882 0.3725 0.1765
v -0.248219 0.085300 0.044184 0.5882 0.3725 0.1765
v -0.249206 0.094592 0.044184 0.5882 0.3725 0.1765
v -0.249429 0.096691 0.043056 0.5882 0.3725 0.1765
v -0.247285 0.080601 0.037033 0.5882 0.3725 0.1765
v -0.245843 0.079483 0.037684 0.5882 0.3725 0.1765
v -0.248994 0.079541 0.035675 0.5882 0.3725 0.1765
v -0.247807 0.078752 0.035576 0.5882 0.3725 0.1765
v -0.248001 0.079871 0.035907 0.5882 0.3725 0.1765
v -0.246365 0.079207 0.036098 0.5882 0.3725 0.1765
v -0.247406 0.081742 0.039019 0.5882 0.3725 0.1765
v -0.245971 0.080689 0.039791 0.5882 0.3725 0.1765
v -0.248259 0.082305 0.040145 0.5882 0.3725 0.1765
v -0.246650 0.081891 0.040771 0.5882 0.3725 0.1765
v -0.249280 0.082230 0.040307 0.5882 0.3725 0.1765
v -0.248114 0.082222 0.041148 0.5882 0.3725 0.1765
v -0.248161 0.088851 0.043147 0.5882 0.3725 0.1765
v -0.247013 0.088909 0.043964 0.5882 0.3725 0.1765
v -0.249806 0.087187 0.043147 0.5882 0.3725 0.1765
v -0.248879 0.086548 0.043811 0.5882 0.3725 0.1765
v -0.248698 0.087710 0.043147 0.5882 0.3725 0.1765
v -0.247628 0.087411 0.043760 0.5882 0.3725 0.1765
v -0.248404 0.091132 0.043147 0.5882 0.3725 0.1765
v -0.247269 0.091317 0.043964 0.5882 0.3725 0.1765
v -0.249590 0.093164 0.043765 0.5882 0.3725 0.1765
v -0.249200 0.092177 0.043147 0.5882 0.3725 0.1765
v -0.248166 0.092657 0.043770 0.5882 0.3725 0.1765
v -0.250360 0.092401 0.043232 0.5882 0.3725 0.1765
v -0.249159 0.098241 0.039019 0.5882 0.3725 0.1765
v -0.247995 0.099485 0.039741 0.5882 0.3725 0.1765
v -0.250580 0.097315 0.040405 0.5882 0.3725 0.1765
v -0.249757 0.097665 0.041289 0.5882 0.3725 0.1765
v -0.249733 0.097657 0.039922 0.5882 0.3725 0.1765
v -0.248389 0.098255 0.040771 0.5882 0.3725 0.1765
v -0.249280 0.099382 0.037033 0.5882 0.3725 0.1765
v -0.248124 0.100691 0.037635 0.5882 0.3725 0.1765
v -0.249955 0.100978 0.035299 0.5882 0.3725 0.1765
v -0.249911 0.099798 0.036200 0.5882 0.3725 0.1765
v -0.248674 0.100938 0.036098 0.5882 0.3725 0.1765
v -0.251181 0.100016 0.035533 0.5882 0.3725 0.1765
v -0.260227 0.076690 0.035516 0.5882 0.3725 0.1765
v -0.260638 0.080560 0.041933 0.5882 0.3725 0.1765
v -0.261098 0.084896 0.044476 0.5882 0.3725 0.1765
v -0.261887 0.092314 0.044470 0.5882 0.3725 0.1765
v -0.262349 0.096657 0.041938 0.5882 0.3725 0.1765
v -0.262742 0.100375 0.035325 0.5882 0.3725 0.1765
v -0.249584 0.098131 0.041842 0.5882 0.3725 0.1765
v -0.248309 0.086154 0.044445 0.5882 0.3725 0.1765
v -0.247449 0.078051 0.035557 0.5882 0.3725 0.1765
v -0.245812 0.077912 0.036821 0.5882 0.3725 0.1765
v -0.245320 0.078291 0.038387 0.5882 0.3725 0.1765
v -0.245446 0.079503 0.040517 0.5882 0.3725 0.1765
v -0.246095 0.080627 0.041586 0.5882 0.3725 0.1765
v -0.247852 0.081832 0.041862 0.5882 0.3725 0.1765
v -0.247082 0.087159 0.045337 0.5882 0.3725 0.1765
v -0.246460 0.088952 0.045966 0.5882 0.3725 0.1765
v -0.246720 0.091391 0.045966 0.5882 0.3725 0.1765
v -0.247735 0.093036 0.045316 0.5882 0.3725 0.1765
v -0.249099 0.093567 0.044502 0.5882 0.3725 0.1765
v -0.248112 0.099606 0.041586 0.5882 0.3725 0.1765
v -0.247713 0.100842 0.040517 0.5882 0.3725 0.1765
v -0.247845 0.102054 0.038387 0.5882 0.3725 0.1765
v -0.249977 0.101853 0.035287 0.5882 0.3725 0.1765
v -0.248733 0.102223 0.036500 0.5882 0.3725 0.1765
v -0.262649 0.099514 0.035339 0.5882 0.3725 0.1765
v -0.262564 0.098717 0.035753 0.5882 0.3725 0.1765
v -0.262288 0.096118 0.040343 0.5882 0.3725 0.1765
v -0.262306 0.096272 0.041324 0.5882 0.3725 0.1765
v -0.261843 0.091919 0.043730 0.5882 0.3725 0.1765
v -0.261764 0.091190 0.043232 0.5882 0.3725 0.1765
v -0.261210 0.085975 0.043147 0.5882 0.3725 0.1765
v -0.261142 0.085329 0.043822 0.5882 0.3725 0.1765
v -0.260678 0.080947 0.041183 0.5882 0.3725 0.1765
v -0.260683 0.081019 0.040307 0.5882 0.3725 0.1765
v -0.260410 0.078447 0.035909 0.5882 0.3725 0.1765
v -0.260310 0.077485 0.035493 0.5882 0.3725 0.1765
v -0.243251 0.076763 0.035666 0.5882 0.3725 0.1765
v -0.243340 0.077601 0.038365 0.5882 0.3725 0.1765
v -0.243645 0.080469 0.042675 0.5882 0.3725 0.1765
v -0.243878 0.082662 0.044508 0.5882 0.3725 0.1765
v -0.243477 0.078884 0.040741 0.5882 0.3725 0.1765
v -0.246108 0.103998 0.035642 0.5882 0.3725 0.1765
v -0.245892 0.102106 0.040362 0.5882 0.3725 0.1765
v -0.246033 0.103258 0.038048 0.5882 0.3725 0.1765
v -0.245703 0.100530 0.042427 0.5882 0.3725 0.1765
v -0.245470 0.098578 0.044162 0.5882 0.3725 0.1765
v -0.245189 0.096270 0.045555 0.5882 0.3725 0.1765
v -0.244925 0.094240 0.046326 0.5882 0.3725 0.1765
v -0.244091 0.085059 0.045814 0.5882 0.3725 0.1765
v -0.244123 0.087618 0.046699 0.5882 0.3725 0.1765
v -0.244350 0.090559 0.047009 0.5882 0.3725 0.1765
v -0.244284 0.090566 0.047255 0.5882 0.3725 0.1765
v -0.319060 0.070963 0.035181 0.5882 0.3725 0.1765
v -0.319130 0.071623 0.037370 0.5882 0.3725 0.1765
v -0.319244 0.072696 0.039387 0.5882 0.3725 0.1765
v -0.319397 0.074139 0.041156 0.5882 0.3725 0.1765
v -0.319584 0.075897 0.042607 0.5882 0.3725 0.1765
v -0.319797 0.077903 0.043685 0.5882 0.3725 0.1765
v -0.320028 0.080080 0.044349 0.5882 0.3725 0.1765
v -0.320269 0.082344 0.044573 0.5882 0.3725 0.1765
v -0.320509 0.084607 0.044349 0.5882 0.3725 0.1765
v -0.320741 0.086784 0.043685 0.5882 0.3725 0.1765
v -0.320954 0.088790 0.042607 0.5882 0.3725 0.1765
v -0.321141 0.090549 0.041156 0.5882 0.3725 0.1765
v -0.321294 0.091992 0.039387 0.5882 0.3725 0.1765
v -0.321408 0.093064 0.037370 0.5882 0.3725 0.1765
v -0.321478 0.093724 0.035181 0.5882 0.3725 0.1765
v -0.261040 0.082117 0.042607 0.5882 0.3725 0.1765
v -0.261254 0.084123 0.043685 0.5882 0.3725 0.1765
v -0.262197 0.093004 0.043685 0.5882 0.3725 0.1765
v -0.262410 0.095010 0.042607 0.5882 0.3725 0.1765
v -0.301656 0.077263 0.041213 0.5882 0.3725 0.1765
v -0.304140 0.075848 0.038343 0.5882 0.3725 0.1765
v -0.305523 0.075344 0.038616 0.5882 0.3725 0.1765
v -0.301628 0.077303 0.040391 0.5882 0.3725 0.1765
v -0.302943 0.077134 0.041226 0.5882 0.3725 0.1765
v -0.303131 0.076958 0.040070 0.5882 0.3725 0.1765
v -0.304358 0.076623 0.040604 0.5882 0.3725 0.1765
v -0.303905 0.076418 0.039282 0.5882 0.3725 0.1765
v -0.305254 0.075999 0.039693 0.5882 0.3725 0.1765
v -0.304074 0.075223 0.037255 0.5882 0.3725 0.1765
v -0.305450 0.074661 0.037426 0.5882 0.3725 0.1765
v -0.301266 0.073598 0.034829 0.5882 0.3725 0.1765
v -0.303725 0.074715 0.036316 0.5882 0.3725 0.1765
v -0.305050 0.074078 0.036348 0.5882 0.3725 0.1765
v -0.302854 0.074350 0.035528 0.5882 0.3725 0.1765
v -0.304043 0.073656 0.035437 0.5882 0.3725 0.1765
v -0.301311 0.074328 0.035208 0.5882 0.3725 0.1765
v -0.302552 0.073454 0.034815 0.5882 0.3725 0.1765
v -0.302787 0.087907 0.043137 0.5882 0.3725 0.1765
v -0.305069 0.084590 0.042694 0.5882 0.3725 0.1765
v -0.306495 0.084498 0.043137 0.5882 0.3725 0.1765
v -0.302681 0.087221 0.042694 0.5882 0.3725 0.1765
v -0.304075 0.087786 0.043137 0.5882 0.3725 0.1765
v -0.304165 0.086692 0.042694 0.5882 0.3725 0.1765
v -0.305452 0.086918 0.043137 0.5882 0.3725 0.1765
v -0.304892 0.085700 0.042694 0.5882 0.3725 0.1765
v -0.306292 0.085771 0.043137 0.5882 0.3725 0.1765
v -0.304936 0.083341 0.042694 0.5882 0.3725 0.1765
v -0.306350 0.083132 0.043137 0.5882 0.3725 0.1765
v -0.302008 0.080577 0.043137 0.5882 0.3725 0.1765
v -0.304530 0.082294 0.042694 0.5882 0.3725 0.1765
v -0.305884 0.081930 0.043137 0.5882 0.3725 0.1765
v -0.303611 0.081476 0.042694 0.5882 0.3725 0.1765
v -0.304822 0.080985 0.043137 0.5882 0.3725 0.1765
v -0.302049 0.081270 0.042694 0.5882 0.3725 0.1765
v -0.303292 0.080425 0.043137 0.5882 0.3725 0.1765
v -0.303528 0.094887 0.034829 0.5882 0.3725 0.1765
v -0.305931 0.092708 0.037255 0.5882 0.3725 0.1765
v -0.307395 0.092968 0.037426 0.5882 0.3725 0.1765
v -0.303419 0.094164 0.035208 0.5882 0.3725 0.1765
v -0.304815 0.094758 0.034815 0.5882 0.3725 0.1765
v -0.304922 0.093818 0.035528 0.5882 0.3725 0.1765
v -0.306231 0.094247 0.035437 0.5882 0.3725 0.1765
v -0.305697 0.093278 0.036316 0.5882 0.3725 0.1765
v -0.307126 0.093623 0.036348 0.5882 0.3725 0.1765
v -0.305865 0.092084 0.038343 0.5882 0.3725 0.1765
v -0.307323 0.092285 0.038616 0.5882 0.3725 0.1765
v -0.303139 0.091222 0.041213 0.5882 0.3725 0.1765
v -0.305516 0.091576 0.039282 0.5882 0.3725 0.1765
v -0.306922 0.091702 0.039693 0.5882 0.3725 0.1765
v -0.304645 0.091211 0.040070 0.5882 0.3725 0.1765
v -0.305916 0.091280 0.040604 0.5882 0.3725 0.1765
v -0.303103 0.091188 0.040391 0.5882 0.3725 0.1765
v -0.304424 0.091078 0.041226 0.5882 0.3725 0.1765
v -0.260516 0.077179 0.035142 0.5882 0.3725 0.1765
v -0.301658 0.072808 0.035142 0.5882 0.3725 0.1765
v -0.303057 0.072664 0.035183 0.5882 0.3725 0.1765
v -0.304670 0.072707 0.035888 0.5882 0.3725 0.1765
v -0.306070 0.073011 0.037370 0.5882 0.3725 0.1765
v -0.305857 0.072900 0.036933 0.5882 0.3725 0.1765
v -0.306354 0.073372 0.038098 0.5882 0.3725 0.1765
v -0.306458 0.074023 0.039330 0.5882 0.3725 0.1765
v -0.306052 0.074876 0.040331 0.5882 0.3725 0.1765
v -0.303420 0.076439 0.041647 0.5882 0.3725 0.1765
v -0.302033 0.076615 0.041671 0.5882 0.3725 0.1765
v -0.305022 0.075677 0.041165 0.5882 0.3725 0.1765
v -0.260920 0.080983 0.041671 0.5882 0.3725 0.1765
v -0.305535 0.080861 0.044120 0.5882 0.3725 0.1765
v -0.302441 0.080436 0.043893 0.5882 0.3725 0.1765
v -0.303834 0.080323 0.043903 0.5882 0.3725 0.1765
v -0.261326 0.084804 0.043893 0.5882 0.3725 0.1765
v -0.307381 0.083011 0.044505 0.5882 0.3725 0.1765
v -0.306810 0.081794 0.044379 0.5882 0.3725 0.1765
v -0.307528 0.084399 0.044505 0.5882 0.3725 0.1765
v -0.307226 0.085709 0.044379 0.5882 0.3725 0.1765
v -0.304625 0.087772 0.043903 0.5882 0.3725 0.1765
v -0.303240 0.087955 0.043893 0.5882 0.3725 0.1765
v -0.306176 0.086889 0.044120 0.5882 0.3725 0.1765
v -0.262125 0.092323 0.043893 0.5882 0.3725 0.1765
v -0.305037 0.091657 0.041647 0.5882 0.3725 0.1765
v -0.303644 0.091776 0.041671 0.5882 0.3725 0.1765
v -0.306781 0.092074 0.041156 0.5882 0.3725 0.1765
v -0.262531 0.096144 0.041671 0.5882 0.3725 0.1765
v -0.307939 0.092632 0.040331 0.5882 0.3725 0.1765
v -0.308549 0.094039 0.038098 0.5882 0.3725 0.1765
v -0.308514 0.093380 0.039330 0.5882 0.3725 0.1765
v -0.307043 0.095042 0.035888 0.5882 0.3725 0.1765
v -0.308163 0.094605 0.036933 0.5882 0.3725 0.1765
v -0.304077 0.095577 0.035142 0.5882 0.3725 0.1765
v -0.262935 0.099948 0.035142 0.5882 0.3725 0.1765
v -0.305475 0.095424 0.035183 0.5882 0.3725 0.1765
v -0.262875 0.099396 0.035015 0.5882 0.3725 0.1765
v -0.262777 0.098482 0.035208 0.5882 0.3725 0.1765
v -0.262461 0.095506 0.040391 0.5882 0.3725 0.1765
v -0.262485 0.095726 0.041103 0.5882 0.3725 0.1765
v -0.262095 0.092050 0.043251 0.5882 0.3725 0.1765
v -0.262039 0.091539 0.042694 0.5882 0.3725 0.1765
v -0.261407 0.085588 0.042694 0.5882 0.3725 0.1765
v -0.261351 0.085050 0.043285 0.5882 0.3725 0.1765
v -0.260963 0.081401 0.041104 0.5882 0.3725 0.1765
v -0.260986 0.081621 0.040391 0.5882 0.3725 0.1765
v -0.260669 0.078645 0.035208 0.5882 0.3725 0.1765
v -0.260574 0.077730 0.035089 0.5882 0.3725 0.1765
v -0.303523 0.090642 0.042607 0.5882 0.3725 0.1765
v -0.303311 0.088636 0.043685 0.5882 0.3725 0.1765
v -0.302368 0.079755 0.043685 0.5882 0.3725 0.1765
v -0.302153 0.077749 0.042607 0.5882 0.3725 0.1765
v -0.243855 0.086523 0.047265 0.5882 0.3725 0.1765
v -0.116790 0.087561 0.038204 0.3608 0.3686 0.3882
v -0.117047 0.089983 0.042984 0.3608 0.3686 0.3882
v -0.117448 0.093755 0.046778 0.3608 0.3686 0.3882
v -0.117953 0.098509 0.049213 0.3608 0.3686 0.3882
v -0.118513 0.103778 0.050053 0.3608 0.3686 0.3882
v -0.119073 0.109048 0.049213 0.3608 0.3686 0.3882
v -0.119578 0.113802 0.046778 0.3608 0.3686 0.3882
v -0.109384 0.117449 0.044228 0.3608 0.3686 0.3882
v -0.119979 0.117574 0.042984 0.3608 0.3686 0.3882
v -0.109379 0.117403 0.038204 0.3608 0.3686 0.3882
v -0.120236 0.119996 0.038204 0.3608 0.3686 0.3882
v -0.109330 0.088353 0.038204 0.3608 0.3686 0.3882
v -0.109587 0.090775 0.042984 0.3608 0.3686 0.3882
v -0.109988 0.094548 0.046778 0.3608 0.3686 0.3882
v -0.110493 0.099302 0.049213 0.3608 0.3686 0.3882
v -0.111053 0.104571 0.050053 0.3608 0.3686 0.3882
v -0.111613 0.109841 0.049213 0.3608 0.3686 0.3882
v -0.112118 0.114594 0.046778 0.3608 0.3686 0.3882
v -0.110681 0.118562 0.042984 0.3608 0.3686 0.3882
v -0.112433 0.120825 0.038204 0.3608 0.3686 0.3882
v -0.112387 0.117130 0.044228 0.3608 0.3686 0.3882
v -0.126426 0.122227 0.036955 0.3608 0.3686 0.3882
v -0.126306 0.121100 0.040869 0.3608 0.3686 0.3882
v -0.126107 0.119222 0.044483 0.3608 0.3686 0.3882
v -0.125835 0.116666 0.047639 0.3608 0.3686 0.3882
v -0.125504 0.113550 0.050205 0.3608 0.3686 0.3882
v -0.125124 0.109978 0.052104 0.3608 0.3686 0.3882
v -0.124712 0.106094 0.053250 0.3608 0.3686 0.3882
v -0.117935 0.105788 0.049633 0.3608 0.3686 0.3882
v -0.121808 0.106188 0.053344 0.3608 0.3686 0.3882
v -0.118478 0.106065 0.051519 0.3608 0.3686 0.3882
v -0.119895 0.106211 0.052877 0.3608 0.3686 0.3882
v -0.119341 0.119018 0.036227 0.3608 0.3686 0.3882
v -0.123534 0.122434 0.036972 0.3608 0.3686 0.3882
v -0.120048 0.120841 0.036605 0.3608 0.3686 0.3882
v -0.121583 0.122091 0.036877 0.3608 0.3686 0.3882
v -0.118260 0.108845 0.048700 0.3608 0.3686 0.3882
v -0.122221 0.110082 0.052174 0.3608 0.3686 0.3882
v -0.118847 0.109544 0.050460 0.3608 0.3686 0.3882
v -0.120297 0.109997 0.051731 0.3608 0.3686 0.3882
v -0.118572 0.111785 0.047120 0.3608 0.3686 0.3882
v -0.122602 0.113667 0.050257 0.3608 0.3686 0.3882
v -0.119195 0.112811 0.048706 0.3608 0.3686 0.3882
v -0.120670 0.113500 0.049854 0.3608 0.3686 0.3882
v -0.118846 0.114361 0.044994 0.3608 0.3686 0.3882
v -0.122935 0.116803 0.047671 0.3608 0.3686 0.3882
v -0.119498 0.115673 0.046344 0.3608 0.3686 0.3882
v -0.120995 0.116567 0.047323 0.3608 0.3686 0.3882
v -0.119071 0.116476 0.042403 0.3608 0.3686 0.3882
v -0.123208 0.119375 0.044508 0.3608 0.3686 0.3882
v -0.119748 0.118022 0.043464 0.3608 0.3686 0.3882
v -0.121263 0.119084 0.044234 0.3608 0.3686 0.3882
v -0.119238 0.118047 0.039447 0.3608 0.3686 0.3882
v -0.123411 0.121277 0.040891 0.3608 0.3686 0.3882
v -0.119933 0.119767 0.040177 0.3608 0.3686 0.3882
v -0.121461 0.120949 0.040706 0.3608 0.3686 0.3882
v -0.123313 0.092927 0.053568 0.3608 0.3686 0.3882
v -0.122911 0.089141 0.049849 0.3608 0.3686 0.3882
v -0.123112 0.091034 0.053103 0.3608 0.3686 0.3882
v -0.122965 0.089648 0.051742 0.3608 0.3686 0.3882
v -0.120581 0.094642 0.053633 0.3608 0.3686 0.3882
v -0.121841 0.093084 0.053635 0.3608 0.3686 0.3882
v -0.120888 0.093602 0.053648 0.3608 0.3686 0.3882
v -0.116386 0.091208 0.050019 0.3608 0.3686 0.3882
v -0.117601 0.089705 0.050020 0.3608 0.3686 0.3882
v -0.116682 0.090205 0.050035 0.3608 0.3686 0.3882
v -0.118485 0.092938 0.053220 0.3608 0.3686 0.3882
v -0.119734 0.091393 0.053221 0.3608 0.3686 0.3882
v -0.118789 0.091907 0.053236 0.3608 0.3686 0.3882
v -0.116949 0.091676 0.051898 0.3608 0.3686 0.3882
v -0.118177 0.090156 0.051899 0.3608 0.3686 0.3882
v -0.117248 0.090662 0.051913 0.3608 0.3686 0.3882
v -0.054419 0.097138 0.050252 0.3608 0.3686 0.3882
v -0.054419 0.097138 0.051175 0.3608 0.3686 0.3882
v -0.053983 0.095738 0.050252 0.3608 0.3686 0.3882
v -0.053983 0.095738 0.051175 0.3608 0.3686 0.3882
v -0.053045 0.094612 0.050252 0.3608 0.3686 0.3882
v -0.053045 0.094612 0.051175 0.3608 0.3686 0.3882
v -0.051746 0.093931 0.050252 0.3608 0.3686 0.3882
v -0.051746 0.093931 0.051175 0.3608 0.3686 0.3882
v -0.050287 0.093799 0.050252 0.3608 0.3686 0.3882
v -0.050287 0.093799 0.051175 0.3608 0.3686 0.3882
v -0.048887 0.094235 0.050252 0.3608 0.3686 0.3882
v -0.048887 0.094235 0.051175 0.3608 0.3686 0.3882
v -0.047761 0.095174 0.050252 0.3608 0.3686 0.3882
v -0.047761 0.095174 0.051175 0.3608 0.3686 0.3882
v -0.047080 0.096472 0.050252 0.3608 0.3686 0.3882
v -0.047080 0.096472 0.051175 0.3608 0.3686 0.3882
v -0.046948 0.097931 0.050252 0.3608 0.3686 0.3882
v -0.046948 0.097931 0.051175 0.3608 0.3686 0.3882
v -0.047384 0.099331 0.050252 0.3608 0.3686 0.3882
v -0.047384 0.099331 0.051175 0.3608 0.3686 0.3882
v -0.048322 0.100457 0.050252 0.3608 0.3686 0.3882
v -0.048322 0.100457 0.051175 0.3608 0.3686 0.3882
v -0.049620 0.101138 0.050252 0.3608 0.3686 0.3882
v -0.049620 0.101138 0.051175 0.3608 0.3686 0.3882
v -0.051080 0.101271 0.050252 0.3608 0.3686 0.3882
v -0.051080 0.101271 0.051175 0.3608 0.3686 0.3882
v -0.052480 0.100834 0.050252 0.3608 0.3686 0.3882
v -0.052480 0.100834 0.051175 0.3608 0.3686 0.3882
v -0.053606 0.099896 0.050252 0.3608 0.3686 0.3882
v -0.053606 0.099896 0.051175 0.3608 0.3686 0.3882
v -0.054287 0.098597 0.050252 0.3608 0.3686 0.3882
v -0.054287 0.098597 0.051175 0.3608 0.3686 0.3882
v -0.097692 0.131428 0.023173 0.3608 0.3686 0.3882
v -0.096939 0.132863 0.027470 0.3608 0.3686 0.3882
v -0.096939 0.132863 0.023173 0.3608 0.3686 0.3882
v -0.095694 0.133900 0.027470 0.3608 0.3686 0.3882
v -0.095694 0.133900 0.023173 0.3608 0.3686 0.3882
v -0.094147 0.134382 0.027470 0.3608 0.3686 0.3882
v -0.094147 0.134382 0.023173 0.3608 0.3686 0.3882
v -0.092534 0.134236 0.027470 0.3608 0.3686 0.3882
v -0.092534 0.134236 0.023173 0.3608 0.3686 0.3882
v -0.091099 0.133483 0.027470 0.3608 0.3686 0.3882
v -0.091099 0.133483 0.023173 0.3608 0.3686 0.3882
v -0.090061 0.132238 0.027470 0.3608 0.3686 0.3882
v -0.042906 0.109084 0.019023 0.3608 0.3686 0.3882
v -0.109597 0.090555 0.019023 0.3608 0.3686 0.3882
v -0.043831 0.117787 0.019023 0.3608 0.3686 0.3882
v -0.039909 0.118204 0.019023 0.3608 0.3686 0.3882
v -0.040552 0.124257 0.019023 0.3608 0.3686 0.3882
v -0.062378 0.123630 0.019023 0.3608 0.3686 0.3882
v -0.068160 0.124421 0.019023 0.3608 0.3686 0.3882
v -0.065255 0.124167 0.019023 0.3608 0.3686 0.3882
v -0.052707 0.122966 0.019023 0.3608 0.3686 0.3882
v -0.058393 0.122853 0.019023 0.3608 0.3686 0.3882
v -0.055553 0.122663 0.019023 0.3608 0.3686 0.3882
v -0.091165 0.121977 0.019023 0.3608 0.3686 0.3882
v -0.093247 0.122751 0.019023 0.3608 0.3686 0.3882
v -0.101916 0.129021 0.019023 0.3608 0.3686 0.3882
v -0.096496 0.124458 0.019023 0.3608 0.3686 0.3882
v -0.099766 0.127038 0.019023 0.3608 0.3686 0.3882
v -0.107914 0.130342 0.019023 0.3608 0.3686 0.3882
v -0.113156 0.124053 0.019023 0.3608 0.3686 0.3882
v -0.109708 0.130040 0.019023 0.3608 0.3686 0.3882
v -0.111249 0.129037 0.019023 0.3608 0.3686 0.3882
v -0.112405 0.127607 0.019023 0.3608 0.3686 0.3882
v -0.113061 0.125889 0.019023 0.3608 0.3686 0.3882
v -0.102999 0.130031 0.019023 0.3608 0.3686 0.3882
v -0.103770 0.130782 0.019023 0.3608 0.3686 0.3882
v -0.040877 0.127319 0.023173 0.3608 0.3686 0.3882
v -0.041024 0.128697 0.023173 0.3608 0.3686 0.3882
v -0.041217 0.129060 0.023173 0.3608 0.3686 0.3882
v -0.041624 0.129357 0.023173 0.3608 0.3686 0.3882
v -0.042044 0.129459 0.023173 0.3608 0.3686 0.3882
v -0.051046 0.128502 0.023173 0.3608 0.3686 0.3882
v -0.051967 0.128025 0.023173 0.3608 0.3686 0.3882
v -0.053424 0.127230 0.023173 0.3608 0.3686 0.3882
v -0.055339 0.126956 0.023173 0.3608 0.3686 0.3882
v -0.075231 0.127956 0.023173 0.3608 0.3686 0.3882
v -0.077451 0.128416 0.023173 0.3608 0.3686 0.3882
v -0.079017 0.129274 0.023173 0.3608 0.3686 0.3882
v -0.080163 0.130422 0.023173 0.3608 0.3686 0.3882
v -0.081182 0.131912 0.023173 0.3608 0.3686 0.3882
v -0.062526 0.125019 0.023173 0.3608 0.3686 0.3882
v -0.065314 0.124723 0.023173 0.3608 0.3686 0.3882
v -0.068160 0.124421 0.023173 0.3608 0.3686 0.3882
v -0.053032 0.126028 0.023173 0.3608 0.3686 0.3882
v -0.055878 0.125725 0.023173 0.3608 0.3686 0.3882
v -0.058667 0.125429 0.023173 0.3608 0.3686 0.3882
v -0.091165 0.121977 0.023173 0.3608 0.3686 0.3882
v -0.093247 0.122751 0.023173 0.3608 0.3686 0.3882
v -0.096496 0.124458 0.023173 0.3608 0.3686 0.3882
v -0.099766 0.127038 0.023173 0.3608 0.3686 0.3882
v -0.102999 0.130031 0.023173 0.3608 0.3686 0.3882
v -0.103770 0.130782 0.023173 0.3608 0.3686 0.3882
v -0.101916 0.129021 0.023173 0.3608 0.3686 0.3882
v -0.103770 0.130782 0.027470 0.3608 0.3686 0.3882
v -0.081510 0.132651 0.023173 0.3608 0.3686 0.3882
v -0.082349 0.133058 0.023173 0.3608 0.3686 0.3882
v -0.102848 0.122105 0.027470 0.3608 0.3686 0.3882
v -0.081857 0.132944 0.023173 0.3608 0.3686 0.3882
v -0.086865 0.123217 0.027470 0.3608 0.3686 0.3882
v -0.097692 0.131428 0.027470 0.3608 0.3686 0.3882
v -0.090061 0.132238 0.023173 0.3608 0.3686 0.3882
v -0.041624 0.129357 0.025321 0.3608 0.3686 0.3882
v -0.041217 0.129060 0.025321 0.3608 0.3686 0.3882
v -0.041024 0.128697 0.025321 0.3608 0.3686 0.3882
v -0.040898 0.127515 0.025321 0.3608 0.3686 0.3882
v -0.042044 0.129459 0.025321 0.3608 0.3686 0.3882
v -0.051046 0.128502 0.025321 0.3608 0.3686 0.3882
v -0.051967 0.128025 0.025321 0.3608 0.3686 0.3882
v -0.053424 0.127230 0.025321 0.3608 0.3686 0.3882
v -0.055339 0.126956 0.025321 0.3608 0.3686 0.3882
v -0.075231 0.127956 0.025321 0.3608 0.3686 0.3882
v -0.077451 0.128416 0.025321 0.3608 0.3686 0.3882
v -0.079017 0.129274 0.025321 0.3608 0.3686 0.3882
v -0.080163 0.130422 0.025321 0.3608 0.3686 0.3882
v -0.081182 0.131912 0.025321 0.3608 0.3686 0.3882
v -0.081510 0.132651 0.025321 0.3608 0.3686 0.3882
v -0.082349 0.133058 0.025321 0.3608 0.3686 0.3882
v -0.081857 0.132944 0.025321 0.3608 0.3686 0.3882
v -0.087849 0.132473 0.027470 0.3608 0.3686 0.3882
v -0.087849 0.132473 0.025321 0.3608 0.3686 0.3882
v -0.086865 0.123217 0.025321 0.3608 0.3686 0.3882
v -0.095495 0.129668 0.027470 0.3608 0.3686 0.3882
v -0.095495 0.129668 0.023173 0.3608 0.3686 0.3882
v -0.095348 0.130601 0.023173 0.3608 0.3686 0.3882
v -0.095348 0.130601 0.027470 0.3608 0.3686 0.3882
v -0.093873 0.131676 0.023173 0.3608 0.3686 0.3882
v -0.093873 0.131676 0.027470 0.3608 0.3686 0.3882
v -0.092940 0.131529 0.023173 0.3608 0.3686 0.3882
v -0.092940 0.131529 0.027470 0.3608 0.3686 0.3882
v -0.094755 0.131336 0.023173 0.3608 0.3686 0.3882
v -0.094755 0.131336 0.027470 0.3608 0.3686 0.3882
v -0.092205 0.130935 0.023173 0.3608 0.3686 0.3882
v -0.092205 0.130935 0.027470 0.3608 0.3686 0.3882
v -0.091866 0.130054 0.027470 0.3608 0.3686 0.3882
v -0.091866 0.130054 0.023173 0.3608 0.3686 0.3882
v -0.096017 0.126265 0.027470 0.3608 0.3686 0.3882
v -0.096017 0.126265 0.023173 0.3608 0.3686 0.3882
v -0.095703 0.125258 0.027470 0.3608 0.3686 0.3882
v -0.095703 0.125258 0.023173 0.3608 0.3686 0.3882
v -0.095921 0.127315 0.027470 0.3608 0.3686 0.3882
v -0.095921 0.127315 0.023173 0.3608 0.3686 0.3882
v -0.095027 0.124448 0.027470 0.3608 0.3686 0.3882
v -0.095027 0.124448 0.023173 0.3608 0.3686 0.3882
v -0.090641 0.126836 0.027470 0.3608 0.3686 0.3882
v -0.090641 0.126836 0.023173 0.3608 0.3686 0.3882
v -0.090955 0.127843 0.027470 0.3608 0.3686 0.3882
v -0.090955 0.127843 0.023173 0.3608 0.3686 0.3882
v -0.093043 0.123863 0.027470 0.3608 0.3686 0.3882
v -0.093043 0.123863 0.023173 0.3608 0.3686 0.3882
v -0.090736 0.125786 0.027470 0.3608 0.3686 0.3882
v -0.090736 0.125786 0.023173 0.3608 0.3686 0.3882
v -0.094093 0.123958 0.027470 0.3608 0.3686 0.3882
v -0.094093 0.123958 0.023173 0.3608 0.3686 0.3882
v -0.091226 0.124852 0.027470 0.3608 0.3686 0.3882
v -0.091226 0.124852 0.023173 0.3608 0.3686 0.3882
v -0.092036 0.124177 0.027470 0.3608 0.3686 0.3882
v -0.092036 0.124177 0.023173 0.3608 0.3686 0.3882
v -0.095443 0.128523 0.027470 0.3608 0.3686 0.3882
v -0.095558 0.128007 0.027470 0.3608 0.3686 0.3882
v -0.095558 0.128007 0.023173 0.3608 0.3686 0.3882
v -0.095443 0.128523 0.023173 0.3608 0.3686 0.3882
v -0.091455 0.128443 0.027470 0.3608 0.3686 0.3882
v -0.091675 0.128923 0.027470 0.3608 0.3686 0.3882
v -0.091675 0.128923 0.023173 0.3608 0.3686 0.3882
v -0.091455 0.128443 0.023173 0.3608 0.3686 0.3882
v -0.053032 0.126028 0.022024 0.3608 0.3686 0.3882
v -0.062510 0.124873 0.021708 0.3608 0.3686 0.3882
v -0.058667 0.125429 0.022024 0.3608 0.3686 0.3882
v -0.065305 0.124631 0.020965 0.3608 0.3686 0.3882
v -0.055878 0.125725 0.022024 0.3608 0.3686 0.3882
v -0.040877 0.127319 0.022024 0.3608 0.3686 0.3882
v -0.113156 0.124053 0.021476 0.3608 0.3686 0.3882
v -0.113061 0.125889 0.021476 0.3608 0.3686 0.3882
v -0.112405 0.127607 0.021476 0.3608 0.3686 0.3882
v -0.111249 0.129037 0.021476 0.3608 0.3686 0.3882
v -0.109708 0.130040 0.021476 0.3608 0.3686 0.3882
v -0.110127 0.095546 0.021476 0.3608 0.3686 0.3882
v -0.107914 0.130342 0.021476 0.3608 0.3686 0.3882
v -0.107756 0.128852 0.021476 0.3608 0.3686 0.3882
v -0.101332 0.096481 0.021476 0.3608 0.3686 0.3882
v -0.104805 0.129166 0.021476 0.3608 0.3686 0.3882
v -0.062955 0.100687 0.019023 0.3608 0.3686 0.3882
v -0.062411 0.095568 0.019023 0.3608 0.3686 0.3882
v 0.007860 0.071413 0.054202 0.3608 0.3686 0.3882
v 0.008150 0.070284 0.054202 0.3608 0.3686 0.3882
v 0.008851 0.069352 0.054202 0.3608 0.3686 0.3882
v 0.009854 0.068758 0.054202 0.3608 0.3686 0.3882
v 0.011008 0.068595 0.054202 0.3608 0.3686 0.3882
v 0.012137 0.068885 0.054202 0.3608 0.3686 0.3882
v 0.013070 0.069585 0.054202 0.3608 0.3686 0.3882
v 0.013663 0.070589 0.054202 0.3608 0.3686 0.3882
v 0.013827 0.071743 0.054202 0.3608 0.3686 0.3882
v 0.013536 0.072872 0.054202 0.3608 0.3686 0.3882
v 0.012836 0.073804 0.054202 0.3608 0.3686 0.3882
v 0.011832 0.074397 0.054202 0.3608 0.3686 0.3882
v 0.010678 0.074561 0.054202 0.3608 0.3686 0.3882
v 0.009549 0.074271 0.054202 0.3608 0.3686 0.3882
v 0.008617 0.073571 0.054202 0.3608 0.3686 0.3882
v 0.008024 0.072567 0.054202 0.3608 0.3686 0.3882
v 0.009088 0.071481 0.055196 0.3608 0.3686 0.3882
v 0.008317 0.071438 0.054789 0.3608 0.3686 0.3882
v 0.009259 0.070816 0.055196 0.3608 0.3686 0.3882
v 0.008563 0.070482 0.054789 0.3608 0.3686 0.3882
v 0.009671 0.070268 0.055196 0.3608 0.3686 0.3882
v 0.009156 0.069693 0.054789 0.3608 0.3686 0.3882
v 0.010261 0.069919 0.055196 0.3608 0.3686 0.3882
v 0.010006 0.069191 0.054789 0.3608 0.3686 0.3882
v 0.010940 0.069822 0.055196 0.3608 0.3686 0.3882
v 0.010983 0.069052 0.054789 0.3608 0.3686 0.3882
v 0.011605 0.069993 0.055196 0.3608 0.3686 0.3882
v 0.011939 0.069298 0.054789 0.3608 0.3686 0.3882
v 0.012153 0.070405 0.055196 0.3608 0.3686 0.3882
v 0.012728 0.069891 0.054789 0.3608 0.3686 0.3882
v 0.012502 0.070996 0.055196 0.3608 0.3686 0.3882
v 0.013231 0.070740 0.054789 0.3608 0.3686 0.3882
v 0.012599 0.071675 0.055196 0.3608 0.3686 0.3882
v 0.013369 0.071718 0.054789 0.3608 0.3686 0.3882
v 0.012428 0.072339 0.055196 0.3608 0.3686 0.3882
v 0.013124 0.072674 0.054789 0.3608 0.3686 0.3882
v 0.012016 0.072888 0.055196 0.3608 0.3686 0.3882
v 0.012530 0.073463 0.054789 0.3608 0.3686 0.3882
v 0.011425 0.073237 0.055196 0.3608 0.3686 0.3882
v 0.011681 0.073965 0.054789 0.3608 0.3686 0.3882
v 0.010746 0.073333 0.055196 0.3608 0.3686 0.3882
v 0.010703 0.074104 0.054789 0.3608 0.3686 0.3882
v 0.010082 0.073162 0.055196 0.3608 0.3686 0.3882
v 0.009748 0.073858 0.054789 0.3608 0.3686 0.3882
v 0.009533 0.072750 0.055196 0.3608 0.3686 0.3882
v 0.008958 0.073265 0.054789 0.3608 0.3686 0.3882
v 0.009184 0.072160 0.055196 0.3608 0.3686 0.3882
v 0.008456 0.072415 0.054789 0.3608 0.3686 0.3882
v 0.012080 0.071617 0.055398 0.3608 0.3686 0.3882
v 0.011574 0.070924 0.055453 0.3608 0.3686 0.3882
v 0.010941 0.070344 0.055398 0.3608 0.3686 0.3882
v 0.011460 0.072267 0.055462 0.3608 0.3686 0.3882
v 0.010843 0.071578 0.055526 0.3608 0.3686 0.3882
v 0.010227 0.070889 0.055462 0.3608 0.3686 0.3882
v 0.010746 0.072811 0.055398 0.3608 0.3686 0.3882
v 0.010113 0.072232 0.055453 0.3608 0.3686 0.3882
v 0.009607 0.071539 0.055398 0.3608 0.3686 0.3882
v 0.213645 0.108053 0.054202 0.5882 0.3725 0.1765
v 0.213935 0.106924 0.054202 0.5882 0.3725 0.1765
v 0.214635 0.105992 0.054202 0.5882 0.3725 0.1765
v 0.215639 0.105399 0.054202 0.5882 0.3725 0.1765
v 0.216793 0.105235 0.054202 0.5882 0.3725 0.1765
v 0.217922 0.105525 0.054202 0.5882 0.3725 0.1765
v 0.218854 0.106225 0.054202 0.5882 0.3725 0.1765
v 0.219447 0.107229 0.054202 0.5882 0.3725 0.1765
v 0.219611 0.108383 0.054202 0.5882 0.3725 0.1765
v 0.219321 0.109512 0.054202 0.5882 0.3725 0.1765
v 0.218621 0.110444 0.054202 0.5882 0.3725 0.1765
v 0.217617 0.111038 0.054202 0.5882 0.3725 0.1765
v 0.216463 0.111201 0.054202 0.5882 0.3725 0.1765
v 0.215334 0.110911 0.054202 0.5882 0.3725 0.1765
v 0.214402 0.110211 0.054202 0.5882 0.3725 0.1765
v 0.213809 0.109207 0.054202 0.5882 0.3725 0.1765
v 0.214873 0.108121 0.055196 0.5882 0.3725 0.1765
v 0.214102 0.108078 0.054789 0.5882 0.3725 0.1765
v 0.215043 0.107457 0.055196 0.5882 0.3725 0.1765
v 0.214348 0.107122 0.054789 0.5882 0.3725 0.1765
v 0.215455 0.106908 0.055196 0.5882 0.3725 0.1765
v 0.214941 0.106333 0.054789 0.5882 0.3725 0.1765
v 0.216046 0.106559 0.055196 0.5882 0.3725 0.1765
v 0.215791 0.105831 0.054789 0.5882 0.3725 0.1765
v 0.216725 0.106463 0.055196 0.5882 0.3725 0.1765
v 0.216768 0.105692 0.054789 0.5882 0.3725 0.1765
v 0.217389 0.106634 0.055196 0.5882 0.3725 0.1765
v 0.217724 0.105938 0.054789 0.5882 0.3725 0.1765
v 0.217938 0.107046 0.055196 0.5882 0.3725 0.1765
v 0.218513 0.106531 0.054789 0.5882 0.3725 0.1765
v 0.218287 0.107636 0.055196 0.5882 0.3725 0.1765
v 0.219015 0.107381 0.054789 0.5882 0.3725 0.1765
v 0.218383 0.108315 0.055196 0.5882 0.3725 0.1765
v 0.219154 0.108358 0.054789 0.5882 0.3725 0.1765
v 0.218213 0.108980 0.055196 0.5882 0.3725 0.1765
v 0.218908 0.109314 0.054789 0.5882 0.3725 0.1765
v 0.217800 0.109528 0.055196 0.5882 0.3725 0.1765
v 0.218315 0.110103 0.054789 0.5882 0.3725 0.1765
v 0.217210 0.109877 0.055196 0.5882 0.3725 0.1765
v 0.217465 0.110605 0.054789 0.5882 0.3725 0.1765
v 0.216531 0.109974 0.055196 0.5882 0.3725 0.1765
v 0.216488 0.110744 0.054789 0.5882 0.3725 0.1765
v 0.215866 0.109803 0.055196 0.5882 0.3725 0.1765
v 0.215532 0.110498 0.054789 0.5882 0.3725 0.1765
v 0.215318 0.109391 0.055196 0.5882 0.3725 0.1765
v 0.214743 0.109905 0.054789 0.5882 0.3725 0.1765
v 0.214969 0.108800 0.055196 0.5882 0.3725 0.1765
v 0.214241 0.109056 0.054789 0.5882 0.3725 0.1765
v 0.217865 0.108257 0.055398 0.5882 0.3725 0.1765
v 0.217358 0.107564 0.055453 0.5882 0.3725 0.1765
v 0.216726 0.106985 0.055398 0.5882 0.3725 0.1765
v 0.217245 0.108907 0.055462 0.5882 0.3725 0.1765
v 0.216628 0.108218 0.055526 0.5882 0.3725 0.1765
v 0.216011 0.107529 0.055462 0.5882 0.3725 0.1765
v 0.216530 0.109452 0.055398 0.5882 0.3725 0.1765
v 0.215897 0.108872 0.055453 0.5882 0.3725 0.1765
v 0.215391 0.108179 0.055398 0.5882 0.3725 0.1765
v 0.191570 0.094602 0.054202 0.5882 0.3725 0.1765
v 0.191860 0.093473 0.054202 0.5882 0.3725 0.1765
v 0.192560 0.092541 0.054202 0.5882 0.3725 0.1765
v 0.193564 0.091948 0.054202 0.5882 0.3725 0.1765
v 0.194718 0.091784 0.054202 0.5882 0.3725 0.1765
v 0.195847 0.092075 0.054202 0.5882 0.3725 0.1765
v 0.196779 0.092775 0.054202 0.5882 0.3725 0.1765
v 0.197372 0.093778 0.054202 0.5882 0.3725 0.1765
v 0.197536 0.094933 0.054202 0.5882 0.3725 0.1765
v 0.197246 0.096062 0.054202 0.5882 0.3725 0.1765
v 0.196546 0.096994 0.054202 0.5882 0.3725 0.1765
v 0.195542 0.097587 0.054202 0.5882 0.3725 0.1765
v 0.194388 0.097751 0.054202 0.5882 0.3725 0.1765
v 0.193259 0.097461 0.054202 0.5882 0.3725 0.1765
v 0.192327 0.096760 0.054202 0.5882 0.3725 0.1765
v 0.191734 0.095757 0.054202 0.5882 0.3725 0.1765
v 0.192798 0.094670 0.055196 0.5882 0.3725 0.1765
v 0.192027 0.094628 0.054789 0.5882 0.3725 0.1765
v 0.192968 0.094006 0.055196 0.5882 0.3725 0.1765
v 0.192273 0.093672 0.054789 0.5882 0.3725 0.1765
v 0.193380 0.093458 0.055196 0.5882 0.3725 0.1765
v 0.192866 0.092883 0.054789 0.5882 0.3725 0.1765
v 0.193971 0.093109 0.055196 0.5882 0.3725 0.1765
v 0.193716 0.092380 0.054789 0.5882 0.3725 0.1765
v 0.194650 0.093012 0.055196 0.5882 0.3725 0.1765
v 0.194693 0.092242 0.054789 0.5882 0.3725 0.1765
v 0.195314 0.093183 0.055196 0.5882 0.3725 0.1765
v 0.195649 0.092487 0.054789 0.5882 0.3725 0.1765
v 0.195863 0.093595 0.055196 0.5882 0.3725 0.1765
v 0.196438 0.093080 0.054789 0.5882 0.3725 0.1765
v 0.196212 0.094186 0.055196 0.5882 0.3725 0.1765
v 0.196940 0.093930 0.054789 0.5882 0.3725 0.1765
v 0.196308 0.094865 0.055196 0.5882 0.3725 0.1765
v 0.197079 0.094908 0.054789 0.5882 0.3725 0.1765
v 0.196138 0.095529 0.055196 0.5882 0.3725 0.1765
v 0.196833 0.095863 0.054789 0.5882 0.3725 0.1765
v 0.195726 0.096077 0.055196 0.5882 0.3725 0.1765
v 0.196240 0.096653 0.054789 0.5882 0.3725 0.1765
v 0.195135 0.096427 0.055196 0.5882 0.3725 0.1765
v 0.195390 0.097155 0.054789 0.5882 0.3725 0.1765
v 0.194456 0.096523 0.055196 0.5882 0.3725 0.1765
v 0.194413 0.097293 0.054789 0.5882 0.3725 0.1765
v 0.193791 0.096352 0.055196 0.5882 0.3725 0.1765
v 0.193457 0.097048 0.054789 0.5882 0.3725 0.1765
v 0.193243 0.095940 0.055196 0.5882 0.3725 0.1765
v 0.192668 0.096455 0.054789 0.5882 0.3725 0.1765
v 0.192894 0.095350 0.055196 0.5882 0.3725 0.1765
v 0.192166 0.095605 0.054789 0.5882 0.3725 0.1765
v 0.195790 0.094807 0.055398 0.5882 0.3725 0.1765
v 0.195284 0.094114 0.055453 0.5882 0.3725 0.1765
v 0.194651 0.093534 0.055398 0.5882 0.3725 0.1765
v 0.195169 0.095456 0.055462 0.5882 0.3725 0.1765
v 0.194553 0.094768 0.055526 0.5882 0.3725 0.1765
v 0.193937 0.094079 0.055462 0.5882 0.3725 0.1765
v 0.194455 0.096001 0.055398 0.5882 0.3725 0.1765
v 0.193822 0.095422 0.055453 0.5882 0.3725 0.1765
v 0.193316 0.094729 0.055398 0.5882 0.3725 0.1765
v -0.054493 0.080181 0.054202 0.3608 0.3686 0.3882
v -0.054203 0.079051 0.054202 0.3608 0.3686 0.3882
v -0.053503 0.078119 0.054202 0.3608 0.3686 0.3882
v -0.052499 0.077526 0.054202 0.3608 0.3686 0.3882
v -0.051345 0.077363 0.054202 0.3608 0.3686 0.3882
v -0.050216 0.077653 0.054202 0.3608 0.3686 0.3882
v -0.049284 0.078353 0.054202 0.3608 0.3686 0.3882
v -0.048691 0.079357 0.054202 0.3608 0.3686 0.3882
v -0.048527 0.080511 0.054202 0.3608 0.3686 0.3882
v -0.048817 0.081640 0.054202 0.3608 0.3686 0.3882
v -0.049517 0.082572 0.054202 0.3608 0.3686 0.3882
v -0.050521 0.083165 0.054202 0.3608 0.3686 0.3882
v -0.051675 0.083329 0.054202 0.3608 0.3686 0.3882
v -0.052804 0.083039 0.054202 0.3608 0.3686 0.3882
v -0.053736 0.082338 0.054202 0.3608 0.3686 0.3882
v -0.054329 0.081335 0.054202 0.3608 0.3686 0.3882
v -0.053265 0.080248 0.055196 0.3608 0.3686 0.3882
v -0.054036 0.080206 0.054789 0.3608 0.3686 0.3882
v -0.053095 0.079584 0.055196 0.3608 0.3686 0.3882
v -0.053790 0.079250 0.054789 0.3608 0.3686 0.3882
v -0.052683 0.079036 0.055196 0.3608 0.3686 0.3882
v -0.053197 0.078461 0.054789 0.3608 0.3686 0.3882
v -0.052092 0.078687 0.055196 0.3608 0.3686 0.3882
v -0.052348 0.077959 0.054789 0.3608 0.3686 0.3882
v -0.051413 0.078590 0.055196 0.3608 0.3686 0.3882
v -0.051370 0.077820 0.054789 0.3608 0.3686 0.3882
v -0.050749 0.078761 0.055196 0.3608 0.3686 0.3882
v -0.050414 0.078066 0.054789 0.3608 0.3686 0.3882
v -0.050200 0.079173 0.055196 0.3608 0.3686 0.3882
v -0.049625 0.078658 0.054789 0.3608 0.3686 0.3882
v -0.049851 0.079764 0.055196 0.3608 0.3686 0.3882
v -0.049123 0.079508 0.054789 0.3608 0.3686 0.3882
v -0.049755 0.080443 0.055196 0.3608 0.3686 0.3882
v -0.048984 0.080486 0.054789 0.3608 0.3686 0.3882
v -0.049925 0.081107 0.055196 0.3608 0.3686 0.3882
v -0.049230 0.081441 0.054789 0.3608 0.3686 0.3882
v -0.050338 0.081656 0.055196 0.3608 0.3686 0.3882
v -0.049823 0.082231 0.054789 0.3608 0.3686 0.3882
v -0.050928 0.082005 0.055196 0.3608 0.3686 0.3882
v -0.050672 0.082733 0.054789 0.3608 0.3686 0.3882
v -0.051607 0.082101 0.055196 0.3608 0.3686 0.3882
v -0.051650 0.082872 0.054789 0.3608 0.3686 0.3882
v -0.052271 0.081930 0.055196 0.3608 0.3686 0.3882
v -0.052606 0.082626 0.054789 0.3608 0.3686 0.3882
v -0.052820 0.081518 0.055196 0.3608 0.3686 0.3882
v -0.053395 0.082033 0.054789 0.3608 0.3686 0.3882
v -0.053169 0.080928 0.055196 0.3608 0.3686 0.3882
v -0.053897 0.081183 0.054789 0.3608 0.3686 0.3882
v -0.050273 0.080385 0.055398 0.3608 0.3686 0.3882
v -0.050779 0.079692 0.055453 0.3608 0.3686 0.3882
v -0.051412 0.079112 0.055398 0.3608 0.3686 0.3882
v -0.050893 0.081034 0.055462 0.3608 0.3686 0.3882
v -0.051510 0.080346 0.055526 0.3608 0.3686 0.3882
v -0.052127 0.079657 0.055462 0.3608 0.3686 0.3882
v -0.051608 0.081579 0.055398 0.3608 0.3686 0.3882
v -0.052241 0.081000 0.055453 0.3608 0.3686 0.3882
v -0.052747 0.080307 0.055398 0.3608 0.3686 0.3882
v -0.035984 0.081205 0.054202 0.3608 0.3686 0.3882
v -0.035694 0.080076 0.054202 0.3608 0.3686 0.3882
v -0.034993 0.079144 0.054202 0.3608 0.3686 0.3882
v -0.033990 0.078551 0.054202 0.3608 0.3686 0.3882
v -0.032835 0.078387 0.054202 0.3608 0.3686 0.3882
v -0.031706 0.078677 0.054202 0.3608 0.3686 0.3882
v -0.030774 0.079377 0.054202 0.3608 0.3686 0.3882
v -0.030181 0.080381 0.054202 0.3608 0.3686 0.3882
v -0.030017 0.081535 0.054202 0.3608 0.3686 0.3882
v -0.030308 0.082664 0.054202 0.3608 0.3686 0.3882
v -0.031008 0.083596 0.054202 0.3608 0.3686 0.3882
v -0.032011 0.084190 0.054202 0.3608 0.3686 0.3882
v -0.033166 0.084353 0.054202 0.3608 0.3686 0.3882
v -0.034295 0.084063 0.054202 0.3608 0.3686 0.3882
v -0.035227 0.083363 0.054202 0.3608 0.3686 0.3882
v -0.035820 0.082359 0.054202 0.3608 0.3686 0.3882
v -0.034756 0.081273 0.055196 0.3608 0.3686 0.3882
v -0.035526 0.081230 0.054789 0.3608 0.3686 0.3882
v -0.034585 0.080609 0.055196 0.3608 0.3686 0.3882
v -0.035281 0.080274 0.054789 0.3608 0.3686 0.3882
v -0.034173 0.080060 0.055196 0.3608 0.3686 0.3882
v -0.034688 0.079485 0.054789 0.3608 0.3686 0.3882
v -0.033582 0.079711 0.055196 0.3608 0.3686 0.3882
v -0.033838 0.078983 0.054789 0.3608 0.3686 0.3882
v -0.032903 0.079615 0.055196 0.3608 0.3686 0.3882
v -0.032861 0.078844 0.054789 0.3608 0.3686 0.3882
v -0.032239 0.079785 0.055196 0.3608 0.3686 0.3882
v -0.031905 0.079090 0.054789 0.3608 0.3686 0.3882
v -0.031691 0.080198 0.055196 0.3608 0.3686 0.3882
v -0.031116 0.079683 0.054789 0.3608 0.3686 0.3882
v -0.031341 0.080788 0.055196 0.3608 0.3686 0.3882
v -0.030613 0.080533 0.054789 0.3608 0.3686 0.3882
v -0.031245 0.081467 0.055196 0.3608 0.3686 0.3882
v -0.030475 0.081510 0.054789 0.3608 0.3686 0.3882
v -0.031416 0.082132 0.055196 0.3608 0.3686 0.3882
v -0.030720 0.082466 0.054789 0.3608 0.3686 0.3882
v -0.031828 0.082680 0.055196 0.3608 0.3686 0.3882
v -0.031313 0.083255 0.054789 0.3608 0.3686 0.3882
v -0.032418 0.083029 0.055196 0.3608 0.3686 0.3882
v -0.032163 0.083757 0.054789 0.3608 0.3686 0.3882
v -0.033098 0.083125 0.055196 0.3608 0.3686 0.3882
v -0.033140 0.083896 0.054789 0.3608 0.3686 0.3882
v -0.033762 0.082955 0.055196 0.3608 0.3686 0.3882
v -0.034096 0.083650 0.054789 0.3608 0.3686 0.3882
v -0.034310 0.082543 0.055196 0.3608 0.3686 0.3882
v -0.034885 0.083057 0.054789 0.3608 0.3686 0.3882
v -0.034659 0.081952 0.055196 0.3608 0.3686 0.3882
v -0.035388 0.082208 0.054789 0.3608 0.3686 0.3882
v -0.031764 0.081409 0.055398 0.3608 0.3686 0.3882
v -0.032270 0.080716 0.055453 0.3608 0.3686 0.3882
v -0.032903 0.080137 0.055398 0.3608 0.3686 0.3882
v -0.032384 0.082059 0.055462 0.3608 0.3686 0.3882
v -0.033001 0.081370 0.055526 0.3608 0.3686 0.3882
v -0.033617 0.080681 0.055462 0.3608 0.3686 0.3882
v -0.033098 0.082604 0.055398 0.3608 0.3686 0.3882
v -0.033731 0.082024 0.055453 0.3608 0.3686 0.3882
v -0.034237 0.081331 0.055398 0.3608 0.3686 0.3882
v 0.084945 0.057765 0.050063 0.3608 0.3686 0.3882
v 0.085122 0.057775 0.049176 0.3608 0.3686 0.3882
v 0.085624 0.057802 0.048423 0.3608 0.3686 0.3882
v 0.086376 0.057844 0.047920 0.3608 0.3686 0.3882
v 0.087262 0.057893 0.047743 0.3608 0.3686 0.3882
v 0.088149 0.057942 0.047920 0.3608 0.3686 0.3882
v 0.088901 0.057984 0.048423 0.3608 0.3686 0.3882
v 0.089403 0.058011 0.049176 0.3608 0.3686 0.3882
v 0.089579 0.058021 0.050063 0.3608 0.3686 0.3882
v 0.089403 0.058011 0.050951 0.3608 0.3686 0.3882
v 0.088901 0.057984 0.051704 0.3608 0.3686 0.3882
v 0.088149 0.057942 0.052207 0.3608 0.3686 0.3882
v 0.087262 0.057893 0.052384 0.3608 0.3686 0.3882
v 0.086376 0.057844 0.052207 0.3608 0.3686 0.3882
v 0.085624 0.057802 0.051704 0.3608 0.3686 0.3882
v 0.085122 0.057775 0.050951 0.3608 0.3686 0.3882
v 0.085942 0.057047 0.050063 0.3608 0.3686 0.3882
v 0.085326 0.057329 0.050063 0.3608 0.3686 0.3882
v 0.086046 0.057052 0.049541 0.3608 0.3686 0.3882
v 0.085475 0.057337 0.049312 0.3608 0.3686 0.3882
v 0.086341 0.057069 0.049098 0.3608 0.3686 0.3882
v 0.085901 0.057361 0.048674 0.3608 0.3686 0.3882
v 0.086783 0.057093 0.048802 0.3608 0.3686 0.3882
v 0.086537 0.057396 0.048248 0.3608 0.3686 0.3882
v 0.087305 0.057122 0.048698 0.3608 0.3686 0.3882
v 0.087288 0.057438 0.048099 0.3608 0.3686 0.3882
v 0.087827 0.057151 0.048802 0.3608 0.3686 0.3882
v 0.088038 0.057479 0.048248 0.3608 0.3686 0.3882
v 0.088269 0.057176 0.049098 0.3608 0.3686 0.3882
v 0.088675 0.057514 0.048674 0.3608 0.3686 0.3882
v 0.088565 0.057192 0.049541 0.3608 0.3686 0.3882
v 0.089100 0.057538 0.049312 0.3608 0.3686 0.3882
v 0.088668 0.057198 0.050063 0.3608 0.3686 0.3882
v 0.089249 0.057546 0.050063 0.3608 0.3686 0.3882
v 0.088565 0.057192 0.050586 0.3608 0.3686 0.3882
v 0.089100 0.057538 0.050815 0.3608 0.3686 0.3882
v 0.088269 0.057176 0.051029 0.3608 0.3686 0.3882
v 0.088675 0.057514 0.051453 0.3608 0.3686 0.3882
v 0.087827 0.057151 0.051325 0.3608 0.3686 0.3882
v 0.088038 0.057479 0.051879 0.3608 0.3686 0.3882
v 0.087305 0.057122 0.051429 0.3608 0.3686 0.3882
v 0.087288 0.057438 0.052028 0.3608 0.3686 0.3882
v 0.086783 0.057093 0.051325 0.3608 0.3686 0.3882
v 0.086537 0.057396 0.051879 0.3608 0.3686 0.3882
v 0.086341 0.057069 0.051029 0.3608 0.3686 0.3882
v 0.085901 0.057361 0.051453 0.3608 0.3686 0.3882
v 0.086046 0.057052 0.050586 0.3608 0.3686 0.3882
v 0.085475 0.057337 0.050815 0.3608 0.3686 0.3882
v 0.088273 0.057018 0.050041 0.3608 0.3686 0.3882
v 0.087854 0.056953 0.049525 0.3608 0.3686 0.3882
v 0.087336 0.056967 0.049103 0.3608 0.3686 0.3882
v 0.087824 0.056944 0.050571 0.3608 0.3686 0.3882
v 0.087319 0.056866 0.050063 0.3608 0.3686 0.3882
v 0.086810 0.056888 0.049556 0.3608 0.3686 0.3882
v 0.087291 0.056964 0.051024 0.3608 0.3686 0.3882
v 0.086779 0.056893 0.050602 0.3608 0.3686 0.3882
v 0.086354 0.056912 0.050086 0.3608 0.3686 0.3882
v 0.076907 0.057325 0.050063 0.3608 0.3686 0.3882
v 0.077083 0.057335 0.049176 0.3608 0.3686 0.3882
v 0.077586 0.057362 0.048423 0.3608 0.3686 0.3882
v 0.078337 0.057404 0.047920 0.3608 0.3686 0.3882
v 0.079224 0.057453 0.047743 0.3608 0.3686 0.3882
v 0.080111 0.057502 0.047920 0.3608 0.3686 0.3882
v 0.080862 0.057544 0.048423 0.3608 0.3686 0.3882
v 0.081365 0.057572 0.049176 0.3608 0.3686 0.3882
v 0.081541 0.057582 0.050063 0.3608 0.3686 0.3882
v 0.081365 0.057572 0.050951 0.3608 0.3686 0.3882
v 0.080862 0.057544 0.051704 0.3608 0.3686 0.3882
v 0.080111 0.057502 0.052207 0.3608 0.3686 0.3882
v 0.079224 0.057453 0.052384 0.3608 0.3686 0.3882
v 0.078337 0.057404 0.052207 0.3608 0.3686 0.3882
v 0.077586 0.057362 0.051704 0.3608 0.3686 0.3882
v 0.077083 0.057335 0.050951 0.3608 0.3686 0.3882
v 0.077903 0.056607 0.050063 0.3608 0.3686 0.3882
v 0.077288 0.056890 0.050063 0.3608 0.3686 0.3882
v 0.078007 0.056613 0.049541 0.3608 0.3686 0.3882
v 0.077437 0.056898 0.049312 0.3608 0.3686 0.3882
v 0.078303 0.056629 0.049098 0.3608 0.3686 0.3882
v 0.077862 0.056921 0.048674 0.3608 0.3686 0.3882
v 0.078745 0.056654 0.048802 0.3608 0.3686 0.3882
v 0.078498 0.056957 0.048248 0.3608 0.3686 0.3882
v 0.079267 0.056683 0.048698 0.3608 0.3686 0.3882
v 0.079249 0.056998 0.048099 0.3608 0.3686 0.3882
v 0.079788 0.056711 0.048802 0.3608 0.3686 0.3882
v 0.080000 0.057040 0.048248 0.3608 0.3686 0.3882
v 0.080231 0.056736 0.049098 0.3608 0.3686 0.3882
v 0.080636 0.057075 0.048674 0.3608 0.3686 0.3882
v 0.080526 0.056752 0.049541 0.3608 0.3686 0.3882
v 0.081062 0.057098 0.049312 0.3608 0.3686 0.3882
v 0.080630 0.056758 0.050063 0.3608 0.3686 0.3882
v 0.081211 0.057107 0.050063 0.3608 0.3686 0.3882
v 0.080526 0.056752 0.050586 0.3608 0.3686 0.3882
v 0.081062 0.057098 0.050815 0.3608 0.3686 0.3882
v 0.080231 0.056736 0.051029 0.3608 0.3686 0.3882
v 0.080636 0.057075 0.051453 0.3608 0.3686 0.3882
v 0.079788 0.056711 0.051325 0.3608 0.3686 0.3882
v 0.080000 0.057040 0.051879 0.3608 0.3686 0.3882
v 0.079267 0.056683 0.051429 0.3608 0.3686 0.3882
v 0.079249 0.056998 0.052028 0.3608 0.3686 0.3882
v 0.078745 0.056654 0.051325 0.3608 0.3686 0.3882
v 0.078498 0.056957 0.051879 0.3608 0.3686 0.3882
v 0.078303 0.056629 0.051029 0.3608 0.3686 0.3882
v 0.077862 0.056921 0.051453 0.3608 0.3686 0.3882
v 0.078007 0.056613 0.050586 0.3608 0.3686 0.3882
v 0.077437 0.056898 0.050815 0.3608 0.3686 0.3882
v 0.080235 0.056579 0.050041 0.3608 0.3686 0.3882
v 0.079815 0.056513 0.049525 0.3608 0.3686 0.3882
v 0.079298 0.056527 0.049103 0.3608 0.3686 0.3882
v 0.079785 0.056504 0.050571 0.3608 0.3686 0.3882
v 0.079281 0.056427 0.050063 0.3608 0.3686 0.3882
v 0.078771 0.056448 0.049556 0.3608 0.3686 0.3882
v 0.079253 0.056525 0.051024 0.3608 0.3686 0.3882
v 0.078740 0.056453 0.050602 0.3608 0.3686 0.3882
v 0.078316 0.056473 0.050086 0.3608 0.3686 0.3882
v -0.360786 0.029510 0.037194 0.5882 0.3725 0.1765
v -0.319168 0.071979 0.034978 0.5882 0.3725 0.1765
v -0.319232 0.072580 0.036971 0.5882 0.3725 0.1765
v -0.319335 0.073557 0.038809 0.5882 0.3725 0.1765
v -0.319475 0.074871 0.040419 0.5882 0.3725 0.1765
v -0.352402 0.038297 0.037194 0.5882 0.3725 0.1765
v -0.367138 0.028836 0.037194 0.5882 0.3725 0.1765
v -0.319645 0.076473 0.041741 0.5882 0.3725 0.1765
v -0.368644 0.028676 0.035679 0.5882 0.3725 0.1765
v -0.351892 0.037886 0.037194 0.5882 0.3725 0.1765
v -0.319839 0.078300 0.042723 0.5882 0.3725 0.1765
v -0.367892 0.028756 0.036991 0.5882 0.3725 0.1765
v -0.352232 0.037986 0.037194 0.5882 0.3725 0.1765
v -0.368443 0.028697 0.036437 0.5882 0.3725 0.1765
v -0.320050 0.080282 0.043328 0.5882 0.3725 0.1765
v -0.320269 0.082344 0.043532 0.5882 0.3725 0.1765
v -0.365423 0.063066 0.037475 0.5882 0.3725 0.1765
v -0.320488 0.084405 0.043328 0.5882 0.3725 0.1765
v -0.368542 0.037366 0.037194 0.5882 0.3725 0.1765
v -0.347457 0.038357 0.037194 0.5882 0.3725 0.1765
v -0.320699 0.086388 0.042723 0.5882 0.3725 0.1765
v -0.367362 0.030938 0.037194 0.5882 0.3725 0.1765
v -0.361698 0.038093 0.037194 0.5882 0.3725 0.1765
v -0.346263 0.039835 0.037194 0.5882 0.3725 0.1765
v -0.361009 0.031613 0.037194 0.5882 0.3725 0.1765
v -0.346808 0.038607 0.037194 0.5882 0.3725 0.1765
v -0.320893 0.088215 0.041741 0.5882 0.3725 0.1765
v -0.368666 0.030799 0.036437 0.5882 0.3725 0.1765
v -0.369847 0.037228 0.036437 0.5882 0.3725 0.1765
v -0.346371 0.039148 0.037194 0.5882 0.3725 0.1765
v -0.369295 0.037286 0.036991 0.5882 0.3725 0.1765
v -0.321063 0.089816 0.040419 0.5882 0.3725 0.1765
v -0.368115 0.030858 0.036991 0.5882 0.3725 0.1765
v -0.321202 0.091131 0.038809 0.5882 0.3725 0.1765
v -0.321306 0.092107 0.036971 0.5882 0.3725 0.1765
v -0.361009 0.031613 0.036437 0.5882 0.3725 0.1765
v -0.321370 0.092709 0.034978 0.5882 0.3725 0.1765
v -0.361698 0.038093 0.036437 0.5882 0.3725 0.1765
v -0.363068 0.064606 0.037475 0.5882 0.3725 0.1765
v -0.360677 0.067098 0.037475 0.5882 0.3725 0.1765
v -0.359002 0.069908 0.037475 0.5882 0.3725 0.1765
v -0.352589 0.040061 0.037194 0.5882 0.3725 0.1765
v -0.357673 0.073479 0.037475 0.5882 0.3725 0.1765
v -0.347420 0.067084 0.037475 0.5882 0.3725 0.1765
v -0.352679 0.040268 0.037194 0.5882 0.3725 0.1765
v -0.348807 0.063775 0.037475 0.5882 0.3725 0.1765
v -0.348490 0.065588 0.037475 0.5882 0.3725 0.1765
v -0.350967 0.070196 0.038809 0.5882 0.3725 0.1765
v -0.353131 0.070415 0.038510 0.5882 0.3725 0.1765
v -0.355629 0.073790 0.037475 0.5882 0.3725 0.1765
v -0.351106 0.071511 0.040419 0.5882 0.3725 0.1765
v -0.354922 0.072530 0.039002 0.5882 0.3725 0.1765
v -0.353263 0.071663 0.040039 0.5882 0.3725 0.1765
v -0.355745 0.074877 0.038408 0.5882 0.3725 0.1765
v -0.351277 0.073112 0.041741 0.5882 0.3725 0.1765
v -0.355060 0.073830 0.040074 0.5882 0.3725 0.1765
v -0.353425 0.073184 0.041294 0.5882 0.3725 0.1765
v -0.355866 0.076015 0.039020 0.5882 0.3725 0.1765
v -0.351471 0.074939 0.042723 0.5882 0.3725 0.1765
v -0.355218 0.075312 0.040871 0.5882 0.3725 0.1765
v -0.353609 0.074919 0.042227 0.5882 0.3725 0.1765
v -0.355997 0.077249 0.039396 0.5882 0.3725 0.1765
v -0.351681 0.076922 0.043328 0.5882 0.3725 0.1765
v -0.355388 0.076921 0.041362 0.5882 0.3725 0.1765
v -0.353809 0.076801 0.042801 0.5882 0.3725 0.1765
v -0.356133 0.078533 0.039523 0.5882 0.3725 0.1765
v -0.351900 0.078983 0.043532 0.5882 0.3725 0.1765
v -0.355566 0.078594 0.041528 0.5882 0.3725 0.1765
v -0.354017 0.078758 0.042995 0.5882 0.3725 0.1765
v -0.356270 0.079817 0.039396 0.5882 0.3725 0.1765
v -0.352119 0.081045 0.043328 0.5882 0.3725 0.1765
v -0.355744 0.080267 0.041362 0.5882 0.3725 0.1765
v -0.354225 0.080716 0.042801 0.5882 0.3725 0.1765
v -0.356401 0.081052 0.039020 0.5882 0.3725 0.1765
v -0.352330 0.083027 0.042723 0.5882 0.3725 0.1765
v -0.355915 0.081875 0.040871 0.5882 0.3725 0.1765
v -0.354425 0.082598 0.042227 0.5882 0.3725 0.1765
v -0.356522 0.082190 0.038408 0.5882 0.3725 0.1765
v -0.352524 0.084854 0.041741 0.5882 0.3725 0.1765
v -0.356072 0.083358 0.040074 0.5882 0.3725 0.1765
v -0.354609 0.084333 0.041294 0.5882 0.3725 0.1765
v -0.356628 0.083188 0.037585 0.5882 0.3725 0.1765
v -0.352694 0.086456 0.040419 0.5882 0.3725 0.1765
v -0.356210 0.084657 0.039002 0.5882 0.3725 0.1765
v -0.354771 0.085853 0.040039 0.5882 0.3725 0.1765
v -0.356715 0.084006 0.036582 0.5882 0.3725 0.1765
v -0.352834 0.087770 0.038809 0.5882 0.3725 0.1765
v -0.356324 0.085724 0.037695 0.5882 0.3725 0.1765
v -0.354903 0.087101 0.038510 0.5882 0.3725 0.1765
v -0.356779 0.084614 0.035437 0.5882 0.3725 0.1765
v -0.352938 0.088747 0.036971 0.5882 0.3725 0.1765
v -0.356408 0.086516 0.036204 0.5882 0.3725 0.1765
v -0.355002 0.088028 0.036766 0.5882 0.3725 0.1765
v -0.356819 0.084989 0.034196 0.5882 0.3725 0.1765
v -0.353002 0.089348 0.034978 0.5882 0.3725 0.1765
v -0.356460 0.087004 0.034587 0.5882 0.3725 0.1765
v -0.355062 0.088599 0.034873 0.5882 0.3725 0.1765
v -0.370244 0.039044 0.037194 0.5882 0.3725 0.1765
v -0.346557 0.042602 0.039132 0.5882 0.3725 0.1765
v -0.370353 0.040074 0.039132 0.5882 0.3725 0.1765
v -0.346705 0.043988 0.040830 0.5882 0.3725 0.1765
v -0.370500 0.041460 0.040830 0.5882 0.3725 0.1765
v -0.346884 0.045677 0.042224 0.5882 0.3725 0.1765
v -0.370680 0.043149 0.042224 0.5882 0.3725 0.1765
v -0.347089 0.047604 0.043260 0.5882 0.3725 0.1765
v -0.370885 0.045076 0.043260 0.5882 0.3725 0.1765
v -0.347311 0.049695 0.043898 0.5882 0.3725 0.1765
v -0.371107 0.047167 0.043898 0.5882 0.3725 0.1765
v -0.347542 0.051870 0.044113 0.5882 0.3725 0.1765
v -0.371338 0.049341 0.044113 0.5882 0.3725 0.1765
v -0.347773 0.054044 0.043898 0.5882 0.3725 0.1765
v -0.371569 0.051516 0.043898 0.5882 0.3725 0.1765
v -0.347995 0.056135 0.043260 0.5882 0.3725 0.1765
v -0.371791 0.053607 0.043260 0.5882 0.3725 0.1765
v -0.348200 0.058062 0.042224 0.5882 0.3725 0.1765
v -0.371996 0.055534 0.042224 0.5882 0.3725 0.1765
v -0.348379 0.059751 0.040830 0.5882 0.3725 0.1765
v -0.372175 0.057223 0.040830 0.5882 0.3725 0.1765
v -0.348527 0.061137 0.039132 0.5882 0.3725 0.1765
v -0.372322 0.058609 0.039132 0.5882 0.3725 0.1765
v -0.348703 0.062802 0.035091 0.5882 0.3725 0.1765
v -0.343783 0.069972 0.036971 0.5882 0.3725 0.1765
v -0.350892 0.069488 0.037475 0.5882 0.3725 0.1765
v -0.343389 0.070285 0.037475 0.5882 0.3725 0.1765
v -0.344667 0.069270 0.034978 0.5882 0.3725 0.1765
v -0.353072 0.069865 0.037475 0.5882 0.3725 0.1765
v -0.354796 0.071347 0.037475 0.5882 0.3725 0.1765
v -0.356375 0.080805 0.037475 0.5882 0.3725 0.1765
v -0.372389 0.059493 0.037475 0.5882 0.3725 0.1765
v -0.348620 0.062018 0.037475 0.5882 0.3725 0.1765
v -0.356496 0.081947 0.035190 0.5882 0.3725 0.1765
v -0.356443 0.081453 0.036333 0.5882 0.3725 0.1765
v -0.356527 0.082239 0.034047 0.5882 0.3725 0.1765
v -0.352679 0.040268 0.035091 0.5882 0.3725 0.1765
v -0.346448 0.041572 0.037194 0.5882 0.3725 0.1765
v -0.353159 0.040859 0.037194 0.5882 0.3725 0.1765
v -0.361826 0.039297 0.035091 0.5882 0.3725 0.1765
v -0.370195 0.038587 0.035679 0.5882 0.3725 0.1765
v -0.369484 0.039063 0.036991 0.5882 0.3725 0.1765
v -0.370017 0.038837 0.036437 0.5882 0.3725 0.1765
v -0.368737 0.039204 0.037194 0.5882 0.3725 0.1765
v -0.361893 0.039931 0.037194 0.5882 0.3725 0.1765
v -0.369706 0.033985 0.035679 0.5882 0.3725 0.1765
v -0.369504 0.034007 0.036437 0.5882 0.3725 0.1765
v -0.369090 0.032867 0.035679 0.5882 0.3725 0.1765
v -0.368888 0.032889 0.036437 0.5882 0.3725 0.1765
v -0.372495 0.060491 0.037475 0.5882 0.3725 0.1765
v -0.253224 0.050562 0.032904 0.5882 0.3725 0.1765
v -0.253247 0.050777 0.030707 0.5882 0.3725 0.1765
v -0.253314 0.051414 0.028594 0.5882 0.3725 0.1765
v -0.253424 0.052449 0.026646 0.5882 0.3725 0.1765
v -0.253572 0.053842 0.024939 0.5882 0.3725 0.1765
v -0.253753 0.055540 0.023539 0.5882 0.3725 0.1765
v -0.253958 0.057476 0.022498 0.5882 0.3725 0.1765
v -0.254182 0.059577 0.021857 0.5882 0.3725 0.1765
v -0.254414 0.061763 0.021640 0.5882 0.3725 0.1765
v -0.254646 0.063948 0.021857 0.5882 0.3725 0.1765
v -0.254869 0.066049 0.022498 0.5882 0.3725 0.1765
v -0.255075 0.067986 0.023539 0.5882 0.3725 0.1765
v -0.255075 0.067986 0.042270 0.5882 0.3725 0.1765
v -0.254869 0.066049 0.043311 0.5882 0.3725 0.1765
v -0.254646 0.063948 0.043952 0.5882 0.3725 0.1765
v -0.254414 0.061763 0.044169 0.5882 0.3725 0.1765
v -0.254182 0.059577 0.043952 0.5882 0.3725 0.1765
v -0.253958 0.057476 0.043311 0.5882 0.3725 0.1765
v -0.253753 0.055540 0.042270 0.5882 0.3725 0.1765
v -0.253572 0.053842 0.040869 0.5882 0.3725 0.1765
v -0.253424 0.052449 0.039163 0.5882 0.3725 0.1765
v -0.253314 0.051414 0.037215 0.5882 0.3725 0.1765
v -0.253247 0.050777 0.035102 0.5882 0.3725 0.1765
v -0.255367 0.070740 0.025939 0.5882 0.3725 0.1765
v -0.255367 0.070740 0.039870 0.5882 0.3725 0.1765
v -0.255822 0.075019 0.039870 0.5882 0.3725 0.1765
v -0.255245 0.069586 0.041070 0.5882 0.3725 0.1765
v -0.255245 0.069586 0.024739 0.5882 0.3725 0.1765
v -0.233591 0.056977 0.015017 0.5882 0.3725 0.1765
v -0.231765 0.039793 0.031552 0.5882 0.3725 0.1765
v -0.233185 0.053153 0.015431 0.5882 0.3725 0.1765
v -0.232799 0.049521 0.016654 0.5882 0.3725 0.1765
v -0.232453 0.046263 0.018624 0.5882 0.3725 0.1765
v -0.232164 0.043542 0.021242 0.5882 0.3725 0.1765
v -0.231946 0.041494 0.024377 0.5882 0.3725 0.1765
v -0.231811 0.040223 0.027872 0.5882 0.3725 0.1765
v -0.235347 0.073505 0.015017 0.5882 0.3725 0.1765
v -0.235735 0.077154 0.018686 0.5882 0.3725 0.1765
v -0.235495 0.074902 0.015296 0.5882 0.3725 0.1765
v -0.235621 0.076085 0.016091 0.5882 0.3725 0.1765
v -0.235705 0.076876 0.017282 0.5882 0.3725 0.1765
v -0.241146 0.056195 0.015935 0.5882 0.3725 0.1765
v -0.240228 0.056246 0.015017 0.5882 0.3725 0.1765
v -0.239416 0.039904 0.031606 0.5882 0.3725 0.1765
v -0.238405 0.039087 0.031552 0.5882 0.3725 0.1765
v -0.240756 0.052525 0.016334 0.5882 0.3725 0.1765
v -0.239822 0.052428 0.015431 0.5882 0.3725 0.1765
v -0.240391 0.049088 0.017493 0.5882 0.3725 0.1765
v -0.239437 0.048801 0.016654 0.5882 0.3725 0.1765
v -0.240064 0.046008 0.019358 0.5882 0.3725 0.1765
v -0.239091 0.045548 0.018624 0.5882 0.3725 0.1765
v -0.239791 0.043440 0.021833 0.5882 0.3725 0.1765
v -0.238803 0.042831 0.021242 0.5882 0.3725 0.1765
v -0.239586 0.041511 0.024792 0.5882 0.3725 0.1765
v -0.238585 0.040787 0.024377 0.5882 0.3725 0.1765
v -0.239459 0.040315 0.028086 0.5882 0.3725 0.1765
v -0.238451 0.039517 0.027872 0.5882 0.3725 0.1765
v -0.243191 0.075438 0.018776 0.5882 0.3725 0.1765
v -0.242374 0.076449 0.018686 0.5882 0.3725 0.1765
v -0.242891 0.072613 0.015935 0.5882 0.3725 0.1765
v -0.241987 0.072800 0.015017 0.5882 0.3725 0.1765
v -0.243167 0.075213 0.017640 0.5882 0.3725 0.1765
v -0.242345 0.076171 0.017282 0.5882 0.3725 0.1765
v -0.243104 0.074624 0.016754 0.5882 0.3725 0.1765
v -0.242261 0.075380 0.016091 0.5882 0.3725 0.1765
v -0.243011 0.073743 0.016161 0.5882 0.3725 0.1765
v -0.242135 0.074196 0.015296 0.5882 0.3725 0.1765
v -0.233591 0.056977 0.050792 0.5882 0.3725 0.1765
v -0.231765 0.039793 0.034257 0.5882 0.3725 0.1765
v -0.233185 0.053153 0.050378 0.5882 0.3725 0.1765
v -0.232799 0.049521 0.049155 0.5882 0.3725 0.1765
v -0.232453 0.046263 0.047185 0.5882 0.3725 0.1765
v -0.232164 0.043542 0.044567 0.5882 0.3725 0.1765
v -0.231946 0.041494 0.041431 0.5882 0.3725 0.1765
v -0.231811 0.040223 0.037936 0.5882 0.3725 0.1765
v -0.235347 0.073505 0.050792 0.5882 0.3725 0.1765
v -0.235735 0.077154 0.047123 0.5882 0.3725 0.1765
v -0.235495 0.074902 0.050513 0.5882 0.3725 0.1765
v -0.235621 0.076085 0.049717 0.5882 0.3725 0.1765
v -0.235705 0.076876 0.048527 0.5882 0.3725 0.1765
v -0.241146 0.056195 0.049873 0.5882 0.3725 0.1765
v -0.240228 0.056246 0.050792 0.5882 0.3725 0.1765
v -0.239416 0.039904 0.034203 0.5882 0.3725 0.1765
v -0.238405 0.039087 0.034257 0.5882 0.3725 0.1765
v -0.240756 0.052525 0.049475 0.5882 0.3725 0.1765
v -0.239822 0.052428 0.050378 0.5882 0.3725 0.1765
v -0.240391 0.049088 0.048316 0.5882 0.3725 0.1765
v -0.239437 0.048801 0.049155 0.5882 0.3725 0.1765
v -0.240064 0.046008 0.046451 0.5882 0.3725 0.1765
v -0.239091 0.045548 0.047185 0.5882 0.3725 0.1765
v -0.239791 0.043440 0.043976 0.5882 0.3725 0.1765
v -0.238803 0.042831 0.044567 0.5882 0.3725 0.1765
v -0.239586 0.041511 0.041017 0.5882 0.3725 0.1765
v -0.238585 0.040787 0.041431 0.5882 0.3725 0.1765
v -0.239459 0.040315 0.037723 0.5882 0.3725 0.1765
v -0.238451 0.039517 0.037936 0.5882 0.3725 0.1765
v -0.243191 0.075438 0.047033 0.5882 0.3725 0.1765
v -0.242374 0.076449 0.047123 0.5882 0.3725 0.1765
v -0.242891 0.072613 0.049873 0.5882 0.3725 0.1765
v -0.241987 0.072800 0.050792 0.5882 0.3725 0.1765
v -0.243167 0.075213 0.048169 0.5882 0.3725 0.1765
v -0.242345 0.076171 0.048527 0.5882 0.3725 0.1765
v -0.243104 0.074624 0.049055 0.5882 0.3725 0.1765
v -0.242261 0.075380 0.049717 0.5882 0.3725 0.1765
v -0.243011 0.073743 0.049648 0.5882 0.3725 0.1765
v -0.242135 0.074196 0.050513 0.5882 0.3725 0.1765
v -0.242374 0.076448 0.023125 0.5882 0.3725 0.1765
v -0.235735 0.077154 0.032904 0.5882 0.3725 0.1765
v -0.244963 0.071846 0.039870 0.5882 0.3725 0.1765
v -0.242929 0.072975 0.042012 0.5882 0.3725 0.1765
v -0.243485 0.072270 0.040497 0.5882 0.3725 0.1765
v -0.245414 0.076095 0.039870 0.5882 0.3725 0.1765
v -0.243191 0.075438 0.042012 0.5882 0.3725 0.1765
v -0.244000 0.075677 0.040434 0.5882 0.3725 0.1765
v -0.243191 0.075438 0.023125 0.5882 0.3725 0.1765
v -0.255822 0.075019 0.025939 0.5882 0.3725 0.1765
v -0.238600 0.072522 0.023125 0.5882 0.3725 0.1765
v -0.242833 0.072072 0.023125 0.5882 0.3725 0.1765
v -0.244963 0.071846 0.025939 0.5882 0.3725 0.1765
v -0.243457 0.072006 0.025312 0.5882 0.3725 0.1765
v -0.244840 0.070691 0.024739 0.5882 0.3725 0.1765
v -0.243378 0.071265 0.024266 0.5882 0.3725 0.1765
v -0.242860 0.072329 0.042683 0.5882 0.3725 0.1765
v -0.244840 0.070691 0.041070 0.5882 0.3725 0.1765
v -0.243378 0.071265 0.041543 0.5882 0.3725 0.1765
v -0.244465 0.067155 0.022498 0.5882 0.3725 0.1765
v -0.242422 0.068200 0.020509 0.5882 0.3725 0.1765
v -0.242984 0.067554 0.021915 0.5882 0.3725 0.1765
v -0.242662 0.070462 0.021725 0.5882 0.3725 0.1765
v -0.244670 0.069091 0.023539 0.5882 0.3725 0.1765
v -0.243200 0.069586 0.023008 0.5882 0.3725 0.1765
v -0.244670 0.069091 0.042270 0.5882 0.3725 0.1765
v -0.242662 0.070462 0.044083 0.5882 0.3725 0.1765
v -0.243200 0.069586 0.042801 0.5882 0.3725 0.1765
v -0.244465 0.067155 0.043311 0.5882 0.3725 0.1765
v -0.242422 0.068200 0.045300 0.5882 0.3725 0.1765
v -0.242984 0.067554 0.043894 0.5882 0.3725 0.1765
v -0.244241 0.065053 0.043952 0.5882 0.3725 0.1765
v -0.242156 0.065697 0.046063 0.5882 0.3725 0.1765
v -0.242748 0.065336 0.044570 0.5882 0.3725 0.1765
v -0.242156 0.065697 0.019746 0.5882 0.3725 0.1765
v -0.244241 0.065053 0.021857 0.5882 0.3725 0.1765
v -0.242748 0.065336 0.021239 0.5882 0.3725 0.1765
v -0.241879 0.063094 0.019488 0.5882 0.3725 0.1765
v -0.244009 0.062868 0.021640 0.5882 0.3725 0.1765
v -0.242503 0.063028 0.021010 0.5882 0.3725 0.1765
v -0.244009 0.062868 0.044169 0.5882 0.3725 0.1765
v -0.241879 0.063094 0.046321 0.5882 0.3725 0.1765
v -0.242503 0.063028 0.044799 0.5882 0.3725 0.1765
v -0.241603 0.060491 0.019746 0.5882 0.3725 0.1765
v -0.243777 0.060683 0.021857 0.5882 0.3725 0.1765
v -0.242258 0.060720 0.021239 0.5882 0.3725 0.1765
v -0.241337 0.057989 0.020509 0.5882 0.3725 0.1765
v -0.243554 0.058582 0.022498 0.5882 0.3725 0.1765
v -0.242022 0.058502 0.021915 0.5882 0.3725 0.1765
v -0.243777 0.060683 0.043952 0.5882 0.3725 0.1765
v -0.241603 0.060491 0.046063 0.5882 0.3725 0.1765
v -0.242258 0.060720 0.044570 0.5882 0.3725 0.1765
v -0.241337 0.057989 0.045300 0.5882 0.3725 0.1765
v -0.243554 0.058582 0.043311 0.5882 0.3725 0.1765
v -0.242022 0.058502 0.043894 0.5882 0.3725 0.1765
v -0.243348 0.056645 0.042270 0.5882 0.3725 0.1765
v -0.241092 0.055682 0.044060 0.5882 0.3725 0.1765
v -0.241805 0.056457 0.042794 0.5882 0.3725 0.1765
v -0.241092 0.055682 0.021749 0.5882 0.3725 0.1765
v -0.243348 0.056645 0.023539 0.5882 0.3725 0.1765
v -0.241805 0.056457 0.023014 0.5882 0.3725 0.1765
v -0.240877 0.053661 0.023418 0.5882 0.3725 0.1765
v -0.243168 0.054948 0.024939 0.5882 0.3725 0.1765
v -0.241615 0.054664 0.024494 0.5882 0.3725 0.1765
v -0.240701 0.052001 0.025451 0.5882 0.3725 0.1765
v -0.243020 0.053555 0.026646 0.5882 0.3725 0.1765
v -0.241458 0.053193 0.026296 0.5882 0.3725 0.1765
v -0.242842 0.051882 0.030707 0.5882 0.3725 0.1765
v -0.240489 0.050009 0.030287 0.5882 0.3725 0.1765
v -0.241271 0.051427 0.030584 0.5882 0.3725 0.1765
v -0.240570 0.050769 0.027770 0.5882 0.3725 0.1765
v -0.242910 0.052520 0.028594 0.5882 0.3725 0.1765
v -0.241342 0.052100 0.028353 0.5882 0.3725 0.1765
v -0.242842 0.051882 0.035102 0.5882 0.3725 0.1765
v -0.240489 0.050009 0.035522 0.5882 0.3725 0.1765
v -0.241271 0.051427 0.035225 0.5882 0.3725 0.1765
v -0.240462 0.049753 0.032904 0.5882 0.3725 0.1765
v -0.242819 0.051667 0.032904 0.5882 0.3725 0.1765
v -0.241247 0.051200 0.032904 0.5882 0.3725 0.1765
v -0.240570 0.050769 0.038039 0.5882 0.3725 0.1765
v -0.242910 0.052520 0.037215 0.5882 0.3725 0.1765
v -0.241342 0.052100 0.037456 0.5882 0.3725 0.1765
v -0.243168 0.054948 0.040869 0.5882 0.3725 0.1765
v -0.240877 0.053661 0.042391 0.5882 0.3725 0.1765
v -0.241615 0.054664 0.041315 0.5882 0.3725 0.1765
v -0.243020 0.053555 0.039163 0.5882 0.3725 0.1765
v -0.240701 0.052001 0.040358 0.5882 0.3725 0.1765
v -0.241458 0.053193 0.039513 0.5882 0.3725 0.1765
v -0.242374 0.076448 0.042012 0.5882 0.3725 0.1765
v -0.244011 0.076273 0.040275 0.5882 0.3725 0.1765
v -0.239054 0.076801 0.023125 0.5882 0.3725 0.1765
v -0.239054 0.076801 0.025939 0.5882 0.3725 0.1765
v -0.238600 0.072522 0.025939 0.5882 0.3725 0.1765
v -0.243048 0.076376 0.040918 0.5882 0.3725 0.1765
v -0.125323 0.091320 0.032904 0.3608 0.3686 0.3882
v -0.125347 0.091543 0.030628 0.3608 0.3686 0.3882
v -0.125417 0.092204 0.028439 0.3608 0.3686 0.3882
v -0.125531 0.093276 0.026422 0.3608 0.3686 0.3882
v -0.125684 0.094719 0.024653 0.3608 0.3686 0.3882
v -0.125871 0.096477 0.023202 0.3608 0.3686 0.3882
v -0.126084 0.098483 0.022124 0.3608 0.3686 0.3882
v -0.126315 0.100660 0.021460 0.3608 0.3686 0.3882
v -0.126556 0.102924 0.021235 0.3608 0.3686 0.3882
v -0.126796 0.105188 0.021460 0.3608 0.3686 0.3882
v -0.127028 0.107364 0.022124 0.3608 0.3686 0.3882
v -0.127241 0.109371 0.023202 0.3608 0.3686 0.3882
v -0.127428 0.111129 0.024653 0.3608 0.3686 0.3882
v -0.127581 0.112572 0.026422 0.3608 0.3686 0.3882
v -0.127695 0.113644 0.028439 0.3608 0.3686 0.3882
v -0.127765 0.114305 0.030628 0.3608 0.3686 0.3882
v -0.127789 0.114527 0.032904 0.3608 0.3686 0.3882
v -0.127765 0.114305 0.035181 0.3608 0.3686 0.3882
v -0.127695 0.113644 0.037370 0.3608 0.3686 0.3882
v -0.127581 0.112572 0.039387 0.3608 0.3686 0.3882
v -0.127428 0.111129 0.041156 0.3608 0.3686 0.3882
v -0.127241 0.109371 0.042607 0.3608 0.3686 0.3882
v -0.127028 0.107364 0.043685 0.3608 0.3686 0.3882
v -0.126796 0.105188 0.044349 0.3608 0.3686 0.3882
v -0.126556 0.102924 0.044573 0.3608 0.3686 0.3882
v -0.126315 0.100660 0.044349 0.3608 0.3686 0.3882
v -0.126084 0.098483 0.043685 0.3608 0.3686 0.3882
v -0.125871 0.096477 0.042607 0.3608 0.3686 0.3882
v -0.125684 0.094719 0.041156 0.3608 0.3686 0.3882
v -0.125531 0.093276 0.039387 0.3608 0.3686 0.3882
v -0.125417 0.092204 0.037370 0.3608 0.3686 0.3882
v -0.125347 0.091543 0.035181 0.3608 0.3686 0.3882
v -0.236320 0.079753 0.030628 0.3608 0.3686 0.3882
v -0.236390 0.080414 0.028439 0.3608 0.3686 0.3882
v -0.236504 0.081486 0.026422 0.3608 0.3686 0.3882
v -0.236657 0.082929 0.024653 0.3608 0.3686 0.3882
v -0.236844 0.084687 0.023202 0.3608 0.3686 0.3882
v -0.237057 0.086694 0.022124 0.3608 0.3686 0.3882
v -0.237288 0.088870 0.021460 0.3608 0.3686 0.3882
v -0.237529 0.091134 0.021235 0.3608 0.3686 0.3882
v -0.237770 0.093398 0.021460 0.3608 0.3686 0.3882
v -0.238001 0.095575 0.022124 0.3608 0.3686 0.3882
v -0.238214 0.097581 0.023202 0.3608 0.3686 0.3882
v -0.238401 0.099339 0.024653 0.3608 0.3686 0.3882
v -0.238554 0.100782 0.026422 0.3608 0.3686 0.3882
v -0.238668 0.101854 0.028439 0.3608 0.3686 0.3882
v -0.238738 0.102515 0.030628 0.3608 0.3686 0.3882
v -0.238762 0.102738 0.032904 0.3608 0.3686 0.3882
v -0.238738 0.102515 0.035181 0.3608 0.3686 0.3882
v -0.238668 0.101854 0.037370 0.3608 0.3686 0.3882
v -0.238554 0.100782 0.039387 0.3608 0.3686 0.3882
v -0.238401 0.099339 0.041156 0.3608 0.3686 0.3882
v -0.238214 0.097581 0.042607 0.3608 0.3686 0.3882
v -0.238001 0.095575 0.043685 0.3608 0.3686 0.3882
v -0.237770 0.093398 0.044349 0.3608 0.3686 0.3882
v -0.237529 0.091134 0.044573 0.3608 0.3686 0.3882
v -0.237288 0.088870 0.044349 0.3608 0.3686 0.3882
v -0.237057 0.086694 0.043685 0.3608 0.3686 0.3882
v -0.236844 0.084687 0.042607 0.3608 0.3686 0.3882
v -0.236657 0.082929 0.041156 0.3608 0.3686 0.3882
v -0.236504 0.081486 0.039387 0.3608 0.3686 0.3882
v -0.236390 0.080414 0.037370 0.3608 0.3686 0.3882
v -0.236320 0.079753 0.035181 0.3608 0.3686 0.3882
v -0.236296 0.079530 0.032904 0.3608 0.3686 0.3882
v -0.041247 0.052276 0.032679 0.3608 0.3686 0.3882
v -0.040995 0.052293 0.034399 0.3608 0.3686 0.3882
v -0.040106 0.052354 0.035891 0.3608 0.3686 0.3882
v -0.038715 0.052449 0.036928 0.3608 0.3686 0.3882
v -0.037034 0.052565 0.037353 0.3608 0.3686 0.3882
v -0.035319 0.052682 0.037100 0.3608 0.3686 0.3882
v -0.033830 0.052784 0.036209 0.3608 0.3686 0.3882
v -0.032795 0.052855 0.034815 0.3608 0.3686 0.3882
v -0.032371 0.052884 0.033130 0.3608 0.3686 0.3882
v -0.032623 0.052867 0.031410 0.3608 0.3686 0.3882
v -0.033513 0.052806 0.029918 0.3608 0.3686 0.3882
v -0.034904 0.052711 0.028881 0.3608 0.3686 0.3882
v -0.036585 0.052595 0.028456 0.3608 0.3686 0.3882
v -0.038300 0.052478 0.028709 0.3608 0.3686 0.3882
v -0.039789 0.052376 0.029600 0.3608 0.3686 0.3882
v -0.040823 0.052305 0.030994 0.3608 0.3686 0.3882
v -0.039319 0.050923 0.032772 0.3608 0.3686 0.3882
v -0.040507 0.051449 0.032714 0.3608 0.3686 0.3882
v -0.039171 0.050933 0.033784 0.3608 0.3686 0.3882
v -0.040294 0.051464 0.034170 0.3608 0.3686 0.3882
v -0.038648 0.050969 0.034662 0.3608 0.3686 0.3882
v -0.039541 0.051516 0.035433 0.3608 0.3686 0.3882
v -0.037829 0.051025 0.035272 0.3608 0.3686 0.3882
v -0.038363 0.051596 0.036311 0.3608 0.3686 0.3882
v -0.036840 0.051093 0.035522 0.3608 0.3686 0.3882
v -0.036940 0.051694 0.036671 0.3608 0.3686 0.3882
v -0.035831 0.051162 0.035373 0.3608 0.3686 0.3882
v -0.035487 0.051793 0.036457 0.3608 0.3686 0.3882
v -0.034955 0.051222 0.034849 0.3608 0.3686 0.3882
v -0.034227 0.051880 0.035702 0.3608 0.3686 0.3882
v -0.034346 0.051264 0.034028 0.3608 0.3686 0.3882
v -0.033351 0.051940 0.034522 0.3608 0.3686 0.3882
v -0.034097 0.051281 0.033037 0.3608 0.3686 0.3882
v -0.032992 0.051964 0.033095 0.3608 0.3686 0.3882
v -0.034245 0.051271 0.032025 0.3608 0.3686 0.3882
v -0.033205 0.051950 0.031639 0.3608 0.3686 0.3882
v -0.034768 0.051235 0.031147 0.3608 0.3686 0.3882
v -0.033958 0.051898 0.030376 0.3608 0.3686 0.3882
v -0.035587 0.051179 0.030537 0.3608 0.3686 0.3882
v -0.035136 0.051817 0.029498 0.3608 0.3686 0.3882
v -0.036576 0.051111 0.030287 0.3608 0.3686 0.3882
v -0.036559 0.051720 0.029138 0.3608 0.3686 0.3882
v -0.037585 0.051042 0.030436 0.3608 0.3686 0.3882
v -0.038012 0.051620 0.029352 0.3608 0.3686 0.3882
v -0.038461 0.050982 0.030960 0.3608 0.3686 0.3882
v -0.039272 0.051534 0.030107 0.3608 0.3686 0.3882
v -0.039070 0.050940 0.031780 0.3608 0.3686 0.3882
v -0.040148 0.051474 0.031287 0.3608 0.3686 0.3882
v -0.034852 0.050927 0.033041 0.3608 0.3686 0.3882
v -0.035704 0.050786 0.033989 0.3608 0.3686 0.3882
v -0.036737 0.050798 0.034749 0.3608 0.3686 0.3882
v -0.035661 0.050776 0.031980 0.3608 0.3686 0.3882
v -0.036674 0.050611 0.032904 0.3608 0.3686 0.3882
v -0.037701 0.050636 0.033828 0.3608 0.3686 0.3882
v -0.036638 0.050805 0.031060 0.3608 0.3686 0.3882
v -0.037660 0.050652 0.031820 0.3608 0.3686 0.3882
v -0.038523 0.050675 0.032768 0.3608 0.3686 0.3882
v -0.041298 0.052756 0.032679 0.3608 0.3686 0.3882
v -0.041046 0.052773 0.034399 0.3608 0.3686 0.3882
v -0.040157 0.052834 0.035891 0.3608 0.3686 0.3882
v -0.038766 0.052929 0.036928 0.3608 0.3686 0.3882
v -0.037085 0.053044 0.037353 0.3608 0.3686 0.3882
v -0.035369 0.053162 0.037100 0.3608 0.3686 0.3882
v -0.033881 0.053264 0.036209 0.3608 0.3686 0.3882
v -0.032846 0.053335 0.034815 0.3608 0.3686 0.3882
v -0.032422 0.053364 0.033130 0.3608 0.3686 0.3882
v -0.032674 0.053346 0.031410 0.3608 0.3686 0.3882
v -0.033564 0.053285 0.029918 0.3608 0.3686 0.3882
v -0.034954 0.053190 0.028881 0.3608 0.3686 0.3882
v -0.036636 0.053075 0.028456 0.3608 0.3686 0.3882
v -0.038351 0.052957 0.028709 0.3608 0.3686 0.3882
v -0.039839 0.052856 0.029600 0.3608 0.3686 0.3882
v -0.040874 0.052785 0.030994 0.3608 0.3686 0.3882
v -0.011020 0.062096 0.047947 0.3608 0.3686 0.3882
v -0.009226 0.075343 0.049457 0.3608 0.3686 0.3882
v -0.011020 0.062096 0.018080 0.3608 0.3686 0.3882
v -0.009226 0.075343 0.016570 0.3608 0.3686 0.3882
v -0.009109 0.074241 0.024839 0.3608 0.3686 0.3882
v -0.009109 0.074241 0.041188 0.3608 0.3686 0.3882
v -0.009067 0.073842 0.030022 0.3608 0.3686 0.3882
v -0.009067 0.073842 0.036006 0.3608 0.3686 0.3882
v -0.051488 0.074935 0.049457 0.3608 0.3686 0.3882
v -0.049752 0.058586 0.047947 0.3608 0.3686 0.3882
v -0.049751 0.058586 0.018080 0.3608 0.3686 0.3882
v -0.051488 0.074935 0.016570 0.3608 0.3686 0.3882
v -0.051329 0.073434 0.036006 0.3608 0.3686 0.3882
v -0.051371 0.073833 0.041188 0.3608 0.3686 0.3882
v -0.051329 0.073434 0.030022 0.3608 0.3686 0.3882
v -0.051371 0.073833 0.024839 0.3608 0.3686 0.3882
v -0.018421 0.076337 0.049457 0.3608 0.3686 0.3882
v -0.026097 0.077632 0.049457 0.3608 0.3686 0.3882
v -0.026097 0.077632 0.016570 0.3608 0.3686 0.3882
v -0.018421 0.076337 0.016570 0.3608 0.3686 0.3882
v -0.025980 0.076530 0.041188 0.3608 0.3686 0.3882
v -0.018306 0.075235 0.041188 0.3608 0.3686 0.3882
v -0.018306 0.075235 0.024839 0.3608 0.3686 0.3882
v -0.025980 0.076530 0.024839 0.3608 0.3686 0.3882
v -0.018265 0.074836 0.036006 0.3608 0.3686 0.3882
v -0.025937 0.076131 0.036006 0.3608 0.3686 0.3882
v -0.018265 0.074836 0.030022 0.3608 0.3686 0.3882
v -0.025937 0.076131 0.030022 0.3608 0.3686 0.3882
v -0.042375 0.104086 0.053516 0.3608 0.3686 0.3882
v 0.006253 0.099333 0.053516 0.3608 0.3686 0.3882
v 0.004621 0.103581 0.053516 0.3608 0.3686 0.3882
v 0.005623 0.102379 0.053516 0.3608 0.3686 0.3882
v 0.006088 0.100885 0.053516 0.3608 0.3686 0.3882
v -0.052395 0.091951 0.015557 0.3608 0.3686 0.3882
v -0.039709 0.100717 0.053516 0.3608 0.3686 0.3882
v -0.041696 0.102322 0.053516 0.3608 0.3686 0.3882
v -0.045667 0.100278 0.015557 0.3608 0.3686 0.3882
v -0.037187 0.100321 0.053516 0.3608 0.3686 0.3882
v -0.050107 0.092567 0.015557 0.3608 0.3686 0.3882
v -0.048123 0.093859 0.015557 0.3608 0.3686 0.3882
v 0.001676 0.104449 0.053516 0.3608 0.3686 0.3882
v 0.003235 0.104308 0.053516 0.3608 0.3686 0.3882
v -0.046634 0.095701 0.015557 0.3608 0.3686 0.3882
v 0.010455 0.095749 0.053516 0.3608 0.3686 0.3882
v -0.045788 0.097913 0.015557 0.3608 0.3686 0.3882
v 0.008490 0.096262 0.053516 0.3608 0.3686 0.3882
v 0.006960 0.097498 0.053516 0.3608 0.3686 0.3882
v -0.040865 0.101383 0.053516 0.3608 0.3686 0.3882
v -0.040910 0.090292 0.012086 0.3608 0.3686 0.3882
v -0.061617 0.088092 0.053516 0.3608 0.3686 0.3882
v -0.061617 0.088092 0.012086 0.3608 0.3686 0.3882
v -0.052395 0.091951 0.050252 0.3608 0.3686 0.3882
v -0.045667 0.100278 0.050252 0.3608 0.3686 0.3882
v -0.050107 0.092567 0.050252 0.3608 0.3686 0.3882
v -0.048123 0.093859 0.050252 0.3608 0.3686 0.3882
v -0.037187 0.100321 0.051464 0.3608 0.3686 0.3882
v -0.046634 0.095701 0.050252 0.3608 0.3686 0.3882
v 0.001676 0.104449 0.051464 0.3608 0.3686 0.3882
v -0.041696 0.102322 0.051464 0.3608 0.3686 0.3882
v -0.045788 0.097913 0.050252 0.3608 0.3686 0.3882
v -0.040865 0.101383 0.051464 0.3608 0.3686 0.3882
v 0.008490 0.096262 0.051464 0.3608 0.3686 0.3882
v 0.010455 0.095749 0.051464 0.3608 0.3686 0.3882
v -0.039709 0.100717 0.051464 0.3608 0.3686 0.3882
v 0.006253 0.099333 0.051464 0.3608 0.3686 0.3882
v 0.006960 0.097498 0.051464 0.3608 0.3686 0.3882
v 0.004621 0.103581 0.051464 0.3608 0.3686 0.3882
v 0.005623 0.102379 0.051464 0.3608 0.3686 0.3882
v 0.003235 0.104308 0.051464 0.3608 0.3686 0.3882
v 0.006088 0.100885 0.051464 0.3608 0.3686 0.3882
v -0.040910 0.090292 0.051464 0.3608 0.3686 0.3882
v -0.042375 0.104086 0.051464 0.3608 0.3686 0.3882
v -0.061920 0.090939 0.050252 0.3608 0.3686 0.3882
v -0.061920 0.090939 0.053516 0.3608 0.3686 0.3882
v -0.048123 0.093859 0.053516 0.3608 0.3686 0.3882
v -0.050107 0.092567 0.053516 0.3608 0.3686 0.3882
v -0.052395 0.091951 0.053516 0.3608 0.3686 0.3882
v -0.046634 0.095701 0.053516 0.3608 0.3686 0.3882
v -0.045667 0.100278 0.053516 0.3608 0.3686 0.3882
v -0.045788 0.097913 0.053516 0.3608 0.3686 0.3882
v -0.062955 0.100687 0.050252 0.3608 0.3686 0.3882
v -0.046561 0.108696 0.050252 0.3608 0.3686 0.3882
v -0.046561 0.108696 0.015557 0.3608 0.3686 0.3882
v -0.062955 0.100687 0.015557 0.3608 0.3686 0.3882
v -0.061920 0.090939 0.015557 0.3608 0.3686 0.3882
v -0.061920 0.090939 0.012086 0.3608 0.3686 0.3882
v -0.045667 0.100278 0.012086 0.3608 0.3686 0.3882
v -0.045788 0.097913 0.012086 0.3608 0.3686 0.3882
v -0.046634 0.095701 0.012086 0.3608 0.3686 0.3882
v -0.048123 0.093859 0.012086 0.3608 0.3686 0.3882
v -0.052395 0.091951 0.012086 0.3608 0.3686 0.3882
v -0.050107 0.092567 0.012086 0.3608 0.3686 0.3882
v -0.042545 0.105680 0.012086 0.3608 0.3686 0.3882
v -0.042906 0.109084 0.015509 0.3608 0.3686 0.3882
v -0.042683 0.106983 0.012347 0.3608 0.3686 0.3882
v -0.042800 0.108087 0.013089 0.3608 0.3686 0.3882
v -0.042879 0.108825 0.014199 0.3608 0.3686 0.3882
v -0.042906 0.109084 0.050093 0.3608 0.3686 0.3882
v -0.042545 0.105680 0.053516 0.3608 0.3686 0.3882
v -0.042879 0.108825 0.051403 0.3608 0.3686 0.3882
v -0.042800 0.108087 0.052513 0.3608 0.3686 0.3882
v -0.042683 0.106983 0.053255 0.3608 0.3686 0.3882
v -0.046199 0.105292 0.012086 0.3608 0.3686 0.3882
v -0.046534 0.108437 0.014199 0.3608 0.3686 0.3882
v -0.046455 0.107699 0.013089 0.3608 0.3686 0.3882
v -0.046338 0.106595 0.012347 0.3608 0.3686 0.3882
v -0.046199 0.105292 0.053516 0.3608 0.3686 0.3882
v -0.046338 0.106595 0.053267 0.3608 0.3686 0.3882
v -0.046455 0.107699 0.052560 0.3608 0.3686 0.3882
v -0.046534 0.108437 0.051501 0.3608 0.3686 0.3882
v 0.167549 0.094677 0.008680 0.5882 0.3725 0.1765
v 0.166956 0.092943 0.008680 0.5882 0.3725 0.1765
v 0.165719 0.090919 0.008680 0.5882 0.3725 0.1765
v 0.157238 0.087652 0.008680 0.5882 0.3725 0.1765
v 0.154582 0.086926 0.009567 0.5882 0.3725 0.1765
v 0.157763 0.083976 0.011607 0.3608 0.3686 0.3882
v 0.157763 0.083976 0.009567 0.5882 0.3725 0.1765
v 0.160848 0.083899 0.011607 0.5882 0.3725 0.1765
v 0.160848 0.083899 0.009567 0.5882 0.3725 0.1765
v 0.163848 0.084623 0.011607 0.5882 0.3725 0.1765
v 0.163848 0.084623 0.009567 0.5882 0.3725 0.1765
v 0.166558 0.086098 0.011607 0.5882 0.3725 0.1765
v 0.166558 0.086098 0.009567 0.5882 0.3725 0.1765
v 0.168795 0.088225 0.011607 0.5882 0.3725 0.1765
v 0.168795 0.088225 0.009567 0.5882 0.3725 0.1765
v 0.170404 0.090858 0.011607 0.5882 0.3725 0.1765
v 0.170404 0.090858 0.009567 0.5882 0.3725 0.1765
v 0.171277 0.093818 0.011607 0.5882 0.3725 0.1765
v 0.171277 0.093818 0.009567 0.5882 0.3725 0.1765
v 0.171355 0.096904 0.011607 0.5882 0.3725 0.1765
v 0.171355 0.096904 0.009567 0.5882 0.3725 0.1765
v 0.170631 0.099904 0.011607 0.5882 0.3725 0.1765
v 0.170631 0.099904 0.009567 0.5882 0.3725 0.1765
v 0.169155 0.102614 0.011607 0.5882 0.3725 0.1765
v 0.169155 0.102614 0.009567 0.5882 0.3725 0.1765
v 0.167028 0.104851 0.011607 0.5882 0.3725 0.1765
v 0.167028 0.104851 0.009567 0.5882 0.3725 0.1765
v 0.164395 0.106460 0.011607 0.5882 0.3725 0.1765
v 0.164395 0.106460 0.009567 0.5882 0.3725 0.1765
v 0.161435 0.107333 0.011607 0.5882 0.3725 0.1765
v 0.161435 0.107333 0.009567 0.5882 0.3725 0.1765
v 0.158350 0.107411 0.011607 0.5882 0.3725 0.1765
v 0.158350 0.107411 0.009567 0.5882 0.3725 0.1765
v 0.155350 0.106687 0.009567 0.5882 0.3725 0.1765
v 0.152089 0.103996 0.009567 0.5882 0.3725 0.1765
v 0.159610 0.087593 0.008680 0.5882 0.3725 0.1765
v 0.164000 0.089284 0.008680 0.5882 0.3725 0.1765
v 0.161916 0.088149 0.008680 0.5882 0.3725 0.1765
v 0.142068 0.105681 0.011607 0.5882 0.3725 0.1765
v 0.138984 0.106516 0.011607 0.5882 0.3725 0.1765
v 0.140458 0.105850 0.011607 0.5882 0.3725 0.1765
v 0.138984 0.106516 0.009567 0.5882 0.3725 0.1765
v 0.142068 0.105681 0.009567 0.5882 0.3725 0.1765
v 0.140458 0.105850 0.009567 0.5882 0.3725 0.1765
v 0.151325 0.103231 0.008680 0.5882 0.3725 0.1765
v 0.155536 0.103679 0.008680 0.5882 0.3725 0.1765
v 0.157874 0.103927 0.008680 0.5882 0.3725 0.1765
v 0.160246 0.103868 0.008680 0.5882 0.3725 0.1765
v 0.162522 0.103197 0.008680 0.5882 0.3725 0.1765
v 0.158187 0.086677 0.009567 0.5882 0.3725 0.1765
v 0.160559 0.086618 0.009567 0.5882 0.3725 0.1765
v 0.162865 0.087174 0.009567 0.5882 0.3725 0.1765
v 0.164949 0.088308 0.009567 0.5882 0.3725 0.1765
v 0.166668 0.089943 0.009567 0.5882 0.3725 0.1765
v 0.167905 0.091968 0.009567 0.5882 0.3725 0.1765
v 0.168576 0.094243 0.009567 0.5882 0.3725 0.1765
v 0.168636 0.096615 0.009567 0.5882 0.3725 0.1765
v 0.168079 0.098921 0.009567 0.5882 0.3725 0.1765
v 0.166945 0.101005 0.009567 0.5882 0.3725 0.1765
v 0.165310 0.102724 0.009567 0.5882 0.3725 0.1765
v 0.163286 0.103961 0.009567 0.5882 0.3725 0.1765
v 0.161010 0.104632 0.009567 0.5882 0.3725 0.1765
v 0.158639 0.104692 0.009567 0.5882 0.3725 0.1765
v 0.156300 0.104443 0.009567 0.5882 0.3725 0.1765
v 0.164546 0.101959 0.008680 0.5882 0.3725 0.1765
v 0.166181 0.100240 0.008680 0.5882 0.3725 0.1765
v 0.167315 0.098157 0.008680 0.5882 0.3725 0.1765
v 0.167638 0.096426 0.008680 0.5882 0.3725 0.1765
v 0.103972 0.094124 0.009567 0.5882 0.3725 0.1765
v 0.140530 0.102768 0.009567 0.5882 0.3725 0.1765
v 0.138792 0.103014 0.009567 0.5882 0.3725 0.1765
v 0.137185 0.103944 0.009567 0.5882 0.3725 0.1765
v 0.127079 0.111961 0.009567 0.5882 0.3725 0.1765
v 0.126083 0.112508 0.009567 0.5882 0.3725 0.1765
v 0.124962 0.112507 0.009567 0.3608 0.3686 0.3882
v 0.069208 0.106584 0.009567 0.3608 0.3686 0.3882
v 0.068149 0.106160 0.009567 0.3608 0.3686 0.3882
v 0.067350 0.105424 0.009567 0.3608 0.3686 0.3882
v 0.066842 0.104605 0.009567 0.3608 0.3686 0.3882
v 0.066517 0.103665 0.009567 0.3608 0.3686 0.3882
v 0.067331 0.095693 0.009567 0.3608 0.3686 0.3882
v 0.044805 0.099797 0.011607 0.3608 0.3686 0.3882
v 0.046132 0.098440 0.011607 0.3608 0.3686 0.3882
v 0.045030 0.099176 0.011607 0.3608 0.3686 0.3882
v 0.045515 0.098679 0.011607 0.3608 0.3686 0.3882
v 0.046132 0.098440 0.009567 0.3608 0.3686 0.3882
v 0.044805 0.099797 0.009567 0.3608 0.3686 0.3882
v 0.045515 0.098679 0.009567 0.3608 0.3686 0.3882
v 0.045030 0.099176 0.009567 0.3608 0.3686 0.3882
v 0.045199 0.107531 0.011607 0.3608 0.3686 0.3882
v 0.044125 0.106202 0.011607 0.3608 0.3686 0.3882
v 0.044615 0.107307 0.011607 0.3608 0.3686 0.3882
v 0.044222 0.106820 0.011607 0.3608 0.3686 0.3882
v 0.044125 0.106202 0.009567 0.3608 0.3686 0.3882
v 0.045199 0.107531 0.009567 0.3608 0.3686 0.3882
v 0.044222 0.106820 0.009567 0.3608 0.3686 0.3882
v 0.044615 0.107307 0.009567 0.3608 0.3686 0.3882
v 0.102538 0.093808 0.009567 0.3608 0.3686 0.3882
v 0.101249 0.092897 0.009567 0.3608 0.3686 0.3882
v 0.076656 0.094485 0.009567 0.3608 0.3686 0.3882
v 0.076656 0.094485 0.011607 0.3608 0.3686 0.3882
v 0.052707 0.097588 0.011607 0.3608 0.3686 0.3882
v 0.052707 0.097588 0.009567 0.3608 0.3686 0.3882
v 0.052925 0.095477 0.009567 0.3608 0.3686 0.3882
v 0.076390 0.092436 0.009567 0.3608 0.3686 0.3882
v 0.076390 0.092436 0.011607 0.3608 0.3686 0.3882
v 0.052925 0.095477 0.011607 0.3608 0.3686 0.3882
v 0.052545 0.099122 0.011607 0.3608 0.3686 0.3882
v 0.052545 0.099122 0.009567 0.3608 0.3686 0.3882
v 0.100527 0.091392 0.009567 0.3608 0.3686 0.3882
v 0.153633 0.087901 0.008680 0.5882 0.3725 0.1765
v 0.103859 0.095188 0.008680 0.5882 0.3725 0.1765
v 0.139766 0.102003 0.008680 0.5882 0.3725 0.1765
v 0.138028 0.102250 0.008680 0.5882 0.3725 0.1765
v 0.136421 0.103180 0.008680 0.5882 0.3725 0.1765
v 0.126315 0.111197 0.008680 0.3608 0.3686 0.3882
v 0.125319 0.111743 0.008680 0.5882 0.3725 0.1765
v 0.124198 0.111742 0.008680 0.3608 0.3686 0.3882
v 0.069921 0.105976 0.008680 0.3608 0.3686 0.3882
v 0.068862 0.105552 0.008680 0.3608 0.3686 0.3882
v 0.068063 0.104816 0.008680 0.3608 0.3686 0.3882
v 0.067555 0.103998 0.008680 0.3608 0.3686 0.3882
v 0.067231 0.103057 0.008680 0.3608 0.3686 0.3882
v 0.067987 0.095632 0.008680 0.3608 0.3686 0.3882
v 0.102083 0.094560 0.008680 0.3608 0.3686 0.3882
v 0.100801 0.093391 0.008680 0.3608 0.3686 0.3882
v 0.076009 0.094571 0.008680 0.3608 0.3686 0.3882
v 0.099714 0.091508 0.008680 0.3608 0.3686 0.3882
v 0.076982 0.110908 0.009567 0.3608 0.3686 0.3882
v 0.057666 0.108856 0.009567 0.3608 0.3686 0.3882
v 0.057822 0.107383 0.009567 0.3608 0.3686 0.3882
v 0.077139 0.109435 0.009567 0.3608 0.3686 0.3882
v 0.064051 0.109534 0.004047 0.3608 0.3686 0.3882
v 0.059119 0.109010 0.006955 0.3608 0.3686 0.3882
v 0.062177 0.109335 0.004436 0.3608 0.3686 0.3882
v 0.060372 0.109143 0.005501 0.3608 0.3686 0.3882
v 0.075529 0.110754 0.006955 0.3608 0.3686 0.3882
v 0.070597 0.110230 0.004047 0.3608 0.3686 0.3882
v 0.074276 0.110621 0.005501 0.3608 0.3686 0.3882
v 0.072471 0.110429 0.004436 0.3608 0.3686 0.3882
v 0.070754 0.108757 0.004047 0.3608 0.3686 0.3882
v 0.075685 0.109281 0.006955 0.3608 0.3686 0.3882
v 0.072627 0.108956 0.004436 0.3608 0.3686 0.3882
v 0.074432 0.109148 0.005501 0.3608 0.3686 0.3882
v 0.059276 0.107538 0.006955 0.3608 0.3686 0.3882
v 0.064207 0.108061 0.004047 0.3608 0.3686 0.3882
v 0.060529 0.107671 0.005501 0.3608 0.3686 0.3882
v 0.062334 0.107862 0.004436 0.3608 0.3686 0.3882
v 0.068666 0.093437 0.004047 0.3608 0.3686 0.3882
v 0.074418 0.092692 0.006934 0.3608 0.3686 0.3882
v 0.070750 0.093167 0.004434 0.3608 0.3686 0.3882
v 0.072855 0.092894 0.005490 0.3608 0.3686 0.3882
v 0.054414 0.095284 0.006934 0.3608 0.3686 0.3882
v 0.060166 0.094538 0.004047 0.3608 0.3686 0.3882
v 0.055977 0.095081 0.005490 0.3608 0.3686 0.3882
v 0.058082 0.094809 0.004434 0.3608 0.3686 0.3882
v 0.060431 0.096587 0.004047 0.3608 0.3686 0.3882
v 0.054680 0.097333 0.006934 0.3608 0.3686 0.3882
v 0.058348 0.096857 0.004434 0.3608 0.3686 0.3882
v 0.056242 0.097130 0.005490 0.3608 0.3686 0.3882
v 0.074683 0.094741 0.006934 0.3608 0.3686 0.3882
v 0.068932 0.095486 0.004047 0.3608 0.3686 0.3882
v 0.073121 0.094943 0.005490 0.3608 0.3686 0.3882
v 0.071016 0.095216 0.004434 0.3608 0.3686 0.3882
v 0.128190 0.114460 0.011607 0.5882 0.3725 0.1765
v 0.123180 0.115816 0.011607 0.5882 0.3725 0.1765
v 0.126698 0.115246 0.011607 0.5882 0.3725 0.1765
v 0.124864 0.115742 0.011607 0.5882 0.3725 0.1765
v 0.123180 0.115816 0.009567 0.3608 0.3686 0.3882
v 0.128190 0.114460 0.009567 0.5882 0.3725 0.1765
v 0.124864 0.115742 0.009567 0.5882 0.3725 0.1765
v 0.126698 0.115246 0.009567 0.5882 0.3725 0.1765
v 0.092594 0.061278 0.015257 0.3608 0.3686 0.3882
v 0.092707 0.059501 0.015257 0.3608 0.3686 0.3882
v 0.092594 0.061278 0.013835 0.3608 0.3686 0.3882
v 0.092707 0.059501 0.013835 0.3608 0.3686 0.3882
v 0.082600 0.058855 0.012993 0.3608 0.3686 0.3882
v 0.082486 0.060632 0.012993 0.3608 0.3686 0.3882
v 0.092477 0.061522 0.013090 0.3608 0.3686 0.3882
v 0.092686 0.059749 0.012841 0.3608 0.3686 0.3882
v 0.082475 0.060875 0.012752 0.3608 0.3686 0.3882
v 0.092344 0.061891 0.012652 0.3608 0.3686 0.3882
v 0.092629 0.060173 0.012196 0.3608 0.3686 0.3882
v 0.082535 0.059394 0.012506 0.3608 0.3686 0.3882
v 0.082426 0.061275 0.012488 0.3608 0.3686 0.3882
v 0.092531 0.061032 0.011530 0.3608 0.3686 0.3882
v 0.082448 0.060156 0.011909 0.3608 0.3686 0.3882
v 0.082673 0.062495 0.010863 0.3608 0.3686 0.3882
v 0.092247 0.062300 0.010963 0.3608 0.3686 0.3882
v 0.091822 0.063283 0.010772 0.3608 0.3686 0.3882
v 0.092220 0.062338 0.012278 0.3608 0.3686 0.3882
v 0.091822 0.063283 0.011745 0.3608 0.3686 0.3882
v 0.082673 0.062495 0.011921 0.3608 0.3686 0.3882
v 0.082423 0.061517 0.011196 0.3608 0.3686 0.3882
v 0.082471 0.061802 0.012259 0.3608 0.3686 0.3882
v 0.087579 0.065633 0.010505 0.3608 0.3686 0.3882
v 0.087579 0.065633 0.011332 0.3608 0.3686 0.3882
v 0.085325 0.065247 0.011370 0.3608 0.3686 0.3882
v 0.084174 0.064550 0.010565 0.3608 0.3686 0.3882
v 0.083341 0.063548 0.010658 0.3608 0.3686 0.3882
v 0.089948 0.065003 0.010557 0.3608 0.3686 0.3882
v 0.091051 0.064224 0.010640 0.3608 0.3686 0.3882
v 0.085325 0.065247 0.010508 0.3608 0.3686 0.3882
v 0.088699 0.065516 0.010514 0.3608 0.3686 0.3882
v 0.089948 0.065003 0.011413 0.3608 0.3686 0.3882
v 0.091051 0.064224 0.011494 0.3608 0.3686 0.3882
v 0.083341 0.063548 0.011524 0.3608 0.3686 0.3882
v 0.088699 0.065516 0.011372 0.3608 0.3686 0.3882
v 0.084174 0.064550 0.011429 0.3608 0.3686 0.3882
v 0.086407 0.065534 0.011351 0.3608 0.3686 0.3882
v 0.086407 0.065534 0.010506 0.3608 0.3686 0.3882
v 0.092026 0.062811 0.011960 0.3608 0.3686 0.3882
v 0.072492 0.058209 0.015682 0.3608 0.3686 0.3882
v 0.075176 0.058380 0.012993 0.3608 0.3686 0.3882
v 0.072697 0.058222 0.014653 0.3608 0.3686 0.3882
v 0.073278 0.058259 0.013781 0.3608 0.3686 0.3882
v 0.074149 0.058315 0.013198 0.3608 0.3686 0.3882
v 0.075063 0.060124 0.012993 0.3608 0.3686 0.3882
v 0.072380 0.059940 0.015682 0.3608 0.3686 0.3882
v 0.074036 0.060053 0.013198 0.3608 0.3686 0.3882
v 0.073166 0.059994 0.013781 0.3608 0.3686 0.3882
v 0.072584 0.059954 0.014653 0.3608 0.3686 0.3882
v 0.075176 0.058380 0.052525 0.3608 0.3686 0.3882
v 0.072492 0.058209 0.049836 0.3608 0.3686 0.3882
v 0.074149 0.058315 0.052320 0.3608 0.3686 0.3882
v 0.073278 0.058259 0.051737 0.3608 0.3686 0.3882
v 0.072697 0.058222 0.050865 0.3608 0.3686 0.3882
v 0.072380 0.059940 0.049836 0.3608 0.3686 0.3882
v 0.075063 0.060118 0.052525 0.3608 0.3686 0.3882
v 0.072584 0.059953 0.050865 0.3608 0.3686 0.3882
v 0.073166 0.059992 0.051737 0.3608 0.3686 0.3882
v 0.074036 0.060050 0.052320 0.3608 0.3686 0.3882
v 0.090097 0.061113 0.052525 0.3608 0.3686 0.3882
v 0.092594 0.061278 0.050023 0.3608 0.3686 0.3882
v 0.091052 0.061176 0.052335 0.3608 0.3686 0.3882
v 0.091862 0.061229 0.051792 0.3608 0.3686 0.3882
v 0.092404 0.061265 0.050980 0.3608 0.3686 0.3882
v 0.092707 0.059501 0.050023 0.3608 0.3686 0.3882
v 0.090210 0.059341 0.052525 0.3608 0.3686 0.3882
v 0.092517 0.059489 0.050980 0.3608 0.3686 0.3882
v 0.091976 0.059454 0.051792 0.3608 0.3686 0.3882
v 0.091166 0.059403 0.052335 0.3608 0.3686 0.3882
v 0.220960 0.069903 0.032904 0.5882 0.3725 0.1765
v 0.207703 0.069022 0.050429 0.5882 0.3725 0.1765
v 0.220960 0.069903 0.040043 0.5882 0.3725 0.1765
v 0.212776 0.069359 0.049638 0.5882 0.3725 0.1765
v 0.217077 0.069645 0.047387 0.5882 0.3725 0.1765
v 0.219951 0.069836 0.044017 0.5882 0.3725 0.1765
v 0.166578 0.066292 0.050429 0.5882 0.3725 0.1765
v 0.154339 0.065479 0.044017 0.5882 0.3725 0.1765
v 0.157211 0.065670 0.047387 0.5882 0.3725 0.1765
v 0.161508 0.065955 0.049638 0.5882 0.3725 0.1765
v 0.155571 0.065464 0.032904 0.5882 0.3725 0.1765
v 0.153899 0.065450 0.042284 0.5882 0.3725 0.1765
v 0.155571 0.065464 0.042284 0.5882 0.3725 0.1765
v 0.221536 0.064481 0.032904 0.5882 0.3725 0.1765
v 0.221115 0.063919 0.032904 0.5882 0.3725 0.1765
v 0.167501 0.054328 0.050055 0.5882 0.3725 0.1765
v 0.167427 0.054761 0.050429 0.5882 0.3725 0.1765
v 0.162629 0.053459 0.049285 0.5882 0.3725 0.1765
v 0.162411 0.053900 0.049638 0.5882 0.3725 0.1765
v 0.158533 0.052768 0.047116 0.5882 0.3725 0.1765
v 0.158155 0.053198 0.047387 0.5882 0.3725 0.1765
v 0.155795 0.052303 0.043871 0.5882 0.3725 0.1765
v 0.155315 0.052700 0.044017 0.5882 0.3725 0.1765
v 0.208421 0.061892 0.050061 0.5882 0.3725 0.1765
v 0.208399 0.062475 0.050429 0.5882 0.3725 0.1765
v 0.221536 0.064481 0.040043 0.5882 0.3725 0.1765
v 0.221111 0.063943 0.040006 0.5882 0.3725 0.1765
v 0.213292 0.062728 0.049285 0.5882 0.3725 0.1765
v 0.213430 0.063204 0.049638 0.5882 0.3725 0.1765
v 0.217397 0.063384 0.047116 0.5882 0.3725 0.1765
v 0.217684 0.063937 0.047387 0.5882 0.3725 0.1765
v 0.220138 0.063807 0.043871 0.5882 0.3725 0.1765
v 0.220533 0.064354 0.044017 0.5882 0.3725 0.1765
v 0.155496 0.052219 0.042659 0.5882 0.3725 0.1765
v 0.154879 0.052632 0.042284 0.5882 0.3725 0.1765
v 0.157021 0.052411 0.032904 0.5882 0.3725 0.1765
v 0.156514 0.052805 0.032904 0.5882 0.3725 0.1765
v 0.157026 0.052377 0.042659 0.5882 0.3725 0.1765
v 0.156514 0.052805 0.042284 0.5882 0.3725 0.1765
v 0.207703 0.069022 0.015380 0.5882 0.3725 0.1765
v 0.220960 0.069903 0.025766 0.5882 0.3725 0.1765
v 0.212776 0.069359 0.016171 0.5882 0.3725 0.1765
v 0.217077 0.069645 0.018422 0.5882 0.3725 0.1765
v 0.219951 0.069836 0.021792 0.5882 0.3725 0.1765
v 0.166578 0.066292 0.015380 0.5882 0.3725 0.1765
v 0.154339 0.065479 0.021792 0.5882 0.3725 0.1765
v 0.157211 0.065670 0.018422 0.5882 0.3725 0.1765
v 0.161508 0.065955 0.016171 0.5882 0.3725 0.1765
v 0.153899 0.065450 0.023525 0.5882 0.3725 0.1765
v 0.155571 0.065464 0.023525 0.5882 0.3725 0.1765
v 0.167501 0.054328 0.015754 0.5882 0.3725 0.1765
v 0.167427 0.054761 0.015380 0.5882 0.3725 0.1765
v 0.162629 0.053459 0.016524 0.5882 0.3725 0.1765
v 0.162411 0.053900 0.016171 0.5882 0.3725 0.1765
v 0.158533 0.052768 0.018693 0.5882 0.3725 0.1765
v 0.158155 0.053198 0.018422 0.5882 0.3725 0.1765
v 0.155795 0.052303 0.021938 0.5882 0.3725 0.1765
v 0.155315 0.052700 0.021792 0.5882 0.3725 0.1765
v 0.208421 0.061892 0.015747 0.5882 0.3725 0.1765
v 0.208399 0.062475 0.015380 0.5882 0.3725 0.1765
v 0.221536 0.064481 0.025766 0.5882 0.3725 0.1765
v 0.221111 0.063943 0.025803 0.5882 0.3725 0.1765
v 0.213292 0.062728 0.016524 0.5882 0.3725 0.1765
v 0.213430 0.063204 0.016171 0.5882 0.3725 0.1765
v 0.217397 0.063384 0.018693 0.5882 0.3725 0.1765
v 0.217684 0.063937 0.018422 0.5882 0.3725 0.1765
v 0.220138 0.063807 0.021938 0.5882 0.3725 0.1765
v 0.220533 0.064354 0.021792 0.5882 0.3725 0.1765
v 0.155496 0.052219 0.023150 0.5882 0.3725 0.1765
v 0.154879 0.052632 0.023525 0.5882 0.3725 0.1765
v 0.157026 0.052377 0.023150 0.5882 0.3725 0.1765
v 0.156514 0.052805 0.023525 0.5882 0.3725 0.1765
v 0.268708 0.115855 0.032904 0.5882 0.3725 0.1765
v 0.268312 0.115886 0.030908 0.5882 0.3725 0.1765
v 0.267185 0.115975 0.029216 0.5882 0.3725 0.1765
v 0.265498 0.116109 0.028085 0.5882 0.3725 0.1765
v 0.263508 0.116267 0.027688 0.5882 0.3725 0.1765
v 0.261518 0.116425 0.028085 0.5882 0.3725 0.1765
v 0.259831 0.116559 0.029216 0.5882 0.3725 0.1765
v 0.258703 0.116649 0.030908 0.5882 0.3725 0.1765
v 0.258308 0.116680 0.032904 0.5882 0.3725 0.1765
v 0.258703 0.116649 0.034901 0.5882 0.3725 0.1765
v 0.259831 0.116559 0.036593 0.5882 0.3725 0.1765
v 0.261518 0.116425 0.037724 0.5882 0.3725 0.1765
v 0.263508 0.116267 0.038121 0.5882 0.3725 0.1765
v 0.265498 0.116109 0.037724 0.5882 0.3725 0.1765
v 0.267185 0.115975 0.036593 0.5882 0.3725 0.1765
v 0.268312 0.115886 0.034901 0.5882 0.3725 0.1765
v 0.266994 0.116979 0.032904 0.5882 0.3725 0.1765
v 0.268747 0.116343 0.032904 0.5882 0.3725 0.1765
v 0.266735 0.117000 0.031596 0.5882 0.3725 0.1765
v 0.268351 0.116375 0.030908 0.5882 0.3725 0.1765
v 0.265996 0.117059 0.030487 0.5882 0.3725 0.1765
v 0.267224 0.116464 0.029216 0.5882 0.3725 0.1765
v 0.264890 0.117146 0.029745 0.5882 0.3725 0.1765
v 0.265536 0.116598 0.028085 0.5882 0.3725 0.1765
v 0.263941 0.117212 0.029414 0.5882 0.3725 0.1765
v 0.263546 0.116756 0.027688 0.5882 0.3725 0.1765
v 0.261909 0.117372 0.029819 0.5882 0.3725 0.1765
v 0.261557 0.116914 0.028085 0.5882 0.3725 0.1765
v 0.261175 0.117441 0.030487 0.5882 0.3725 0.1765
v 0.259869 0.117048 0.029216 0.5882 0.3725 0.1765
v 0.260436 0.117500 0.031596 0.5882 0.3725 0.1765
v 0.258742 0.117137 0.030908 0.5882 0.3725 0.1765
v 0.260177 0.117520 0.032904 0.5882 0.3725 0.1765
v 0.258346 0.117169 0.032904 0.5882 0.3725 0.1765
v 0.260436 0.117500 0.034213 0.5882 0.3725 0.1765
v 0.258742 0.117137 0.034901 0.5882 0.3725 0.1765
v 0.261175 0.117441 0.035322 0.5882 0.3725 0.1765
v 0.259869 0.117048 0.036593 0.5882 0.3725 0.1765
v 0.262281 0.117353 0.036064 0.5882 0.3725 0.1765
v 0.261557 0.116914 0.037724 0.5882 0.3725 0.1765
v 0.263214 0.117268 0.036398 0.5882 0.3725 0.1765
v 0.263546 0.116756 0.038121 0.5882 0.3725 0.1765
v 0.265245 0.117108 0.035993 0.5882 0.3725 0.1765
v 0.265536 0.116598 0.037724 0.5882 0.3725 0.1765
v 0.265996 0.117059 0.035322 0.5882 0.3725 0.1765
v 0.267224 0.116464 0.036593 0.5882 0.3725 0.1765
v 0.266735 0.117000 0.034213 0.5882 0.3725 0.1765
v 0.268351 0.116375 0.034901 0.5882 0.3725 0.1765
v 0.438751 0.024328 0.032904 0.3608 0.3686 0.3882
v 0.436855 0.024798 0.032904 0.3608 0.3686 0.3882
v 0.435500 0.023395 0.032904 0.3608 0.3686 0.3882
v 0.436041 0.021520 0.032904 0.3608 0.3686 0.3882
v 0.437936 0.021049 0.032904 0.3608 0.3686 0.3882
v 0.439292 0.022453 0.032904 0.3608 0.3686 0.3882
v 0.434370 0.004431 0.032904 0.3608 0.3686 0.3882
v 0.432442 0.004745 0.032904 0.3608 0.3686 0.3882
v 0.431751 0.006572 0.032904 0.3608 0.3686 0.3882
v 0.432987 0.008084 0.032904 0.3608 0.3686 0.3882
v 0.434915 0.007770 0.032904 0.3608 0.3686 0.3882
v 0.435606 0.005943 0.032904 0.3608 0.3686 0.3882
v 0.434390 0.004520 0.021950 0.3608 0.3686 0.3882
v 0.432462 0.004834 0.021944 0.3608 0.3686 0.3882
v 0.431769 0.006658 0.022029 0.3608 0.3686 0.3882
v 0.433004 0.008168 0.022119 0.3608 0.3686 0.3882
v 0.434932 0.007855 0.022124 0.3608 0.3686 0.3882
v 0.435625 0.006030 0.022039 0.3608 0.3686 0.3882
v 0.434463 0.004854 0.018328 0.3608 0.3686 0.3882
v 0.432535 0.005169 0.018309 0.3608 0.3686 0.3882
v 0.431836 0.006965 0.018619 0.3608 0.3686 0.3882
v 0.433064 0.008445 0.018948 0.3608 0.3686 0.3882
v 0.434992 0.008130 0.018967 0.3608 0.3686 0.3882
v 0.435691 0.006334 0.018657 0.3608 0.3686 0.3882
v 0.434647 0.005707 0.015705 0.3608 0.3686 0.3882
v 0.432722 0.006033 0.015656 0.3608 0.3686 0.3882
v 0.431984 0.007651 0.016440 0.3608 0.3686 0.3882
v 0.433171 0.008944 0.017273 0.3608 0.3686 0.3882
v 0.435096 0.008618 0.017322 0.3608 0.3686 0.3882
v 0.435835 0.007000 0.016538 0.3608 0.3686 0.3882
v 0.434966 0.007179 0.014058 0.3608 0.3686 0.3882
v 0.433046 0.007531 0.013978 0.3608 0.3686 0.3882
v 0.432215 0.008721 0.015247 0.3608 0.3686 0.3882
v 0.433304 0.009559 0.016596 0.3608 0.3686 0.3882
v 0.435223 0.009206 0.016676 0.3608 0.3686 0.3882
v 0.436054 0.008016 0.015407 0.3608 0.3686 0.3882
v 0.435738 0.010689 0.012782 0.3608 0.3686 0.3882
v 0.433832 0.011104 0.012678 0.3608 0.3686 0.3882
v 0.432839 0.011562 0.014249 0.3608 0.3686 0.3882
v 0.433752 0.011604 0.015926 0.3608 0.3686 0.3882
v 0.435657 0.011189 0.016030 0.3608 0.3686 0.3882
v 0.436650 0.010731 0.014459 0.3608 0.3686 0.3882
v 0.436688 0.014731 0.013005 0.3608 0.3686 0.3882
v 0.434800 0.015217 0.012904 0.3608 0.3686 0.3882
v 0.433659 0.015049 0.014435 0.3608 0.3686 0.3882
v 0.434407 0.014394 0.016068 0.3608 0.3686 0.3882
v 0.436296 0.013908 0.016169 0.3608 0.3686 0.3882
v 0.437437 0.014076 0.014638 0.3608 0.3686 0.3882
v 0.437502 0.018043 0.015248 0.3608 0.3686 0.3882
v 0.435631 0.018599 0.015198 0.3608 0.3686 0.3882
v 0.434256 0.017478 0.015992 0.3608 0.3686 0.3882
v 0.434753 0.015801 0.016836 0.3608 0.3686 0.3882
v 0.436625 0.015245 0.016886 0.3608 0.3686 0.3882
v 0.438000 0.016366 0.016092 0.3608 0.3686 0.3882
v 0.437632 0.018565 0.016975 0.3608 0.3686 0.3882
v 0.435764 0.019134 0.016959 0.3608 0.3686 0.3882
v 0.434341 0.017822 0.017216 0.3608 0.3686 0.3882
v 0.434787 0.015941 0.017489 0.3608 0.3686 0.3882
v 0.436656 0.015372 0.017505 0.3608 0.3686 0.3882
v 0.438079 0.016684 0.017248 0.3608 0.3686 0.3882
v 0.437675 0.018734 0.019979 0.3608 0.3686 0.3882
v 0.435806 0.019304 0.019967 0.3608 0.3686 0.3882
v 0.434381 0.017982 0.020153 0.3608 0.3686 0.3882
v 0.434824 0.016090 0.020351 0.3608 0.3686 0.3882
v 0.436692 0.015520 0.020362 0.3608 0.3686 0.3882
v 0.438118 0.016842 0.020177 0.3608 0.3686 0.3882
v 0.437777 0.019141 0.021558 0.3608 0.3686 0.3882
v 0.435904 0.019694 0.021500 0.3608 0.3686 0.3882
v 0.434545 0.018643 0.022403 0.3608 0.3686 0.3882
v 0.435059 0.017039 0.023363 0.3608 0.3686 0.3882
v 0.436931 0.016486 0.023421 0.3608 0.3686 0.3882
v 0.438290 0.017537 0.022519 0.3608 0.3686 0.3882
v 0.437875 0.019532 0.021807 0.3608 0.3686 0.3882
v 0.435980 0.019987 0.021686 0.3608 0.3686 0.3882
v 0.434832 0.019830 0.023213 0.3608 0.3686 0.3882
v 0.435580 0.019219 0.024862 0.3608 0.3686 0.3882
v 0.437476 0.018764 0.024983 0.3608 0.3686 0.3882
v 0.438623 0.018921 0.023456 0.3608 0.3686 0.3882
v 0.438412 0.022320 0.022438 0.3608 0.3686 0.3882
v 0.436509 0.022738 0.022311 0.3608 0.3686 0.3882
v 0.435265 0.022057 0.023615 0.3608 0.3686 0.3882
v 0.435925 0.020959 0.025047 0.3608 0.3686 0.3882
v 0.437829 0.020542 0.025174 0.3608 0.3686 0.3882
v 0.439073 0.021222 0.023869 0.3608 0.3686 0.3882
v 0.438711 0.024199 0.024859 0.3608 0.3686 0.3882
v 0.436815 0.024660 0.024785 0.3608 0.3686 0.3882
v 0.435471 0.023365 0.025344 0.3608 0.3686 0.3882
v 0.436023 0.021609 0.025978 0.3608 0.3686 0.3882
v 0.437920 0.021148 0.026053 0.3608 0.3686 0.3882
v 0.439264 0.022443 0.025493 0.3608 0.3686 0.3882
v 0.438751 0.024330 0.029573 0.3608 0.3686 0.3882
v 0.436856 0.024801 0.029543 0.3608 0.3686 0.3882
v 0.435500 0.023396 0.029582 0.3608 0.3686 0.3882
v 0.436039 0.021520 0.029651 0.3608 0.3686 0.3882
v 0.437935 0.021049 0.029682 0.3608 0.3686 0.3882
v 0.439291 0.022454 0.029643 0.3608 0.3686 0.3882
v 0.434390 0.004520 0.043859 0.3608 0.3686 0.3882
v 0.432462 0.004834 0.043864 0.3608 0.3686 0.3882
v 0.431769 0.006658 0.043780 0.3608 0.3686 0.3882
v 0.433004 0.008168 0.043690 0.3608 0.3686 0.3882
v 0.434932 0.007854 0.043685 0.3608 0.3686 0.3882
v 0.435625 0.006030 0.043770 0.3608 0.3686 0.3882
v 0.434463 0.004854 0.047481 0.3608 0.3686 0.3882
v 0.432535 0.005169 0.047500 0.3608 0.3686 0.3882
v 0.431836 0.006965 0.047190 0.3608 0.3686 0.3882
v 0.433064 0.008445 0.046861 0.3608 0.3686 0.3882
v 0.434992 0.008130 0.046842 0.3608 0.3686 0.3882
v 0.435691 0.006334 0.047152 0.3608 0.3686 0.3882
v 0.434647 0.005707 0.050104 0.3608 0.3686 0.3882
v 0.432722 0.006033 0.050153 0.3608 0.3686 0.3882
v 0.431984 0.007651 0.049368 0.3608 0.3686 0.3882
v 0.433171 0.008944 0.048535 0.3608 0.3686 0.3882
v 0.435096 0.008618 0.048487 0.3608 0.3686 0.3882
v 0.435835 0.007000 0.049271 0.3608 0.3686 0.3882
v 0.434966 0.007179 0.051751 0.3608 0.3686 0.3882
v 0.433046 0.007531 0.051831 0.3608 0.3686 0.3882
v 0.432215 0.008721 0.050561 0.3608 0.3686 0.3882
v 0.433304 0.009559 0.049213 0.3608 0.3686 0.3882
v 0.435223 0.009206 0.049133 0.3608 0.3686 0.3882
v 0.436054 0.008016 0.050402 0.3608 0.3686 0.3882
v 0.435738 0.010689 0.053027 0.3608 0.3686 0.3882
v 0.433832 0.011104 0.053131 0.3608 0.3686 0.3882
v 0.432839 0.011562 0.051560 0.3608 0.3686 0.3882
v 0.433752 0.011604 0.049884 0.3608 0.3686 0.3882
v 0.435657 0.011189 0.049779 0.3608 0.3686 0.3882
v 0.436650 0.010731 0.051350 0.3608 0.3686 0.3882
v 0.436688 0.014731 0.052803 0.3608 0.3686 0.3882
v 0.434800 0.015217 0.052905 0.3608 0.3686 0.3882
v 0.433659 0.015049 0.051374 0.3608 0.3686 0.3882
v 0.434407 0.014394 0.049741 0.3608 0.3686 0.3882
v 0.436296 0.013908 0.049640 0.3608 0.3686 0.3882
v 0.437437 0.014076 0.051171 0.3608 0.3686 0.3882
v 0.437502 0.018043 0.050561 0.3608 0.3686 0.3882
v 0.435631 0.018599 0.050611 0.3608 0.3686 0.3882
v 0.434256 0.017478 0.049817 0.3608 0.3686 0.3882
v 0.434753 0.015801 0.048973 0.3608 0.3686 0.3882
v 0.436625 0.015245 0.048923 0.3608 0.3686 0.3882
v 0.438000 0.016366 0.049716 0.3608 0.3686 0.3882
v 0.437632 0.018565 0.048834 0.3608 0.3686 0.3882
v 0.435764 0.019134 0.048850 0.3608 0.3686 0.3882
v 0.434341 0.017822 0.048593 0.3608 0.3686 0.3882
v 0.434787 0.015941 0.048320 0.3608 0.3686 0.3882
v 0.436656 0.015372 0.048304 0.3608 0.3686 0.3882
v 0.438079 0.016684 0.048561 0.3608 0.3686 0.3882
v 0.437675 0.018734 0.045830 0.3608 0.3686 0.3882
v 0.435806 0.019303 0.045842 0.3608 0.3686 0.3882
v 0.434381 0.017982 0.045656 0.3608 0.3686 0.3882
v 0.434824 0.016090 0.045458 0.3608 0.3686 0.3882
v 0.436692 0.015520 0.045447 0.3608 0.3686 0.3882
v 0.438118 0.016842 0.045632 0.3608 0.3686 0.3882
v 0.437777 0.019141 0.044251 0.3608 0.3686 0.3882
v 0.435904 0.019694 0.044309 0.3608 0.3686 0.3882
v 0.434545 0.018643 0.043407 0.3608 0.3686 0.3882
v 0.435059 0.017039 0.042446 0.3608 0.3686 0.3882
v 0.436931 0.016486 0.042388 0.3608 0.3686 0.3882
v 0.438290 0.017537 0.043290 0.3608 0.3686 0.3882
v 0.437875 0.019532 0.044002 0.3608 0.3686 0.3882
v 0.435980 0.019987 0.044123 0.3608 0.3686 0.3882
v 0.434832 0.019830 0.042596 0.3608 0.3686 0.3882
v 0.435580 0.019219 0.040947 0.3608 0.3686 0.3882
v 0.437476 0.018764 0.040826 0.3608 0.3686 0.3882
v 0.438623 0.018921 0.042353 0.3608 0.3686 0.3882
v 0.438412 0.022320 0.043371 0.3608 0.3686 0.3882
v 0.436509 0.022738 0.043498 0.3608 0.3686 0.3882
v 0.435265 0.022057 0.042193 0.3608 0.3686 0.3882
v 0.435925 0.020959 0.040762 0.3608 0.3686 0.3882
v 0.437829 0.020542 0.040635 0.3608 0.3686 0.3882
v 0.439073 0.021222 0.041940 0.3608 0.3686 0.3882
v 0.438711 0.024199 0.040950 0.3608 0.3686 0.3882
v 0.436815 0.024660 0.041024 0.3608 0.3686 0.3882
v 0.435471 0.023365 0.040465 0.3608 0.3686 0.3882
v 0.436023 0.021609 0.039831 0.3608 0.3686 0.3882
v 0.437920 0.021148 0.039756 0.3608 0.3686 0.3882
v 0.439264 0.022443 0.040316 0.3608 0.3686 0.3882
v 0.438751 0.024330 0.036236 0.3608 0.3686 0.3882
v 0.436856 0.024801 0.036266 0.3608 0.3686 0.3882
v 0.435500 0.023396 0.036227 0.3608 0.3686 0.3882
v 0.436039 0.021520 0.036158 0.3608 0.3686 0.3882
v 0.437935 0.021049 0.036127 0.3608 0.3686 0.3882
v 0.439291 0.022454 0.036166 0.3608 0.3686 0.3882
v -0.107165 0.119696 0.021261 0.3608 0.3686 0.3882
v -0.104766 0.128099 0.021261 0.3608 0.3686 0.3882
v -0.106269 0.128528 0.021261 0.3608 0.3686 0.3882
v -0.108668 0.120125 0.021261 0.3608 0.3686 0.3882
v -0.104766 0.128099 0.044548 0.3608 0.3686 0.3882
v -0.106269 0.128528 0.044548 0.3608 0.3686 0.3882
v -0.108668 0.120125 0.044548 0.3608 0.3686 0.3882
v -0.107165 0.119696 0.044548 0.3608 0.3686 0.3882
v -0.111457 0.122335 0.016748 0.3608 0.3686 0.3882
v -0.111730 0.123874 0.016748 0.3608 0.3686 0.3882
v -0.110721 0.120955 0.016748 0.3608 0.3686 0.3882
v -0.109595 0.119871 0.016748 0.3608 0.3686 0.3882
v -0.108190 0.119187 0.016748 0.3608 0.3686 0.3882
v -0.106641 0.118971 0.016748 0.3608 0.3686 0.3882
v -0.105102 0.119244 0.016748 0.3608 0.3686 0.3882
v -0.103723 0.119980 0.016748 0.3608 0.3686 0.3882
v -0.102638 0.121106 0.016748 0.3608 0.3686 0.3882
v -0.101954 0.122511 0.016748 0.3608 0.3686 0.3882
v -0.101738 0.124060 0.016748 0.3608 0.3686 0.3882
v -0.102012 0.125599 0.016748 0.3608 0.3686 0.3882
v -0.102747 0.126978 0.016748 0.3608 0.3686 0.3882
v -0.103873 0.128063 0.016748 0.3608 0.3686 0.3882
v -0.105279 0.128747 0.016748 0.3608 0.3686 0.3882
v -0.106827 0.128963 0.016748 0.3608 0.3686 0.3882
v -0.108366 0.128689 0.016748 0.3608 0.3686 0.3882
v -0.109746 0.127954 0.016748 0.3608 0.3686 0.3882
v -0.110830 0.126828 0.016748 0.3608 0.3686 0.3882
v -0.111514 0.125422 0.016748 0.3608 0.3686 0.3882
v -0.108828 0.122386 0.015143 0.3608 0.3686 0.3882
v -0.109902 0.121574 0.015772 0.3608 0.3686 0.3882
v -0.110486 0.122670 0.015772 0.3608 0.3686 0.3882
v -0.109214 0.123110 0.015143 0.3608 0.3686 0.3882
v -0.110703 0.123893 0.015772 0.3608 0.3686 0.3882
v -0.109357 0.123918 0.015143 0.3608 0.3686 0.3882
v -0.108236 0.121816 0.015143 0.3608 0.3686 0.3882
v -0.109008 0.120712 0.015772 0.3608 0.3686 0.3882
v -0.107498 0.121457 0.015143 0.3608 0.3686 0.3882
v -0.107891 0.120169 0.015772 0.3608 0.3686 0.3882
v -0.106685 0.121344 0.015143 0.3608 0.3686 0.3882
v -0.106660 0.119998 0.015772 0.3608 0.3686 0.3882
v -0.105877 0.121487 0.015143 0.3608 0.3686 0.3882
v -0.105437 0.120215 0.015772 0.3608 0.3686 0.3882
v -0.105153 0.121874 0.015143 0.3608 0.3686 0.3882
v -0.104341 0.120799 0.015772 0.3608 0.3686 0.3882
v -0.104584 0.122465 0.015143 0.3608 0.3686 0.3882
v -0.103480 0.121693 0.015772 0.3608 0.3686 0.3882
v -0.104224 0.123203 0.015143 0.3608 0.3686 0.3882
v -0.102936 0.122810 0.015772 0.3608 0.3686 0.3882
v -0.104111 0.124016 0.015143 0.3608 0.3686 0.3882
v -0.102765 0.124041 0.015772 0.3608 0.3686 0.3882
v -0.104255 0.124824 0.015143 0.3608 0.3686 0.3882
v -0.102982 0.125263 0.015772 0.3608 0.3686 0.3882
v -0.104641 0.125548 0.015143 0.3608 0.3686 0.3882
v -0.103566 0.126360 0.015772 0.3608 0.3686 0.3882
v -0.105232 0.126118 0.015143 0.3608 0.3686 0.3882
v -0.104461 0.127221 0.015772 0.3608 0.3686 0.3882
v -0.105970 0.126477 0.015143 0.3608 0.3686 0.3882
v -0.105578 0.127765 0.015772 0.3608 0.3686 0.3882
v -0.106783 0.126590 0.015143 0.3608 0.3686 0.3882
v -0.106808 0.127936 0.015772 0.3608 0.3686 0.3882
v -0.107591 0.126446 0.015143 0.3608 0.3686 0.3882
v -0.108031 0.127719 0.015772 0.3608 0.3686 0.3882
v -0.108315 0.126060 0.015143 0.3608 0.3686 0.3882
v -0.109127 0.127135 0.015772 0.3608 0.3686 0.3882
v -0.108885 0.125469 0.015143 0.3608 0.3686 0.3882
v -0.109989 0.126240 0.015772 0.3608 0.3686 0.3882
v -0.109244 0.124731 0.015143 0.3608 0.3686 0.3882
v -0.110532 0.125123 0.015772 0.3608 0.3686 0.3882
v -0.107712 0.122619 0.014790 0.3608 0.3686 0.3882
v -0.107990 0.123339 0.014751 0.3608 0.3686 0.3882
v -0.108130 0.124124 0.014751 0.3608 0.3686 0.3882
v -0.108117 0.124896 0.014790 0.3608 0.3686 0.3882
v -0.106924 0.122631 0.014734 0.3608 0.3686 0.3882
v -0.107124 0.123449 0.014618 0.3608 0.3686 0.3882
v -0.107279 0.124319 0.014618 0.3608 0.3686 0.3882
v -0.107372 0.125156 0.014734 0.3608 0.3686 0.3882
v -0.106097 0.122778 0.014734 0.3608 0.3686 0.3882
v -0.106190 0.123615 0.014618 0.3608 0.3686 0.3882
v -0.106344 0.124485 0.014618 0.3608 0.3686 0.3882
v -0.106545 0.125302 0.014734 0.3608 0.3686 0.3882
v -0.105352 0.123038 0.014790 0.3608 0.3686 0.3882
v -0.105339 0.123810 0.014751 0.3608 0.3686 0.3882
v -0.105478 0.124594 0.014751 0.3608 0.3686 0.3882
v -0.105756 0.125315 0.014790 0.3608 0.3686 0.3882
v -0.110721 0.120955 0.047884 0.3608 0.3686 0.3882
v -0.111457 0.122335 0.047884 0.3608 0.3686 0.3882
v -0.111730 0.123874 0.047884 0.3608 0.3686 0.3882
v -0.109595 0.119871 0.047884 0.3608 0.3686 0.3882
v -0.108190 0.119187 0.047884 0.3608 0.3686 0.3882
v -0.106641 0.118971 0.047884 0.3608 0.3686 0.3882
v -0.105102 0.119244 0.047884 0.3608 0.3686 0.3882
v -0.103723 0.119980 0.047884 0.3608 0.3686 0.3882
v -0.102638 0.121106 0.047884 0.3608 0.3686 0.3882
v -0.101954 0.122511 0.047884 0.3608 0.3686 0.3882
v -0.101738 0.124060 0.047884 0.3608 0.3686 0.3882
v -0.102012 0.125599 0.047884 0.3608 0.3686 0.3882
v -0.102747 0.126978 0.047884 0.3608 0.3686 0.3882
v -0.103873 0.128063 0.047884 0.3608 0.3686 0.3882
v -0.105279 0.128747 0.047884 0.3608 0.3686 0.3882
v -0.106827 0.128963 0.047884 0.3608 0.3686 0.3882
v -0.108366 0.128689 0.047884 0.3608 0.3686 0.3882
v -0.109746 0.127954 0.047884 0.3608 0.3686 0.3882
v -0.110830 0.126828 0.047884 0.3608 0.3686 0.3882
v -0.111514 0.125422 0.047884 0.3608 0.3686 0.3882
v -0.110001 0.121500 0.047884 0.3608 0.3686 0.3882
v -0.110603 0.122630 0.047884 0.3608 0.3686 0.3882
v -0.110827 0.123891 0.047884 0.3608 0.3686 0.3882
v -0.109078 0.120611 0.047884 0.3608 0.3686 0.3882
v -0.107926 0.120051 0.047884 0.3608 0.3686 0.3882
v -0.106658 0.119874 0.047884 0.3608 0.3686 0.3882
v -0.105397 0.120098 0.047884 0.3608 0.3686 0.3882
v -0.104267 0.120700 0.047884 0.3608 0.3686 0.3882
v -0.103378 0.121623 0.047884 0.3608 0.3686 0.3882
v -0.102818 0.122775 0.047884 0.3608 0.3686 0.3882
v -0.102641 0.124043 0.047884 0.3608 0.3686 0.3882
v -0.102865 0.125304 0.047884 0.3608 0.3686 0.3882
v -0.103468 0.126434 0.047884 0.3608 0.3686 0.3882
v -0.104390 0.127323 0.047884 0.3608 0.3686 0.3882
v -0.105542 0.127883 0.047884 0.3608 0.3686 0.3882
v -0.106810 0.128060 0.047884 0.3608 0.3686 0.3882
v -0.108071 0.127836 0.047884 0.3608 0.3686 0.3882
v -0.109201 0.127233 0.047884 0.3608 0.3686 0.3882
v -0.110090 0.126311 0.047884 0.3608 0.3686 0.3882
v -0.110650 0.125159 0.047884 0.3608 0.3686 0.3882
v -0.110001 0.121500 0.047212 0.3608 0.3686 0.3882
v -0.110603 0.122630 0.047212 0.3608 0.3686 0.3882
v -0.110827 0.123891 0.047212 0.3608 0.3686 0.3882
v -0.109078 0.120611 0.047212 0.3608 0.3686 0.3882
v -0.107926 0.120051 0.047212 0.3608 0.3686 0.3882
v -0.106658 0.119874 0.047212 0.3608 0.3686 0.3882
v -0.105397 0.120098 0.047212 0.3608 0.3686 0.3882
v -0.104267 0.120700 0.047212 0.3608 0.3686 0.3882
v -0.103378 0.121623 0.047212 0.3608 0.3686 0.3882
v -0.102818 0.122775 0.047212 0.3608 0.3686 0.3882
v -0.102641 0.124043 0.047212 0.3608 0.3686 0.3882
v -0.102865 0.125304 0.047212 0.3608 0.3686 0.3882
v -0.103468 0.126434 0.047212 0.3608 0.3686 0.3882
v -0.104390 0.127323 0.047212 0.3608 0.3686 0.3882
v -0.105542 0.127883 0.047212 0.3608 0.3686 0.3882
v -0.106810 0.128060 0.047212 0.3608 0.3686 0.3882
v -0.108071 0.127836 0.047212 0.3608 0.3686 0.3882
v -0.109201 0.127233 0.047212 0.3608 0.3686 0.3882
v -0.110090 0.126311 0.047212 0.3608 0.3686 0.3882
v -0.110650 0.125159 0.047212 0.3608 0.3686 0.3882
v -0.106641 0.118971 0.043912 0.3608 0.3686 0.3882
v -0.111730 0.123874 0.043912 0.3608 0.3686 0.3882
v -0.103873 0.128063 0.043912 0.3608 0.3686 0.3882
v -0.105102 0.119244 0.043912 0.3608 0.3686 0.3882
v -0.105279 0.128747 0.043912 0.3608 0.3686 0.3882
v -0.103723 0.119980 0.043912 0.3608 0.3686 0.3882
v -0.106827 0.128963 0.043912 0.3608 0.3686 0.3882
v -0.102638 0.121106 0.043912 0.3608 0.3686 0.3882
v -0.110721 0.120955 0.043912 0.3608 0.3686 0.3882
v -0.108366 0.128689 0.043912 0.3608 0.3686 0.3882
v -0.101954 0.122511 0.043912 0.3608 0.3686 0.3882
v -0.109746 0.127954 0.043912 0.3608 0.3686 0.3882
v -0.101738 0.124060 0.043912 0.3608 0.3686 0.3882
v -0.109595 0.119871 0.043912 0.3608 0.3686 0.3882
v -0.110830 0.126828 0.043912 0.3608 0.3686 0.3882
v -0.102012 0.125599 0.043912 0.3608 0.3686 0.3882
v -0.108190 0.119187 0.043912 0.3608 0.3686 0.3882
v -0.111514 0.125422 0.043912 0.3608 0.3686 0.3882
v -0.102747 0.126978 0.043912 0.3608 0.3686 0.3882
v -0.111457 0.122335 0.043912 0.3608 0.3686 0.3882
v -0.111457 0.122335 0.021845 0.3608 0.3686 0.3882
v -0.111730 0.123874 0.021845 0.3608 0.3686 0.3882
v -0.110721 0.120955 0.021845 0.3608 0.3686 0.3882
v -0.109595 0.119871 0.021845 0.3608 0.3686 0.3882
v -0.108190 0.119187 0.021845 0.3608 0.3686 0.3882
v -0.106641 0.118971 0.021845 0.3608 0.3686 0.3882
v -0.105102 0.119244 0.021845 0.3608 0.3686 0.3882
v -0.103723 0.119980 0.021845 0.3608 0.3686 0.3882
v -0.102638 0.121106 0.021845 0.3608 0.3686 0.3882
v -0.101954 0.122511 0.021845 0.3608 0.3686 0.3882
v -0.101738 0.124060 0.021845 0.3608 0.3686 0.3882
v -0.102012 0.125599 0.021845 0.3608 0.3686 0.3882
v -0.102747 0.126978 0.021845 0.3608 0.3686 0.3882
v -0.103873 0.128063 0.021845 0.3608 0.3686 0.3882
v -0.105279 0.128747 0.021845 0.3608 0.3686 0.3882
v -0.106827 0.128963 0.021845 0.3608 0.3686 0.3882
v -0.108366 0.128689 0.021845 0.3608 0.3686 0.3882
v -0.109746 0.127954 0.021845 0.3608 0.3686 0.3882
v -0.110830 0.126828 0.021845 0.3608 0.3686 0.3882
v -0.111514 0.125422 0.021845 0.3608 0.3686 0.3882
v -0.499598 0.032258 0.038049 0.5882 0.3725 0.1765
v -0.499417 0.030560 0.036342 0.5882 0.3725 0.1765
v -0.499320 0.029642 0.034112 0.5882 0.3725 0.1765
v -0.499320 0.029642 0.031697 0.5882 0.3725 0.1765
v -0.499417 0.030560 0.029467 0.5882 0.3725 0.1765
v -0.499598 0.032258 0.027760 0.5882 0.3725 0.1765
v -0.468335 0.032032 0.039870 0.5882 0.3725 0.1765
v -0.468109 0.029908 0.036674 0.5882 0.3725 0.1765
v -0.468050 0.029351 0.034826 0.5882 0.3725 0.1765
v -0.468030 0.029163 0.032904 0.5882 0.3725 0.1765
v -0.468109 0.029908 0.029135 0.5882 0.3725 0.1765
v -0.468493 0.033516 0.024714 0.5882 0.3725 0.1765
v -0.469469 0.042707 0.023804 0.5882 0.3725 0.1765
v -0.470091 0.048565 0.030983 0.5882 0.3725 0.1765
v -0.470111 0.048753 0.032904 0.5882 0.3725 0.1765
v -0.470091 0.048565 0.034826 0.5882 0.3725 0.1765
v -0.470032 0.048008 0.036674 0.5882 0.3725 0.1765
v -0.469469 0.042707 0.042005 0.5882 0.3725 0.1765
v -0.468868 0.037047 0.042566 0.5882 0.3725 0.1765
v -0.468672 0.035210 0.042005 0.5882 0.3725 0.1765
v -0.468493 0.033516 0.041095 0.5882 0.3725 0.1765
v -0.468205 0.030814 0.038377 0.5882 0.3725 0.1765
v -0.468050 0.029351 0.030983 0.5882 0.3725 0.1765
v -0.468205 0.030814 0.027432 0.5882 0.3725 0.1765
v -0.468335 0.032032 0.025939 0.5882 0.3725 0.1765
v -0.468672 0.035210 0.023804 0.5882 0.3725 0.1765
v -0.468868 0.037047 0.023243 0.5882 0.3725 0.1765
v -0.469071 0.038958 0.023054 0.5882 0.3725 0.1765
v -0.469274 0.040869 0.023243 0.5882 0.3725 0.1765
v -0.469649 0.044400 0.024714 0.5882 0.3725 0.1765
v -0.469807 0.045885 0.025939 0.5882 0.3725 0.1765
v -0.469936 0.047103 0.027432 0.5882 0.3725 0.1765
v -0.470032 0.048008 0.029135 0.5882 0.3725 0.1765
v -0.469936 0.047103 0.038377 0.5882 0.3725 0.1765
v -0.469807 0.045885 0.039870 0.5882 0.3725 0.1765
v -0.469649 0.044400 0.041095 0.5882 0.3725 0.1765
v -0.469274 0.040869 0.042566 0.5882 0.3725 0.1765
v -0.469071 0.038958 0.042755 0.5882 0.3725 0.1765
v -0.466242 0.037326 0.042566 0.5882 0.3725 0.1765
v -0.466047 0.035489 0.042005 0.5882 0.3725 0.1765
v -0.465867 0.033795 0.041095 0.5882 0.3725 0.1765
v -0.465709 0.032311 0.039870 0.5882 0.3725 0.1765
v -0.465580 0.031093 0.038377 0.5882 0.3725 0.1765
v -0.465484 0.030187 0.036674 0.5882 0.3725 0.1765
v -0.465425 0.029630 0.034826 0.5882 0.3725 0.1765
v -0.465405 0.029442 0.032904 0.5882 0.3725 0.1765
v -0.465425 0.029630 0.030983 0.5882 0.3725 0.1765
v -0.465484 0.030187 0.029135 0.5882 0.3725 0.1765
v -0.465580 0.031093 0.027432 0.5882 0.3725 0.1765
v -0.465709 0.032311 0.025939 0.5882 0.3725 0.1765
v -0.465867 0.033795 0.024714 0.5882 0.3725 0.1765
v -0.466047 0.035489 0.023804 0.5882 0.3725 0.1765
v -0.466242 0.037326 0.023243 0.5882 0.3725 0.1765
v -0.466445 0.039237 0.023054 0.5882 0.3725 0.1765
v -0.466648 0.041148 0.023243 0.5882 0.3725 0.1765
v -0.466843 0.042986 0.023804 0.5882 0.3725 0.1765
v -0.467023 0.044679 0.024714 0.5882 0.3725 0.1765
v -0.467181 0.046164 0.025939 0.5882 0.3725 0.1765
v -0.467310 0.047382 0.027432 0.5882 0.3725 0.1765
v -0.467407 0.048287 0.029135 0.5882 0.3725 0.1765
v -0.467466 0.048844 0.030983 0.5882 0.3725 0.1765
v -0.467486 0.049032 0.032904 0.5882 0.3725 0.1765
v -0.467466 0.048844 0.034826 0.5882 0.3725 0.1765
v -0.467407 0.048287 0.036674 0.5882 0.3725 0.1765
v -0.467310 0.047382 0.038377 0.5882 0.3725 0.1765
v -0.467181 0.046164 0.039870 0.5882 0.3725 0.1765
v -0.467023 0.044679 0.041095 0.5882 0.3725 0.1765
v -0.466843 0.042986 0.042005 0.5882 0.3725 0.1765
v -0.466648 0.041148 0.042566 0.5882 0.3725 0.1765
v -0.466445 0.039237 0.042755 0.5882 0.3725 0.1765
v -0.468835 0.036736 0.044140 0.5882 0.3725 0.1765
v -0.468608 0.034599 0.043488 0.5882 0.3725 0.1765
v -0.468398 0.032629 0.042430 0.5882 0.3725 0.1765
v -0.468215 0.030903 0.041005 0.5882 0.3725 0.1765
v -0.468064 0.029486 0.039269 0.5882 0.3725 0.1765
v -0.467953 0.028433 0.037289 0.5882 0.3725 0.1765
v -0.467884 0.027785 0.035139 0.5882 0.3725 0.1765
v -0.467884 0.027785 0.030669 0.5882 0.3725 0.1765
v -0.467953 0.028433 0.028520 0.5882 0.3725 0.1765
v -0.468064 0.029486 0.026540 0.5882 0.3725 0.1765
v -0.468215 0.030903 0.024804 0.5882 0.3725 0.1765
v -0.468398 0.032629 0.023379 0.5882 0.3725 0.1765
v -0.468608 0.034599 0.022320 0.5882 0.3725 0.1765
v -0.468835 0.036736 0.021668 0.5882 0.3725 0.1765
v -0.469307 0.041181 0.021668 0.5882 0.3725 0.1765
v -0.469534 0.043318 0.022320 0.5882 0.3725 0.1765
v -0.469743 0.045287 0.023379 0.5882 0.3725 0.1765
v -0.469927 0.047014 0.024804 0.5882 0.3725 0.1765
v -0.470077 0.048430 0.026540 0.5882 0.3725 0.1765
v -0.470189 0.049483 0.028520 0.5882 0.3725 0.1765
v -0.470258 0.050131 0.030669 0.5882 0.3725 0.1765
v -0.470258 0.050131 0.035139 0.5882 0.3725 0.1765
v -0.470189 0.049483 0.037289 0.5882 0.3725 0.1765
v -0.470077 0.048430 0.039269 0.5882 0.3725 0.1765
v -0.469927 0.047014 0.041005 0.5882 0.3725 0.1765
v -0.469743 0.045287 0.042430 0.5882 0.3725 0.1765
v -0.469534 0.043318 0.043488 0.5882 0.3725 0.1765
v -0.469307 0.041181 0.044140 0.5882 0.3725 0.1765
v -0.466209 0.037015 0.044140 0.5882 0.3725 0.1765
v -0.465982 0.034878 0.043488 0.5882 0.3725 0.1765
v -0.465773 0.032908 0.042430 0.5882 0.3725 0.1765
v -0.465589 0.031182 0.041005 0.5882 0.3725 0.1765
v -0.465439 0.029765 0.039269 0.5882 0.3725 0.1765
v -0.465327 0.028712 0.037289 0.5882 0.3725 0.1765
v -0.465258 0.028064 0.035139 0.5882 0.3725 0.1765
v -0.465258 0.028064 0.030669 0.5882 0.3725 0.1765
v -0.465327 0.028712 0.028520 0.5882 0.3725 0.1765
v -0.465439 0.029765 0.026540 0.5882 0.3725 0.1765
v -0.465589 0.031182 0.024804 0.5882 0.3725 0.1765
v -0.465773 0.032908 0.023379 0.5882 0.3725 0.1765
v -0.465982 0.034878 0.022320 0.5882 0.3725 0.1765
v -0.466209 0.037015 0.021668 0.5882 0.3725 0.1765
v -0.466681 0.041460 0.021668 0.5882 0.3725 0.1765
v -0.466908 0.043597 0.022320 0.5882 0.3725 0.1765
v -0.467118 0.045566 0.023379 0.5882 0.3725 0.1765
v -0.467301 0.047292 0.024804 0.5882 0.3725 0.1765
v -0.467452 0.048709 0.026540 0.5882 0.3725 0.1765
v -0.467563 0.049762 0.028520 0.5882 0.3725 0.1765
v -0.467632 0.050410 0.030669 0.5882 0.3725 0.1765
v -0.467632 0.050410 0.035139 0.5882 0.3725 0.1765
v -0.467563 0.049762 0.037289 0.5882 0.3725 0.1765
v -0.467452 0.048709 0.039269 0.5882 0.3725 0.1765
v -0.467301 0.047292 0.041005 0.5882 0.3725 0.1765
v -0.467118 0.045566 0.042430 0.5882 0.3725 0.1765
v -0.466908 0.043597 0.043488 0.5882 0.3725 0.1765
v -0.466681 0.041460 0.044140 0.5882 0.3725 0.1765
v -0.466573 0.040437 0.026836 0.5882 0.3725 0.1765
v -0.466318 0.038037 0.026836 0.5882 0.3725 0.1765
v -0.466082 0.035819 0.027760 0.5882 0.3725 0.1765
v -0.465902 0.034121 0.029467 0.5882 0.3725 0.1765
v -0.465804 0.033202 0.031697 0.5882 0.3725 0.1765
v -0.465804 0.033202 0.034112 0.5882 0.3725 0.1765
v -0.465902 0.034121 0.036342 0.5882 0.3725 0.1765
v -0.466082 0.035819 0.038049 0.5882 0.3725 0.1765
v -0.466318 0.038037 0.038973 0.5882 0.3725 0.1765
v -0.466573 0.040437 0.038973 0.5882 0.3725 0.1765
v -0.466808 0.042656 0.038049 0.5882 0.3725 0.1765
v -0.466989 0.044353 0.036342 0.5882 0.3725 0.1765
v -0.467086 0.045272 0.034112 0.5882 0.3725 0.1765
v -0.467086 0.045272 0.031697 0.5882 0.3725 0.1765
v -0.466989 0.044353 0.029467 0.5882 0.3725 0.1765
v -0.466808 0.042656 0.027760 0.5882 0.3725 0.1765
v -0.467549 0.049624 0.031777 0.5882 0.3725 0.1765
v -0.467635 0.050438 0.030957 0.5882 0.3725 0.1765
v -0.467517 0.049323 0.032904 0.5882 0.3725 0.1765
v -0.467549 0.049624 0.034032 0.5882 0.3725 0.1765
v -0.467635 0.050438 0.034851 0.5882 0.3725 0.1765
v -0.470174 0.049345 0.034032 0.5882 0.3725 0.1765
v -0.470261 0.050159 0.034851 0.5882 0.3725 0.1765
v -0.470142 0.049044 0.032904 0.5882 0.3725 0.1765
v -0.470174 0.049345 0.031777 0.5882 0.3725 0.1765
v -0.470261 0.050159 0.030957 0.5882 0.3725 0.1765
v -0.466445 0.039237 0.043047 0.5882 0.3725 0.1765
v -0.466326 0.038116 0.043349 0.5882 0.3725 0.1765
v -0.466240 0.037301 0.044169 0.5882 0.3725 0.1765
v -0.466564 0.040358 0.043349 0.5882 0.3725 0.1765
v -0.466651 0.041173 0.044169 0.5882 0.3725 0.1765
v -0.469190 0.040080 0.022460 0.5882 0.3725 0.1765
v -0.469276 0.040894 0.021640 0.5882 0.3725 0.1765
v -0.469071 0.038958 0.022762 0.5882 0.3725 0.1765
v -0.465342 0.028851 0.034032 0.5882 0.3725 0.1765
v -0.465255 0.028036 0.034851 0.5882 0.3725 0.1765
v -0.468952 0.037837 0.022460 0.5882 0.3725 0.1765
v -0.468865 0.037022 0.021640 0.5882 0.3725 0.1765
v -0.465374 0.029151 0.032904 0.5882 0.3725 0.1765
v -0.465342 0.028851 0.031777 0.5882 0.3725 0.1765
v -0.465255 0.028036 0.030957 0.5882 0.3725 0.1765
v -0.468865 0.037022 0.044169 0.5882 0.3725 0.1765
v -0.467881 0.027757 0.034851 0.5882 0.3725 0.1765
v -0.467881 0.027757 0.030957 0.5882 0.3725 0.1765
v -0.466240 0.037301 0.021640 0.5882 0.3725 0.1765
v -0.466651 0.041173 0.021640 0.5882 0.3725 0.1765
v -0.469276 0.040894 0.044169 0.5882 0.3725 0.1765
v -0.468952 0.037837 0.043349 0.5882 0.3725 0.1765
v -0.469071 0.038958 0.043047 0.5882 0.3725 0.1765
v -0.469190 0.040080 0.043349 0.5882 0.3725 0.1765
v -0.466445 0.039237 0.022762 0.5882 0.3725 0.1765
v -0.466564 0.040358 0.022460 0.5882 0.3725 0.1765
v -0.467967 0.028572 0.034032 0.5882 0.3725 0.1765
v -0.466326 0.038116 0.022460 0.5882 0.3725 0.1765
v -0.467967 0.028572 0.031777 0.5882 0.3725 0.1765
v -0.467999 0.028872 0.032904 0.5882 0.3725 0.1765
v -0.482752 0.028353 0.036674 0.5882 0.3725 0.1765
v -0.483315 0.033654 0.023804 0.5882 0.3725 0.1765
v -0.482692 0.027795 0.034826 0.5882 0.3725 0.1765
v -0.483510 0.035492 0.023243 0.5882 0.3725 0.1765
v -0.482672 0.027607 0.032904 0.5882 0.3725 0.1765
v -0.483713 0.037403 0.023054 0.5882 0.3725 0.1765
v -0.483510 0.035492 0.042566 0.5882 0.3725 0.1765
v -0.482692 0.027795 0.030983 0.5882 0.3725 0.1765
v -0.482752 0.028353 0.029135 0.5882 0.3725 0.1765
v -0.483315 0.033654 0.042005 0.5882 0.3725 0.1765
v -0.483135 0.031961 0.041095 0.5882 0.3725 0.1765
v -0.482848 0.029258 0.027432 0.5882 0.3725 0.1765
v -0.482977 0.030476 0.039870 0.5882 0.3725 0.1765
v -0.482977 0.030476 0.025939 0.5882 0.3725 0.1765
v -0.483713 0.037403 0.042755 0.5882 0.3725 0.1765
v -0.483135 0.031961 0.024714 0.5882 0.3725 0.1765
v -0.482848 0.029258 0.038377 0.5882 0.3725 0.1765
v -0.499153 0.028073 0.036072 0.5882 0.3725 0.1765
v -0.499626 0.032527 0.025258 0.5882 0.3725 0.1765
v -0.499103 0.027605 0.034519 0.5882 0.3725 0.1765
v -0.499086 0.027447 0.032904 0.5882 0.3725 0.1765
v -0.499103 0.027605 0.031290 0.5882 0.3725 0.1765
v -0.499153 0.028073 0.029737 0.5882 0.3725 0.1765
v -0.499626 0.032527 0.040550 0.5882 0.3725 0.1765
v -0.499475 0.031104 0.039786 0.5882 0.3725 0.1765
v -0.499234 0.028834 0.028307 0.5882 0.3725 0.1765
v -0.499343 0.029857 0.038757 0.5882 0.3725 0.1765
v -0.499343 0.029857 0.027052 0.5882 0.3725 0.1765
v -0.499475 0.031104 0.026023 0.5882 0.3725 0.1765
v -0.499234 0.028834 0.037502 0.5882 0.3725 0.1765
v -0.486565 0.035167 0.023243 0.5882 0.3725 0.1765
v -0.486370 0.033329 0.023804 0.5882 0.3725 0.1765
v -0.486370 0.033329 0.042005 0.5882 0.3725 0.1765
v -0.486565 0.035167 0.042566 0.5882 0.3725 0.1765
v -0.486768 0.037078 0.023054 0.5882 0.3725 0.1765
v -0.486190 0.031636 0.041095 0.5882 0.3725 0.1765
v -0.486032 0.030152 0.039870 0.5882 0.3725 0.1765
v -0.485903 0.028933 0.038377 0.5882 0.3725 0.1765
v -0.486768 0.037078 0.042755 0.5882 0.3725 0.1765
v -0.485806 0.028028 0.036674 0.5882 0.3725 0.1765
v -0.485747 0.027471 0.034826 0.5882 0.3725 0.1765
v -0.485727 0.027283 0.032904 0.5882 0.3725 0.1765
v -0.485747 0.027471 0.030983 0.5882 0.3725 0.1765
v -0.485806 0.028028 0.029135 0.5882 0.3725 0.1765
v -0.485903 0.028933 0.027432 0.5882 0.3725 0.1765
v -0.486032 0.030152 0.025939 0.5882 0.3725 0.1765
v -0.486190 0.031636 0.024714 0.5882 0.3725 0.1765
v -0.495282 0.032666 0.024484 0.5882 0.3725 0.1765
v -0.490648 0.032948 0.023978 0.5882 0.3725 0.1765
v -0.495463 0.034366 0.041844 0.5882 0.3725 0.1765
v -0.490839 0.034750 0.042381 0.5882 0.3725 0.1765
v -0.490839 0.034750 0.023428 0.5882 0.3725 0.1765
v -0.495463 0.034366 0.023965 0.5882 0.3725 0.1765
v -0.490648 0.032948 0.041831 0.5882 0.3725 0.1765
v -0.495282 0.032666 0.041325 0.5882 0.3725 0.1765
v -0.490471 0.031286 0.040938 0.5882 0.3725 0.1765
v -0.495115 0.031099 0.040483 0.5882 0.3725 0.1765
v -0.490317 0.029831 0.039737 0.5882 0.3725 0.1765
v -0.494970 0.029725 0.039349 0.5882 0.3725 0.1765
v -0.490190 0.028636 0.038272 0.5882 0.3725 0.1765
v -0.494850 0.028598 0.037968 0.5882 0.3725 0.1765
v -0.490095 0.027748 0.036602 0.5882 0.3725 0.1765
v -0.494761 0.027761 0.036392 0.5882 0.3725 0.1765
v -0.490037 0.027201 0.034789 0.5882 0.3725 0.1765
v -0.494706 0.027245 0.034683 0.5882 0.3725 0.1765
v -0.490018 0.027017 0.032904 0.5882 0.3725 0.1765
v -0.494688 0.027071 0.032904 0.5882 0.3725 0.1765
v -0.490037 0.027201 0.031019 0.5882 0.3725 0.1765
v -0.494706 0.027245 0.031126 0.5882 0.3725 0.1765
v -0.490095 0.027748 0.029207 0.5882 0.3725 0.1765
v -0.494761 0.027761 0.029416 0.5882 0.3725 0.1765
v -0.490190 0.028636 0.027536 0.5882 0.3725 0.1765
v -0.494850 0.028598 0.027841 0.5882 0.3725 0.1765
v -0.490317 0.029831 0.026072 0.5882 0.3725 0.1765
v -0.494970 0.029725 0.026459 0.5882 0.3725 0.1765
v -0.490471 0.031286 0.024871 0.5882 0.3725 0.1765
v -0.495115 0.031099 0.025326 0.5882 0.3725 0.1765
v -0.483713 0.037403 0.042065 0.5882 0.3725 0.1765
v -0.483524 0.035625 0.041889 0.5882 0.3725 0.1765
v -0.483343 0.033916 0.041368 0.5882 0.3725 0.1765
v -0.483175 0.032341 0.040522 0.5882 0.3725 0.1765
v -0.483029 0.030961 0.039382 0.5882 0.3725 0.1765
v -0.482908 0.029828 0.037994 0.5882 0.3725 0.1765
v -0.482819 0.028986 0.036410 0.5882 0.3725 0.1765
v -0.482764 0.028468 0.034692 0.5882 0.3725 0.1765
v -0.482745 0.028293 0.032904 0.5882 0.3725 0.1765
v -0.482764 0.028468 0.031117 0.5882 0.3725 0.1765
v -0.482819 0.028986 0.029399 0.5882 0.3725 0.1765
v -0.482908 0.029828 0.027815 0.5882 0.3725 0.1765
v -0.483029 0.030961 0.026427 0.5882 0.3725 0.1765
v -0.483175 0.032341 0.025287 0.5882 0.3725 0.1765
v -0.483343 0.033916 0.024441 0.5882 0.3725 0.1765
v -0.483524 0.035625 0.023919 0.5882 0.3725 0.1765
v -0.483713 0.037403 0.023744 0.5882 0.3725 0.1765
v -0.486579 0.035301 0.023919 0.5882 0.3725 0.1765
v -0.486397 0.033592 0.041368 0.5882 0.3725 0.1765
v -0.486768 0.037078 0.023744 0.5882 0.3725 0.1765
v -0.486230 0.032017 0.040522 0.5882 0.3725 0.1765
v -0.486083 0.030637 0.039382 0.5882 0.3725 0.1765
v -0.485963 0.029504 0.037994 0.5882 0.3725 0.1765
v -0.486768 0.037078 0.042065 0.5882 0.3725 0.1765
v -0.485874 0.028662 0.036410 0.5882 0.3725 0.1765
v -0.485819 0.028143 0.034692 0.5882 0.3725 0.1765
v -0.485800 0.027968 0.032904 0.5882 0.3725 0.1765
v -0.485819 0.028143 0.031117 0.5882 0.3725 0.1765
v -0.485874 0.028662 0.029399 0.5882 0.3725 0.1765
v -0.485963 0.029504 0.027815 0.5882 0.3725 0.1765
v -0.486083 0.030637 0.026427 0.5882 0.3725 0.1765
v -0.486230 0.032017 0.025287 0.5882 0.3725 0.1765
v -0.486397 0.033592 0.024441 0.5882 0.3725 0.1765
v -0.486579 0.035301 0.041889 0.5882 0.3725 0.1765
v -0.486640 0.035878 0.038973 0.5882 0.3725 0.1765
v -0.486640 0.035878 0.026836 0.5882 0.3725 0.1765
v -0.486224 0.031962 0.036342 0.5882 0.3725 0.1765
v -0.486405 0.033659 0.038049 0.5882 0.3725 0.1765
v -0.486127 0.031043 0.031697 0.5882 0.3725 0.1765
v -0.486127 0.031043 0.034112 0.5882 0.3725 0.1765
v -0.486405 0.033659 0.027760 0.5882 0.3725 0.1765
v -0.486224 0.031962 0.029467 0.5882 0.3725 0.1765
v -0.489490 0.035575 0.040596 0.5882 0.3725 0.1765
v -0.489490 0.035575 0.025213 0.5882 0.3725 0.1765
v -0.489074 0.031659 0.037261 0.5882 0.3725 0.1765
v -0.489254 0.033357 0.039425 0.5882 0.3725 0.1765
v -0.488976 0.030740 0.031374 0.5882 0.3725 0.1765
v -0.488976 0.030740 0.034434 0.5882 0.3725 0.1765
v -0.489254 0.033357 0.026384 0.5882 0.3725 0.1765
v -0.489074 0.031659 0.028547 0.5882 0.3725 0.1765
v -0.496459 0.030875 0.036818 0.5882 0.3725 0.1765
v -0.496640 0.032572 0.038761 0.5882 0.3725 0.1765
v -0.496362 0.029956 0.031530 0.5882 0.3725 0.1765
v -0.496362 0.029956 0.034279 0.5882 0.3725 0.1765
v -0.496640 0.032572 0.027048 0.5882 0.3725 0.1765
v -0.496459 0.030875 0.028991 0.5882 0.3725 0.1765
v -0.499467 0.028346 0.034365 0.5882 0.3725 0.1765
v -0.499467 0.028346 0.031444 0.5882 0.3725 0.1765
v -0.499585 0.029458 0.037063 0.5882 0.3725 0.1765
v -0.499804 0.031511 0.039128 0.5882 0.3725 0.1765
v -0.499585 0.029458 0.028746 0.5882 0.3725 0.1765
v -0.499804 0.031511 0.026681 0.5882 0.3725 0.1765
v -0.499725 0.033457 0.027260 0.5882 0.3725 0.1765
v -0.499725 0.033457 0.038549 0.5882 0.3725 0.1765
v -0.483805 0.039069 0.027026 0.5882 0.3725 0.1765
v -0.485681 0.038407 0.026836 0.5882 0.3725 0.1765
v -0.483257 0.039384 0.027130 0.5882 0.3725 0.1765
v -0.481498 0.041095 0.027760 0.5882 0.3725 0.1765
v -0.480935 0.042872 0.029467 0.5882 0.3725 0.1765
v -0.480879 0.043807 0.031697 0.5882 0.3725 0.1765
v -0.480935 0.042872 0.036342 0.5882 0.3725 0.1765
v -0.481498 0.041095 0.038049 0.5882 0.3725 0.1765
v -0.483805 0.039069 0.038783 0.5882 0.3725 0.1765
v -0.483257 0.039384 0.038647 0.5882 0.3725 0.1765
v -0.485681 0.038407 0.038973 0.5882 0.3725 0.1765
v -0.483887 0.039040 0.023216 0.5882 0.3725 0.1765
v -0.483257 0.039384 0.023243 0.5882 0.3725 0.1765
v -0.481347 0.041445 0.023804 0.5882 0.3725 0.1765
v -0.480910 0.043204 0.024714 0.5882 0.3725 0.1765
v -0.480974 0.044698 0.025939 0.5882 0.3725 0.1765
v -0.481103 0.045916 0.027432 0.5882 0.3725 0.1765
v -0.481200 0.046822 0.029135 0.5882 0.3725 0.1765
v -0.481259 0.047379 0.030983 0.5882 0.3725 0.1765
v -0.481279 0.047567 0.032904 0.5882 0.3725 0.1765
v -0.481259 0.047379 0.034826 0.5882 0.3725 0.1765
v -0.481200 0.046822 0.036674 0.5882 0.3725 0.1765
v -0.481103 0.045916 0.038377 0.5882 0.3725 0.1765
v -0.480974 0.044698 0.039870 0.5882 0.3725 0.1765
v -0.480870 0.043718 0.040678 0.5882 0.3725 0.1765
v -0.480910 0.043204 0.041095 0.5882 0.3725 0.1765
v -0.480980 0.042296 0.041573 0.5882 0.3725 0.1765
v -0.481347 0.041445 0.042005 0.5882 0.3725 0.1765
v -0.481576 0.040913 0.042158 0.5882 0.3725 0.1765
v -0.483257 0.039384 0.042566 0.5882 0.3725 0.1765
v -0.482134 0.040178 0.042362 0.5882 0.3725 0.1765
v -0.483887 0.039040 0.042593 0.5882 0.3725 0.1765
v -0.490611 0.036670 0.042585 0.5882 0.3725 0.1765
v -0.491028 0.036523 0.042556 0.5882 0.3725 0.1765
v -0.491028 0.036523 0.023253 0.5882 0.3725 0.1765
v -0.486865 0.037990 0.023144 0.5882 0.3725 0.1765
v -0.486865 0.037990 0.042665 0.5882 0.3725 0.1765
v -0.486865 0.037990 0.023834 0.5882 0.3725 0.1765
v -0.483887 0.039040 0.023906 0.5882 0.3725 0.1765
v -0.495523 0.034938 0.041900 0.5882 0.3725 0.1765
v -0.497550 0.034224 0.041447 0.5882 0.3725 0.1765
v -0.495523 0.034938 0.023909 0.5882 0.3725 0.1765
v -0.499725 0.033457 0.040834 0.5882 0.3725 0.1765
v -0.499725 0.033457 0.024975 0.5882 0.3725 0.1765
v -0.483887 0.039040 0.041903 0.5882 0.3725 0.1765
v -0.486865 0.037990 0.041975 0.5882 0.3725 0.1765
v -0.500000 0.033360 0.039898 0.5882 0.3725 0.1765
v -0.499725 0.033457 0.040766 0.5882 0.3725 0.1765
v -0.500000 0.033360 0.025911 0.5882 0.3725 0.1765
v -0.489642 0.037011 0.025213 0.5882 0.3725 0.1765
v -0.489642 0.037011 0.040596 0.5882 0.3725 0.1765
v -0.480879 0.043807 0.034112 0.5882 0.3725 0.1765
v -0.496842 0.034473 0.039663 0.5882 0.3725 0.1765
v -0.496842 0.034473 0.026146 0.5882 0.3725 0.1765
v -0.499725 0.033457 0.025043 0.5882 0.3725 0.1765
v -0.482095 0.040269 0.027406 0.5882 0.3725 0.1765
v -0.482020 0.040444 0.023523 0.5882 0.3725 0.1765
v -0.482095 0.040269 0.038297 0.5882 0.3725 0.1765
v -0.234945 0.056242 0.059551 0.5882 0.3725 0.1765
v -0.234475 0.056245 0.060019 0.5882 0.3725 0.1765
v -0.234194 0.053598 0.057357 0.5882 0.3725 0.1765
v -0.234708 0.054014 0.057311 0.5882 0.3725 0.1765
v -0.234846 0.055316 0.059366 0.5882 0.3725 0.1765
v -0.234362 0.055184 0.059807 0.5882 0.3725 0.1765
v -0.234775 0.054646 0.058916 0.5882 0.3725 0.1765
v -0.234274 0.054360 0.059254 0.5882 0.3725 0.1765
v -0.234728 0.054198 0.058243 0.5882 0.3725 0.1765
v -0.234216 0.053809 0.058425 0.5882 0.3725 0.1765
v -0.236545 0.071301 0.057311 0.5882 0.3725 0.1765
v -0.236129 0.071815 0.057357 0.5882 0.3725 0.1765
v -0.235848 0.069168 0.060019 0.5882 0.3725 0.1765
v -0.236308 0.069073 0.059551 0.5882 0.3725 0.1765
v -0.236107 0.071604 0.058425 0.5882 0.3725 0.1765
v -0.236525 0.071116 0.058243 0.5882 0.3725 0.1765
v -0.236048 0.071054 0.059254 0.5882 0.3725 0.1765
v -0.236478 0.070669 0.058916 0.5882 0.3725 0.1765
v -0.235961 0.070230 0.059807 0.5882 0.3725 0.1765
v -0.236406 0.069999 0.059366 0.5882 0.3725 0.1765
v -0.238576 0.053603 0.057311 0.5882 0.3725 0.1765
v -0.238991 0.053089 0.057357 0.5882 0.3725 0.1765
v -0.239273 0.055736 0.060019 0.5882 0.3725 0.1765
v -0.238812 0.055831 0.059551 0.5882 0.3725 0.1765
v -0.239014 0.053300 0.058425 0.5882 0.3725 0.1765
v -0.238595 0.053787 0.058243 0.5882 0.3725 0.1765
v -0.239072 0.053850 0.059254 0.5882 0.3725 0.1765
v -0.238643 0.054235 0.058916 0.5882 0.3725 0.1765
v -0.239160 0.054674 0.059807 0.5882 0.3725 0.1765
v -0.238714 0.054905 0.059366 0.5882 0.3725 0.1765
v -0.240175 0.068662 0.059551 0.5882 0.3725 0.1765
v -0.240645 0.068659 0.060019 0.5882 0.3725 0.1765
v -0.240927 0.071306 0.057357 0.5882 0.3725 0.1765
v -0.240412 0.070890 0.057311 0.5882 0.3725 0.1765
v -0.240274 0.069588 0.059366 0.5882 0.3725 0.1765
v -0.240758 0.069720 0.059807 0.5882 0.3725 0.1765
v -0.240345 0.070258 0.058916 0.5882 0.3725 0.1765
v -0.240846 0.070544 0.059254 0.5882 0.3725 0.1765
v -0.240393 0.070706 0.058243 0.5882 0.3725 0.1765
v -0.240904 0.071095 0.058425 0.5882 0.3725 0.1765
v -0.240611 0.072764 0.049592 0.5882 0.3725 0.1765
v -0.241027 0.072249 0.049592 0.5882 0.3725 0.1765
v -0.238352 0.051499 0.048816 0.5882 0.3725 0.1765
v -0.238867 0.051915 0.049592 0.5882 0.3725 0.1765
v -0.236744 0.073175 0.049592 0.5882 0.3725 0.1765
v -0.236229 0.072759 0.049592 0.5882 0.3725 0.1765
v -0.234485 0.051910 0.048816 0.5882 0.3725 0.1765
v -0.234069 0.052425 0.049592 0.5882 0.3725 0.1765
v -0.238380 0.051764 0.058784 0.5882 0.3725 0.1765
v -0.238892 0.052152 0.058602 0.5882 0.3725 0.1765
v -0.238867 0.051915 0.057402 0.5882 0.3725 0.1765
v -0.238352 0.051499 0.057448 0.5882 0.3725 0.1765
v -0.234485 0.051910 0.057448 0.5882 0.3725 0.1765
v -0.234069 0.052425 0.057402 0.5882 0.3725 0.1765
v -0.234094 0.052662 0.058602 0.5882 0.3725 0.1765
v -0.234513 0.052175 0.058784 0.5882 0.3725 0.1765
v -0.238460 0.052516 0.059917 0.5882 0.3725 0.1765
v -0.238961 0.052802 0.059579 0.5882 0.3725 0.1765
v -0.234163 0.053312 0.059579 0.5882 0.3725 0.1765
v -0.234593 0.052927 0.059917 0.5882 0.3725 0.1765
v -0.238580 0.053643 0.060674 0.5882 0.3725 0.1765
v -0.239064 0.053775 0.060233 0.5882 0.3725 0.1765
v -0.234266 0.054284 0.060233 0.5882 0.3725 0.1765
v -0.234712 0.054053 0.060674 0.5882 0.3725 0.1765
v -0.238803 0.055739 0.060939 0.5882 0.3725 0.1765
v -0.239273 0.055736 0.060471 0.5882 0.3725 0.1765
v -0.234475 0.056245 0.060471 0.5882 0.3725 0.1765
v -0.234935 0.056150 0.060939 0.5882 0.3725 0.1765
v -0.236716 0.072910 0.058784 0.5882 0.3725 0.1765
v -0.236204 0.072522 0.058602 0.5882 0.3725 0.1765
v -0.236229 0.072759 0.057402 0.5882 0.3725 0.1765
v -0.236744 0.073175 0.057448 0.5882 0.3725 0.1765
v -0.240611 0.072764 0.057448 0.5882 0.3725 0.1765
v -0.241027 0.072249 0.057402 0.5882 0.3725 0.1765
v -0.241002 0.072012 0.058602 0.5882 0.3725 0.1765
v -0.240583 0.072500 0.058784 0.5882 0.3725 0.1765
v -0.236636 0.072158 0.059917 0.5882 0.3725 0.1765
v -0.236135 0.071872 0.059579 0.5882 0.3725 0.1765
v -0.240933 0.071362 0.059579 0.5882 0.3725 0.1765
v -0.240503 0.071747 0.059917 0.5882 0.3725 0.1765
v -0.236516 0.071032 0.060674 0.5882 0.3725 0.1765
v -0.236032 0.070899 0.060233 0.5882 0.3725 0.1765
v -0.240829 0.070390 0.060233 0.5882 0.3725 0.1765
v -0.240384 0.070621 0.060674 0.5882 0.3725 0.1765
v -0.236318 0.069165 0.060939 0.5882 0.3725 0.1765
v -0.235848 0.069168 0.060471 0.5882 0.3725 0.1765
v -0.240645 0.068659 0.060471 0.5882 0.3725 0.1765
v -0.240185 0.068754 0.060939 0.5882 0.3725 0.1765
v -0.234819 0.055061 0.052767 0.5882 0.3725 0.1765
v -0.234708 0.054014 0.053820 0.5882 0.3725 0.1765
v -0.234764 0.054537 0.052908 0.5882 0.3725 0.1765
v -0.234723 0.054154 0.053294 0.5882 0.3725 0.1765
v -0.234305 0.054648 0.052300 0.5882 0.3725 0.1765
v -0.234194 0.053598 0.053356 0.5882 0.3725 0.1765
v -0.234249 0.054123 0.052441 0.5882 0.3725 0.1765
v -0.234208 0.053739 0.052828 0.5882 0.3725 0.1765
v -0.238991 0.053089 0.053356 0.5882 0.3725 0.1765
v -0.239103 0.054139 0.052300 0.5882 0.3725 0.1765
v -0.239006 0.053229 0.052828 0.5882 0.3725 0.1765
v -0.239047 0.053614 0.052441 0.5882 0.3725 0.1765
v -0.238576 0.053603 0.053820 0.5882 0.3725 0.1765
v -0.238687 0.054650 0.052767 0.5882 0.3725 0.1765
v -0.238590 0.053743 0.053294 0.5882 0.3725 0.1765
v -0.238631 0.054127 0.052908 0.5882 0.3725 0.1765
v -0.236129 0.071815 0.053299 0.5882 0.3725 0.1765
v -0.236023 0.070821 0.052300 0.5882 0.3725 0.1765
v -0.236098 0.071524 0.052592 0.5882 0.3725 0.1765
v -0.236545 0.071301 0.053764 0.5882 0.3725 0.1765
v -0.236439 0.070310 0.052767 0.5882 0.3725 0.1765
v -0.236514 0.071010 0.053059 0.5882 0.3725 0.1765
v -0.240307 0.069899 0.052767 0.5882 0.3725 0.1765
v -0.240412 0.070890 0.053764 0.5882 0.3725 0.1765
v -0.240381 0.070600 0.053059 0.5882 0.3725 0.1765
v -0.240821 0.070312 0.052300 0.5882 0.3725 0.1765
v -0.240927 0.071306 0.053299 0.5882 0.3725 0.1765
v -0.240896 0.071015 0.052592 0.5882 0.3725 0.1765
v 0.447595 0.021611 0.038103 0.3608 0.3686 0.3882
v 0.447483 0.021123 0.038103 0.3608 0.3686 0.3882
v 0.449550 0.021164 0.037789 0.3608 0.3686 0.3882
v 0.449438 0.020675 0.037789 0.3608 0.3686 0.3882
v 0.451239 0.020777 0.036731 0.3608 0.3686 0.3882
v 0.451127 0.020289 0.036731 0.3608 0.3686 0.3882
v 0.452405 0.020510 0.035092 0.3608 0.3686 0.3882
v 0.452293 0.020022 0.035092 0.3608 0.3686 0.3882
v 0.452871 0.020403 0.033119 0.3608 0.3686 0.3882
v 0.452759 0.019915 0.033119 0.3608 0.3686 0.3882
v 0.452565 0.020473 0.031113 0.3608 0.3686 0.3882
v 0.452453 0.019985 0.031113 0.3608 0.3686 0.3882
v 0.451534 0.020709 0.029380 0.3608 0.3686 0.3882
v 0.451422 0.020221 0.029380 0.3608 0.3686 0.3882
v 0.449935 0.021075 0.028184 0.3608 0.3686 0.3882
v 0.449824 0.020587 0.028184 0.3608 0.3686 0.3882
v 0.448012 0.021515 0.027706 0.3608 0.3686 0.3882
v 0.447901 0.021027 0.027706 0.3608 0.3686 0.3882
v 0.446057 0.021963 0.028020 0.3608 0.3686 0.3882
v 0.445946 0.021475 0.028020 0.3608 0.3686 0.3882
v 0.444368 0.022349 0.029077 0.3608 0.3686 0.3882
v 0.444257 0.021861 0.029077 0.3608 0.3686 0.3882
v 0.443202 0.022616 0.030717 0.3608 0.3686 0.3882
v 0.443090 0.022128 0.030717 0.3608 0.3686 0.3882
v 0.442736 0.022723 0.032690 0.3608 0.3686 0.3882
v 0.442624 0.022235 0.032690 0.3608 0.3686 0.3882
v 0.443042 0.022653 0.034696 0.3608 0.3686 0.3882
v 0.442930 0.022165 0.034696 0.3608 0.3686 0.3882
v 0.444073 0.022417 0.036428 0.3608 0.3686 0.3882
v 0.443961 0.021929 0.036428 0.3608 0.3686 0.3882
v 0.445671 0.022051 0.037625 0.3608 0.3686 0.3882
v 0.445560 0.021563 0.037625 0.3608 0.3686 0.3882
v 0.448413 0.020300 0.036324 0.3608 0.3686 0.3882
v 0.447418 0.020513 0.036343 0.3608 0.3686 0.3882
v 0.450146 0.019903 0.035239 0.3608 0.3686 0.3882
v 0.450600 0.019785 0.034351 0.3608 0.3686 0.3882
v 0.450908 0.019714 0.033046 0.3608 0.3686 0.3882
v 0.450706 0.019761 0.031719 0.3608 0.3686 0.3882
v 0.450024 0.019917 0.030573 0.3608 0.3686 0.3882
v 0.448966 0.020159 0.029782 0.3608 0.3686 0.3882
v 0.447694 0.020450 0.029466 0.3608 0.3686 0.3882
v 0.446719 0.020687 0.029476 0.3608 0.3686 0.3882
v 0.444985 0.021085 0.030561 0.3608 0.3686 0.3882
v 0.444512 0.021178 0.031457 0.3608 0.3686 0.3882
v 0.444204 0.021249 0.032763 0.3608 0.3686 0.3882
v 0.444406 0.021202 0.034089 0.3608 0.3686 0.3882
v 0.445088 0.021046 0.035236 0.3608 0.3686 0.3882
v 0.446146 0.020804 0.036027 0.3608 0.3686 0.3882
v 0.427579 0.026020 0.037800 0.3608 0.3686 0.3882
v 0.427468 0.025532 0.037801 0.3608 0.3686 0.3882
v 0.429275 0.025630 0.036755 0.3608 0.3686 0.3882
v 0.429164 0.025141 0.036756 0.3608 0.3686 0.3882
v 0.430451 0.025356 0.035123 0.3608 0.3686 0.3882
v 0.430340 0.024868 0.035125 0.3608 0.3686 0.3882
v 0.430929 0.025241 0.033154 0.3608 0.3686 0.3882
v 0.430818 0.024752 0.033155 0.3608 0.3686 0.3882
v 0.430636 0.025301 0.031146 0.3608 0.3686 0.3882
v 0.430525 0.024813 0.031147 0.3608 0.3686 0.3882
v 0.429616 0.025529 0.029406 0.3608 0.3686 0.3882
v 0.429504 0.025040 0.029407 0.3608 0.3686 0.3882
v 0.428024 0.025888 0.028198 0.3608 0.3686 0.3882
v 0.427913 0.025400 0.028200 0.3608 0.3686 0.3882
v 0.426104 0.026325 0.027707 0.3608 0.3686 0.3882
v 0.425992 0.025837 0.027708 0.3608 0.3686 0.3882
v 0.424147 0.026773 0.028006 0.3608 0.3686 0.3882
v 0.424035 0.026284 0.028008 0.3608 0.3686 0.3882
v 0.422451 0.027163 0.029051 0.3608 0.3686 0.3882
v 0.422339 0.026675 0.029053 0.3608 0.3686 0.3882
v 0.421275 0.027437 0.030683 0.3608 0.3686 0.3882
v 0.421163 0.026948 0.030684 0.3608 0.3686 0.3882
v 0.420797 0.027552 0.032652 0.3608 0.3686 0.3882
v 0.420685 0.027063 0.032654 0.3608 0.3686 0.3882
v 0.421090 0.027491 0.034660 0.3608 0.3686 0.3882
v 0.420979 0.027003 0.034662 0.3608 0.3686 0.3882
v 0.422110 0.027264 0.036400 0.3608 0.3686 0.3882
v 0.421999 0.026775 0.036402 0.3608 0.3686 0.3882
v 0.423702 0.026904 0.037608 0.3608 0.3686 0.3882
v 0.423590 0.026416 0.037609 0.3608 0.3686 0.3882
v 0.425622 0.026468 0.038099 0.3608 0.3686 0.3882
v 0.425511 0.025979 0.038101 0.3608 0.3686 0.3882
v 0.427666 0.024870 0.035746 0.3608 0.3686 0.3882
v 0.426751 0.025065 0.036146 0.3608 0.3686 0.3882
v 0.428874 0.024588 0.034071 0.3608 0.3686 0.3882
v 0.428968 0.024550 0.033072 0.3608 0.3686 0.3882
v 0.428773 0.024590 0.031744 0.3608 0.3686 0.3882
v 0.428099 0.024740 0.030593 0.3608 0.3686 0.3882
v 0.427046 0.024978 0.029794 0.3608 0.3686 0.3882
v 0.425776 0.025267 0.029469 0.3608 0.3686 0.3882
v 0.424481 0.025563 0.029667 0.3608 0.3686 0.3882
v 0.423581 0.025784 0.030054 0.3608 0.3686 0.3882
v 0.422374 0.026066 0.031729 0.3608 0.3686 0.3882
v 0.422265 0.026079 0.032740 0.3608 0.3686 0.3882
v 0.422459 0.026039 0.034069 0.3608 0.3686 0.3882
v 0.423133 0.025888 0.035220 0.3608 0.3686 0.3882
v 0.424186 0.025650 0.036019 0.3608 0.3686 0.3882
v 0.425457 0.025362 0.036344 0.3608 0.3686 0.3882
v -0.464412 0.083668 0.032904 0.5882 0.3725 0.1765
v -0.464940 0.088638 0.032904 0.5882 0.3725 0.1765
v -0.464290 0.083681 0.032132 0.5882 0.3725 0.1765
v -0.464818 0.088651 0.032132 0.5882 0.3725 0.1765
v -0.463937 0.083719 0.031436 0.5882 0.3725 0.1765
v -0.464465 0.088688 0.031436 0.5882 0.3725 0.1765
v -0.463387 0.083777 0.030883 0.5882 0.3725 0.1765
v -0.463915 0.088747 0.030883 0.5882 0.3725 0.1765
v -0.462695 0.083851 0.030528 0.5882 0.3725 0.1765
v -0.463223 0.088820 0.030528 0.5882 0.3725 0.1765
v -0.461927 0.083932 0.030406 0.5882 0.3725 0.1765
v -0.462455 0.088902 0.030406 0.5882 0.3725 0.1765
v -0.461159 0.084014 0.030528 0.5882 0.3725 0.1765
v -0.461687 0.088983 0.030528 0.5882 0.3725 0.1765
v -0.460467 0.084088 0.030883 0.5882 0.3725 0.1765
v -0.459917 0.084146 0.031436 0.5882 0.3725 0.1765
v -0.460445 0.089115 0.031436 0.5882 0.3725 0.1765
v -0.459564 0.084183 0.032132 0.5882 0.3725 0.1765
v -0.460092 0.089153 0.032132 0.5882 0.3725 0.1765
v -0.459442 0.084196 0.032904 0.5882 0.3725 0.1765
v -0.459970 0.089166 0.032904 0.5882 0.3725 0.1765
v -0.463425 0.091366 0.031205 0.5882 0.3725 0.1765
v -0.463438 0.090719 0.030565 0.5882 0.3725 0.1765
v -0.462725 0.091441 0.031064 0.5882 0.3725 0.1765
v -0.462657 0.090802 0.030409 0.5882 0.3725 0.1765
v -0.462025 0.091515 0.031205 0.5882 0.3725 0.1765
v -0.461882 0.090884 0.030564 0.5882 0.3725 0.1765
v -0.464117 0.090647 0.030883 0.5882 0.3725 0.1765
v -0.461197 0.090957 0.030883 0.5882 0.3725 0.1765
v -0.460995 0.089057 0.030883 0.5882 0.3725 0.1765
v -0.464185 0.091286 0.031656 0.5882 0.3725 0.1765
v -0.461264 0.091596 0.031656 0.5882 0.3725 0.1765
v -0.464185 0.091286 0.032904 0.5882 0.3725 0.1765
v -0.463915 0.088747 0.032904 0.5882 0.3725 0.1765
v -0.460995 0.089057 0.032904 0.5882 0.3725 0.1765
v -0.461264 0.091596 0.032904 0.5882 0.3725 0.1765
v -0.464290 0.083681 0.033677 0.5882 0.3725 0.1765
v -0.464818 0.088651 0.033677 0.5882 0.3725 0.1765
v -0.463937 0.083719 0.034373 0.5882 0.3725 0.1765
v -0.464465 0.088688 0.034373 0.5882 0.3725 0.1765
v -0.463387 0.083777 0.034926 0.5882 0.3725 0.1765
v -0.463915 0.088747 0.034926 0.5882 0.3725 0.1765
v -0.462695 0.083851 0.035281 0.5882 0.3725 0.1765
v -0.463223 0.088820 0.035281 0.5882 0.3725 0.1765
v -0.461927 0.083932 0.035403 0.5882 0.3725 0.1765
v -0.462455 0.088902 0.035403 0.5882 0.3725 0.1765
v -0.461159 0.084014 0.035281 0.5882 0.3725 0.1765
v -0.461687 0.088983 0.035281 0.5882 0.3725 0.1765
v -0.460467 0.084088 0.034926 0.5882 0.3725 0.1765
v -0.459917 0.084146 0.034373 0.5882 0.3725 0.1765
v -0.460445 0.089115 0.034373 0.5882 0.3725 0.1765
v -0.459564 0.084183 0.033677 0.5882 0.3725 0.1765
v -0.460092 0.089153 0.033677 0.5882 0.3725 0.1765
v -0.463425 0.091366 0.034604 0.5882 0.3725 0.1765
v -0.463438 0.090719 0.035243 0.5882 0.3725 0.1765
v -0.462725 0.091441 0.034745 0.5882 0.3725 0.1765
v -0.462657 0.090802 0.035400 0.5882 0.3725 0.1765
v -0.462025 0.091515 0.034604 0.5882 0.3725 0.1765
v -0.461882 0.090884 0.035245 0.5882 0.3725 0.1765
v -0.464117 0.090647 0.034926 0.5882 0.3725 0.1765
v -0.461197 0.090957 0.034926 0.5882 0.3725 0.1765
v -0.460995 0.089057 0.034926 0.5882 0.3725 0.1765
v -0.464185 0.091286 0.034153 0.5882 0.3725 0.1765
v -0.461264 0.091596 0.034153 0.5882 0.3725 0.1765
v -0.467294 0.049560 0.032904 0.5882 0.3725 0.1765
v -0.470449 0.049225 0.032904 0.5882 0.3725 0.1765
v -0.467320 0.049805 0.031987 0.5882 0.3725 0.1765
v -0.470475 0.049470 0.031987 0.5882 0.3725 0.1765
v -0.467391 0.050473 0.031316 0.5882 0.3725 0.1765
v -0.470546 0.050138 0.031316 0.5882 0.3725 0.1765
v -0.467488 0.051385 0.031070 0.5882 0.3725 0.1765
v -0.470643 0.051050 0.031070 0.5882 0.3725 0.1765
v -0.467585 0.052297 0.031316 0.5882 0.3725 0.1765
v -0.470739 0.051962 0.031316 0.5882 0.3725 0.1765
v -0.467656 0.052965 0.031987 0.5882 0.3725 0.1765
v -0.470810 0.052630 0.031987 0.5882 0.3725 0.1765
v -0.467682 0.053209 0.032904 0.5882 0.3725 0.1765
v -0.470836 0.052874 0.032904 0.5882 0.3725 0.1765
v -0.467656 0.052965 0.033822 0.5882 0.3725 0.1765
v -0.470810 0.052630 0.033822 0.5882 0.3725 0.1765
v -0.467585 0.052297 0.034493 0.5882 0.3725 0.1765
v -0.470739 0.051962 0.034493 0.5882 0.3725 0.1765
v -0.467488 0.051385 0.034739 0.5882 0.3725 0.1765
v -0.470643 0.051050 0.034739 0.5882 0.3725 0.1765
v -0.467391 0.050473 0.034493 0.5882 0.3725 0.1765
v -0.470546 0.050138 0.034493 0.5882 0.3725 0.1765
v -0.467320 0.049805 0.033822 0.5882 0.3725 0.1765
v -0.470475 0.049470 0.033822 0.5882 0.3725 0.1765
v -0.250181 0.073184 0.040766 0.5882 0.3725 0.1765
v -0.250181 0.073184 0.023870 0.5882 0.3725 0.1765
v -0.249910 0.072513 0.040766 0.5882 0.3725 0.1765
v -0.249910 0.072513 0.023870 0.5882 0.3725 0.1765
v -0.249403 0.071997 0.040766 0.5882 0.3725 0.1765
v -0.249403 0.071997 0.023870 0.5882 0.3725 0.1765
v -0.248737 0.071714 0.040766 0.5882 0.3725 0.1765
v -0.248737 0.071714 0.023870 0.5882 0.3725 0.1765
v -0.248013 0.071708 0.040766 0.5882 0.3725 0.1765
v -0.248013 0.071708 0.023870 0.5882 0.3725 0.1765
v -0.247342 0.071979 0.040766 0.5882 0.3725 0.1765
v -0.246826 0.072486 0.040766 0.5882 0.3725 0.1765
v -0.246543 0.073152 0.040766 0.5882 0.3725 0.1765
v -0.246536 0.073876 0.040766 0.5882 0.3725 0.1765
v -0.246807 0.074547 0.040766 0.5882 0.3725 0.1765
v -0.247314 0.075063 0.040766 0.5882 0.3725 0.1765
v -0.247980 0.075346 0.040766 0.5882 0.3725 0.1765
v -0.248704 0.075352 0.040766 0.5882 0.3725 0.1765
v -0.248704 0.075352 0.023870 0.5882 0.3725 0.1765
v -0.249375 0.075081 0.040766 0.5882 0.3725 0.1765
v -0.249375 0.075081 0.023870 0.5882 0.3725 0.1765
v -0.249892 0.074574 0.040766 0.5882 0.3725 0.1765
v -0.249892 0.074574 0.023870 0.5882 0.3725 0.1765
v -0.250175 0.073908 0.040766 0.5882 0.3725 0.1765
v -0.250175 0.073908 0.023870 0.5882 0.3725 0.1765
v -0.248013 0.071708 0.025550 0.5882 0.3725 0.1765
v -0.247342 0.071979 0.025550 0.5882 0.3725 0.1765
v -0.246826 0.072486 0.025550 0.5882 0.3725 0.1765
v -0.246543 0.073152 0.025550 0.5882 0.3725 0.1765
v -0.246536 0.073876 0.025550 0.5882 0.3725 0.1765
v -0.246807 0.074547 0.025550 0.5882 0.3725 0.1765
v -0.247314 0.075063 0.025550 0.5882 0.3725 0.1765
v -0.247980 0.075346 0.025550 0.5882 0.3725 0.1765
v -0.248704 0.075352 0.025550 0.5882 0.3725 0.1765
v -0.239190 0.073524 0.023870 0.5882 0.3725 0.1765
v -0.239862 0.073253 0.023870 0.5882 0.3725 0.1765
v -0.238674 0.074031 0.023870 0.5882 0.3725 0.1765
v -0.238391 0.074697 0.023870 0.5882 0.3725 0.1765
v -0.238384 0.075421 0.023870 0.5882 0.3725 0.1765
v -0.238655 0.076092 0.023870 0.5882 0.3725 0.1765
v -0.239163 0.076608 0.023870 0.5882 0.3725 0.1765
v -0.239829 0.076891 0.023870 0.5882 0.3725 0.1765
v -0.240552 0.076898 0.023870 0.5882 0.3725 0.1765
v -0.239862 0.073253 0.025550 0.5882 0.3725 0.1765
v -0.239190 0.073524 0.025550 0.5882 0.3725 0.1765
v -0.238674 0.074031 0.025550 0.5882 0.3725 0.1765
v -0.238391 0.074697 0.025550 0.5882 0.3725 0.1765
v -0.238384 0.075421 0.025550 0.5882 0.3725 0.1765
v -0.238655 0.076092 0.025550 0.5882 0.3725 0.1765
v -0.239163 0.076608 0.025550 0.5882 0.3725 0.1765
v -0.239829 0.076891 0.025550 0.5882 0.3725 0.1765
v -0.240552 0.076898 0.025550 0.5882 0.3725 0.1765
v 0.156676 0.063821 0.041462 0.5882 0.3725 0.1765
v 0.092185 0.059463 0.041462 0.3608 0.3686 0.3882
v 0.156676 0.063821 0.024347 0.5882 0.3725 0.1765
v 0.092185 0.059463 0.024347 0.3608 0.3686 0.3882
v 0.143315 0.027939 0.041462 0.5882 0.3725 0.1765
v 0.158197 0.043614 0.041462 0.5882 0.3725 0.1765
v 0.147774 0.028941 0.041462 0.5882 0.3725 0.1765
v 0.151686 0.031274 0.041462 0.5882 0.3725 0.1765
v 0.154446 0.034229 0.041462 0.5882 0.3725 0.1765
v 0.157831 0.039059 0.041462 0.5882 0.3725 0.1765
v 0.158197 0.043614 0.024347 0.5882 0.3725 0.1765
v 0.143315 0.027939 0.024347 0.3608 0.3686 0.3882
v 0.157831 0.039059 0.024347 0.5882 0.3725 0.1765
v 0.154446 0.034229 0.024347 0.5882 0.3725 0.1765
v 0.151686 0.031274 0.024347 0.5882 0.3725 0.1765
v 0.147774 0.028941 0.024347 0.5882 0.3725 0.1765
v 0.104666 0.025439 0.041462 0.3608 0.3686 0.3882
v 0.095451 0.029405 0.041462 0.3608 0.3686 0.3882
v 0.098053 0.027127 0.041462 0.3608 0.3686 0.3882
v 0.101229 0.025760 0.041462 0.3608 0.3686 0.3882
v 0.104666 0.025439 0.024347 0.3608 0.3686 0.3882
v 0.101229 0.025760 0.024347 0.3608 0.3686 0.3882
v 0.098053 0.027127 0.024347 0.3608 0.3686 0.3882
v 0.095451 0.029405 0.024347 0.3608 0.3686 0.3882
v 0.156414 0.036628 0.041462 0.5882 0.3725 0.1765
v 0.156414 0.036628 0.024347 0.5882 0.3725 0.1765
v 0.094563 0.030889 0.024347 0.3608 0.3686 0.3882
v 0.094563 0.030889 0.041462 0.3608 0.3686 0.3882
v 0.072419 0.058199 0.045271 0.3608 0.3686 0.3882
v 0.083139 0.029675 0.020538 0.3608 0.3686 0.3882
v 0.073766 0.037987 0.020538 0.3608 0.3686 0.3882
v 0.080742 0.029737 0.020538 0.3608 0.3686 0.3882
v 0.078500 0.030429 0.020538 0.3608 0.3686 0.3882
v 0.076565 0.031703 0.020538 0.3608 0.3686 0.3882
v 0.075069 0.033471 0.020538 0.3608 0.3686 0.3882
v 0.074115 0.035615 0.020538 0.3608 0.3686 0.3882
v 0.083139 0.029675 0.045271 0.3608 0.3686 0.3882
v 0.073766 0.037987 0.045271 0.3608 0.3686 0.3882
v 0.080742 0.029737 0.045271 0.3608 0.3686 0.3882
v 0.078500 0.030429 0.045271 0.3608 0.3686 0.3882
v 0.076565 0.031703 0.045271 0.3608 0.3686 0.3882
v 0.075069 0.033471 0.045271 0.3608 0.3686 0.3882
v 0.074115 0.035615 0.045271 0.3608 0.3686 0.3882
v 0.092185 0.059463 0.042090 0.3608 0.3686 0.3882
v 0.089009 0.059260 0.045271 0.3608 0.3686 0.3882
v 0.091943 0.059447 0.043308 0.3608 0.3686 0.3882
v 0.091253 0.059403 0.044340 0.3608 0.3686 0.3882
v 0.090224 0.059337 0.045029 0.3608 0.3686 0.3882
v 0.089009 0.059260 0.020538 0.3608 0.3686 0.3882
v 0.092185 0.059463 0.023718 0.3608 0.3686 0.3882
v 0.090224 0.059337 0.020780 0.3608 0.3686 0.3882
v 0.091253 0.059403 0.021469 0.3608 0.3686 0.3882
v 0.091943 0.059447 0.022501 0.3608 0.3686 0.3882
v 0.094563 0.030889 0.023718 0.3608 0.3686 0.3882
v 0.091399 0.030552 0.020538 0.3608 0.3686 0.3882
v 0.094322 0.030863 0.022501 0.3608 0.3686 0.3882
v 0.093637 0.030790 0.021469 0.3608 0.3686 0.3882
v 0.092610 0.030681 0.020780 0.3608 0.3686 0.3882
v 0.091399 0.030552 0.045271 0.3608 0.3686 0.3882
v 0.094563 0.030889 0.042090 0.3608 0.3686 0.3882
v 0.092610 0.030681 0.045029 0.3608 0.3686 0.3882
v 0.093637 0.030790 0.044340 0.3608 0.3686 0.3882
v 0.094322 0.030863 0.043308 0.3608 0.3686 0.3882
v 0.154660 0.063665 0.041462 0.5882 0.3725 0.1765
v 0.094207 0.059592 0.041462 0.3608 0.3686 0.3882
v 0.094207 0.059592 0.024347 0.3608 0.3686 0.3882
v 0.143026 0.029946 0.041462 0.5882 0.3725 0.1765
v 0.156168 0.043617 0.041462 0.5882 0.3725 0.1765
v 0.147016 0.030843 0.041462 0.5882 0.3725 0.1765
v 0.150404 0.032863 0.041462 0.5882 0.3725 0.1765
v 0.152924 0.035562 0.041462 0.5882 0.3725 0.1765
v 0.155852 0.039679 0.041462 0.5882 0.3725 0.1765
v 0.156168 0.043617 0.024347 0.5882 0.3725 0.1765
v 0.143026 0.029946 0.024347 0.5882 0.3725 0.1765
v 0.155852 0.039679 0.024347 0.5882 0.3725 0.1765
v 0.152924 0.035562 0.024347 0.5882 0.3725 0.1765
v 0.150404 0.032863 0.024347 0.5882 0.3725 0.1765
v 0.147016 0.030843 0.024347 0.5882 0.3725 0.1765
v 0.104695 0.027467 0.041462 0.5882 0.3725 0.1765
v 0.097022 0.030717 0.041462 0.3608 0.3686 0.3882
v 0.099145 0.028859 0.041462 0.3608 0.3686 0.3882
v 0.101735 0.027744 0.041462 0.3608 0.3686 0.3882
v 0.104695 0.027467 0.024347 0.3608 0.3686 0.3882
v 0.101735 0.027744 0.024347 0.3608 0.3686 0.3882
v 0.099145 0.028859 0.024347 0.3608 0.3686 0.3882
v 0.097022 0.030717 0.024347 0.3608 0.3686 0.3882
v 0.154748 0.037785 0.041462 0.5882 0.3725 0.1765
v 0.154748 0.037785 0.024347 0.5882 0.3725 0.1765
v 0.096577 0.031369 0.024347 0.3608 0.3686 0.3882
v 0.096577 0.031369 0.041462 0.3608 0.3686 0.3882
v 0.072419 0.058199 0.020538 0.3608 0.3686 0.3882
v 0.083139 0.029675 0.018516 0.3608 0.3686 0.3882
v 0.073766 0.037987 0.018516 0.3608 0.3686 0.3882
v 0.080742 0.029737 0.018516 0.3608 0.3686 0.3882
v 0.078500 0.030429 0.018516 0.3608 0.3686 0.3882
v 0.076565 0.031703 0.018516 0.3608 0.3686 0.3882
v 0.075069 0.033471 0.018516 0.3608 0.3686 0.3882
v 0.074115 0.035615 0.018516 0.3608 0.3686 0.3882
v 0.083139 0.029675 0.047293 0.3608 0.3686 0.3882
v 0.073766 0.037987 0.047293 0.3608 0.3686 0.3882
v 0.080742 0.029737 0.047293 0.3608 0.3686 0.3882
v 0.078500 0.030429 0.047293 0.3608 0.3686 0.3882
v 0.076565 0.031703 0.047293 0.3608 0.3686 0.3882
v 0.075069 0.033471 0.047293 0.3608 0.3686 0.3882
v 0.074115 0.035615 0.047293 0.3608 0.3686 0.3882
v 0.094207 0.059592 0.042290 0.3608 0.3686 0.3882
v 0.093848 0.059569 0.044097 0.3608 0.3686 0.3882
v 0.092714 0.059496 0.045798 0.3608 0.3686 0.3882
v 0.094207 0.059592 0.023519 0.3608 0.3686 0.3882
v 0.092714 0.059496 0.020011 0.3608 0.3686 0.3882
v 0.093848 0.059569 0.021712 0.3608 0.3686 0.3882
v 0.096578 0.031057 0.023519 0.3608 0.3686 0.3882
v 0.091595 0.030569 0.018515 0.3608 0.3686 0.3882
v 0.096220 0.031022 0.021710 0.3608 0.3686 0.3882
v 0.095087 0.030911 0.020009 0.3608 0.3686 0.3882
v 0.093392 0.030746 0.018873 0.3608 0.3686 0.3882
v 0.091595 0.030569 0.047294 0.3608 0.3686 0.3882
v 0.096578 0.031057 0.042290 0.3608 0.3686 0.3882
v 0.093392 0.030746 0.046936 0.3608 0.3686 0.3882
v 0.095087 0.030911 0.045800 0.3608 0.3686 0.3882
v 0.096220 0.031022 0.044099 0.3608 0.3686 0.3882
v 0.092822 0.058188 0.045798 0.3608 0.3686 0.3882
v 0.091103 0.058333 0.046934 0.3608 0.3686 0.3882
v 0.089302 0.058184 0.047294 0.3608 0.3686 0.3882
v 0.089302 0.058184 0.018515 0.3608 0.3686 0.3882
v 0.091103 0.058333 0.018874 0.3608 0.3686 0.3882
v 0.092822 0.058188 0.020011 0.3608 0.3686 0.3882
v 0.072483 0.057054 0.018516 0.3608 0.3686 0.3882
v 0.072483 0.057051 0.047294 0.3608 0.3686 0.3882
v 0.093972 0.058066 0.021712 0.3608 0.3686 0.3882
v 0.094336 0.058028 0.023519 0.3608 0.3686 0.3882
v 0.094337 0.058031 0.024347 0.3608 0.3686 0.3882
v 0.094337 0.058031 0.041462 0.3608 0.3686 0.3882
v 0.094336 0.058028 0.042290 0.3608 0.3686 0.3882
v 0.093972 0.058066 0.044097 0.3608 0.3686 0.3882
v 0.075287 0.057207 0.052891 0.3608 0.3686 0.3882
v 0.072483 0.057051 0.050084 0.3608 0.3686 0.3882
v 0.073885 0.057129 0.052515 0.3608 0.3686 0.3882
v 0.072859 0.057072 0.051487 0.3608 0.3686 0.3882
v 0.072419 0.058199 0.050084 0.3608 0.3686 0.3882
v 0.075221 0.058378 0.052891 0.3608 0.3686 0.3882
v 0.072794 0.058223 0.051487 0.3608 0.3686 0.3882
v 0.073820 0.058289 0.052515 0.3608 0.3686 0.3882
v 0.092823 0.058183 0.050084 0.3608 0.3686 0.3882
v 0.090017 0.058024 0.052891 0.3608 0.3686 0.3882
v 0.092447 0.058160 0.051487 0.3608 0.3686 0.3882
v 0.091420 0.058102 0.052515 0.3608 0.3686 0.3882
v 0.089898 0.059316 0.052891 0.3608 0.3686 0.3882
v 0.092706 0.059496 0.050084 0.3608 0.3686 0.3882
v 0.091300 0.059406 0.052515 0.3608 0.3686 0.3882
v 0.092328 0.059472 0.051487 0.3608 0.3686 0.3882
v 0.092706 0.059496 0.015725 0.3608 0.3686 0.3882
v 0.089898 0.059316 0.012917 0.3608 0.3686 0.3882
v 0.092328 0.059472 0.014321 0.3608 0.3686 0.3882
v 0.091300 0.059406 0.013294 0.3608 0.3686 0.3882
v 0.090018 0.058024 0.012917 0.3608 0.3686 0.3882
v 0.092823 0.058183 0.015725 0.3608 0.3686 0.3882
v 0.091420 0.058102 0.013294 0.3608 0.3686 0.3882
v 0.092447 0.058160 0.014321 0.3608 0.3686 0.3882
v 0.075221 0.058378 0.012917 0.3608 0.3686 0.3882
v 0.072419 0.058199 0.015725 0.3608 0.3686 0.3882
v 0.073820 0.058289 0.013294 0.3608 0.3686 0.3882
v 0.072794 0.058223 0.014321 0.3608 0.3686 0.3882
v 0.072483 0.057054 0.015725 0.3608 0.3686 0.3882
v 0.075286 0.057210 0.012917 0.3608 0.3686 0.3882
v 0.072858 0.057075 0.014321 0.3608 0.3686 0.3882
v 0.073885 0.057132 0.013294 0.3608 0.3686 0.3882
v 0.156519 0.065299 0.024347 0.5882 0.3725 0.1765
v 0.156519 0.065299 0.041462 0.5882 0.3725 0.1765
v 0.160277 0.064204 0.024347 0.5882 0.3725 0.1765
v 0.160277 0.064204 0.041462 0.5882 0.3725 0.1765
v 0.160120 0.065682 0.024347 0.5882 0.3725 0.1765
v 0.160120 0.065682 0.041462 0.5882 0.3725 0.1765
v 0.154660 0.063665 0.024347 0.5882 0.3725 0.1765
v 0.154852 0.064425 0.024347 0.5882 0.3725 0.1765
v 0.155532 0.065023 0.024347 0.5882 0.3725 0.1765
v 0.155532 0.065023 0.041462 0.5882 0.3725 0.1765
v 0.154852 0.064425 0.041462 0.5882 0.3725 0.1765
v -0.101018 0.046295 0.032904 0.3608 0.3686 0.3882
v -0.070180 0.042726 0.032904 0.3608 0.3686 0.3882
v -0.075393 0.041296 0.032904 0.3608 0.3686 0.3882
v -0.079768 0.040808 0.032904 0.3608 0.3686 0.3882
v -0.057401 0.048407 0.032904 0.3608 0.3686 0.3882
v -0.058666 0.046551 0.032904 0.3608 0.3686 0.3882
v -0.083607 0.041181 0.032904 0.3608 0.3686 0.3882
v -0.088611 0.042781 0.032904 0.3608 0.3686 0.3882
v -0.101018 0.046295 0.028477 0.3608 0.3686 0.3882
v -0.102375 0.057751 0.012076 0.3608 0.3686 0.3882
v -0.101925 0.054832 0.012447 0.3608 0.3686 0.3882
v -0.108079 0.066593 0.007244 0.3608 0.3686 0.3882
v -0.101532 0.051135 0.014590 0.3608 0.3686 0.3882
v -0.110223 0.063754 0.007305 0.3608 0.3686 0.3882
v -0.101248 0.048461 0.017234 0.3608 0.3686 0.3882
v -0.108593 0.064692 0.007262 0.3608 0.3686 0.3882
v -0.101092 0.046990 0.020723 0.3608 0.3686 0.3882
v -0.101030 0.046408 0.024517 0.3608 0.3686 0.3882
v -0.111180 0.072752 0.007305 0.3608 0.3686 0.3882
v -0.108502 0.070574 0.007244 0.3608 0.3686 0.3882
v -0.071551 0.055665 0.011943 0.3608 0.3686 0.3882
v -0.109393 0.072221 0.007262 0.3608 0.3686 0.3882
v -0.070180 0.042726 0.028476 0.3608 0.3686 0.3882
v -0.070975 0.050237 0.012174 0.3608 0.3686 0.3882
v -0.190849 0.055188 0.009336 0.3608 0.3686 0.3882
v -0.193699 0.057474 0.009401 0.3608 0.3686 0.3882
v -0.070541 0.046142 0.013220 0.3608 0.3686 0.3882
v -0.192752 0.055744 0.009382 0.3608 0.3686 0.3882
v -0.070347 0.044303 0.015055 0.3608 0.3686 0.3882
v -0.194126 0.061488 0.009401 0.3608 0.3686 0.3882
v -0.070232 0.043214 0.018168 0.3608 0.3686 0.3882
v -0.070179 0.042715 0.021303 0.3608 0.3686 0.3882
v -0.191490 0.064220 0.009328 0.3608 0.3686 0.3882
v -0.193461 0.063292 0.009380 0.3608 0.3686 0.3882
v -0.070181 0.042729 0.024797 0.3608 0.3686 0.3882
v -0.079768 0.040808 0.028476 0.3608 0.3686 0.3882
v -0.081365 0.055835 0.011943 0.3608 0.3686 0.3882
v -0.079768 0.040805 0.024797 0.3608 0.3686 0.3882
v -0.079764 0.040770 0.021303 0.3608 0.3686 0.3882
v -0.199228 0.050606 0.014675 0.3608 0.3686 0.3882
v -0.079814 0.041235 0.018168 0.3608 0.3686 0.3882
v -0.196401 0.048338 0.014610 0.3608 0.3686 0.3882
v -0.198288 0.048890 0.014656 0.3608 0.3686 0.3882
v -0.079984 0.042834 0.014884 0.3608 0.3686 0.3882
v -0.080303 0.045842 0.013017 0.3608 0.3686 0.3882
v -0.080856 0.051046 0.012117 0.3608 0.3686 0.3882
v -0.075393 0.041296 0.028476 0.3608 0.3686 0.3882
v -0.076912 0.055515 0.011943 0.3608 0.3686 0.3882
v -0.075393 0.041295 0.024797 0.3608 0.3686 0.3882
v -0.075390 0.041267 0.021303 0.3608 0.3686 0.3882
v -0.195873 0.067765 0.011697 0.3608 0.3686 0.3882
v -0.075442 0.041743 0.018168 0.3608 0.3686 0.3882
v -0.198513 0.065047 0.011770 0.3608 0.3686 0.3882
v -0.075571 0.042942 0.015037 0.3608 0.3686 0.3882
v -0.197846 0.066841 0.011748 0.3608 0.3686 0.3882
v -0.075831 0.045379 0.013140 0.3608 0.3686 0.3882
v -0.197242 0.053078 0.011770 0.3608 0.3686 0.3882
v -0.076379 0.050515 0.012135 0.3608 0.3686 0.3882
v -0.058666 0.046551 0.028476 0.3608 0.3686 0.3882
v -0.194402 0.050800 0.011705 0.3608 0.3686 0.3882
v -0.059827 0.057466 0.011943 0.3608 0.3686 0.3882
v -0.196298 0.051354 0.011751 0.3608 0.3686 0.3882
v -0.058667 0.046560 0.024797 0.3608 0.3686 0.3882
v -0.105823 0.060211 0.009473 0.3608 0.3686 0.3882
v -0.103692 0.063039 0.009413 0.3608 0.3686 0.3882
v -0.058667 0.046560 0.021303 0.3608 0.3686 0.3882
v -0.104203 0.061145 0.009430 0.3608 0.3686 0.3882
v -0.058723 0.047081 0.018168 0.3608 0.3686 0.3882
v -0.104960 0.074976 0.009413 0.3608 0.3686 0.3882
v -0.058787 0.047681 0.015550 0.3608 0.3686 0.3882
v -0.107622 0.077141 0.009473 0.3608 0.3686 0.3882
v -0.058884 0.048598 0.013580 0.3608 0.3686 0.3882
v -0.105846 0.076612 0.009430 0.3608 0.3686 0.3882
v -0.059183 0.051407 0.012272 0.3608 0.3686 0.3882
v -0.058406 0.057870 0.012406 0.3608 0.3686 0.3882
v -0.057401 0.048407 0.028559 0.3608 0.3686 0.3882
v -0.057721 0.051421 0.012811 0.3608 0.3686 0.3882
v -0.057597 0.050256 0.014006 0.3608 0.3686 0.3882
v -0.057507 0.049405 0.015930 0.3608 0.3686 0.3882
v -0.057449 0.048860 0.018488 0.3608 0.3686 0.3882
v -0.057398 0.048381 0.021551 0.3608 0.3686 0.3882
v -0.057401 0.048407 0.024965 0.3608 0.3686 0.3882
v -0.085198 0.056170 0.011943 0.3608 0.3686 0.3882
v -0.083607 0.041181 0.028477 0.3608 0.3686 0.3882
v -0.084703 0.051514 0.012107 0.3608 0.3686 0.3882
v -0.084201 0.046786 0.012920 0.3608 0.3686 0.3882
v -0.083872 0.043683 0.014670 0.3608 0.3686 0.3882
v -0.083651 0.041602 0.018168 0.3608 0.3686 0.3882
v -0.083602 0.041140 0.021303 0.3608 0.3686 0.3882
v -0.083606 0.041177 0.024798 0.3608 0.3686 0.3882
v -0.088611 0.042781 0.028477 0.3608 0.3686 0.3882
v -0.090156 0.057312 0.011943 0.3608 0.3686 0.3882
v -0.088610 0.042777 0.024798 0.3608 0.3686 0.3882
v -0.088606 0.042738 0.021303 0.3608 0.3686 0.3882
v -0.088655 0.043196 0.018168 0.3608 0.3686 0.3882
v -0.088830 0.044837 0.014895 0.3608 0.3686 0.3882
v -0.089196 0.048276 0.012893 0.3608 0.3686 0.3882
v -0.089648 0.052531 0.012113 0.3608 0.3686 0.3882
v -0.226008 0.037603 0.032904 0.3608 0.3686 0.3882
v -0.219991 0.036802 0.032904 0.3608 0.3686 0.3882
v -0.223019 0.036902 0.032904 0.3608 0.3686 0.3882
v -0.219991 0.036802 0.031270 0.3608 0.3686 0.3882
v -0.226011 0.037605 0.031420 0.3608 0.3686 0.3882
v -0.223020 0.036903 0.031348 0.3608 0.3686 0.3882
v -0.227993 0.054863 0.014888 0.3608 0.3686 0.3882
v -0.221820 0.054010 0.014735 0.3608 0.3686 0.3882
v -0.224894 0.054125 0.014814 0.3608 0.3686 0.3882
v -0.226068 0.038040 0.027741 0.3608 0.3686 0.3882
v -0.220037 0.037234 0.027590 0.3608 0.3686 0.3882
v -0.223069 0.037335 0.027669 0.3608 0.3686 0.3882
v -0.226222 0.039319 0.024246 0.3608 0.3686 0.3882
v -0.220172 0.038506 0.024096 0.3608 0.3686 0.3882
v -0.223210 0.038610 0.024174 0.3608 0.3686 0.3882
v -0.226464 0.041378 0.021112 0.3608 0.3686 0.3882
v -0.220390 0.040556 0.020960 0.3608 0.3686 0.3882
v -0.223435 0.040662 0.021039 0.3608 0.3686 0.3882
v -0.226782 0.044112 0.018494 0.3608 0.3686 0.3882
v -0.220680 0.043281 0.018342 0.3608 0.3686 0.3882
v -0.223733 0.043390 0.018421 0.3608 0.3686 0.3882
v -0.227157 0.047384 0.016525 0.3608 0.3686 0.3882
v -0.221026 0.046544 0.016372 0.3608 0.3686 0.3882
v -0.224088 0.046655 0.016451 0.3608 0.3686 0.3882
v -0.227568 0.051028 0.015303 0.3608 0.3686 0.3882
v -0.221413 0.050181 0.015149 0.3608 0.3686 0.3882
v -0.224481 0.050295 0.015228 0.3608 0.3686 0.3882
v -0.061970 0.091417 0.012406 0.3608 0.3686 0.3882
v -0.062349 0.094982 0.015991 0.3608 0.3686 0.3882
v -0.062115 0.092781 0.012679 0.3608 0.3686 0.3882
v -0.062238 0.093938 0.013456 0.3608 0.3686 0.3882
v -0.062320 0.094710 0.014619 0.3608 0.3686 0.3882
v -0.063473 0.091766 0.011943 0.3608 0.3686 0.3882
v -0.063861 0.095414 0.015612 0.3608 0.3686 0.3882
v -0.063622 0.093162 0.012222 0.3608 0.3686 0.3882
v -0.063747 0.094345 0.013017 0.3608 0.3686 0.3882
v -0.063831 0.095136 0.014208 0.3608 0.3686 0.3882
v -0.224406 0.078358 0.018405 0.3608 0.3686 0.3882
v -0.224019 0.074709 0.014735 0.3608 0.3686 0.3882
v -0.224377 0.078080 0.017000 0.3608 0.3686 0.3882
v -0.224293 0.077289 0.015810 0.3608 0.3686 0.3882
v -0.224167 0.076105 0.015014 0.3608 0.3686 0.3882
v -0.230043 0.074069 0.014889 0.5882 0.3725 0.1765
v -0.230433 0.077717 0.018558 0.3608 0.3686 0.3882
v -0.230192 0.075465 0.015168 0.5882 0.3725 0.1765
v -0.230318 0.076649 0.015963 0.5882 0.3725 0.1765
v -0.230403 0.077439 0.017154 0.5882 0.3725 0.1765
v -0.227034 0.074389 0.014812 0.3608 0.3686 0.3882
v -0.227419 0.078037 0.018482 0.3608 0.3686 0.3882
v -0.227181 0.075785 0.015091 0.3608 0.3686 0.3882
v -0.227306 0.076969 0.015887 0.3608 0.3686 0.3882
v -0.227390 0.077759 0.017077 0.3608 0.3686 0.3882
v -0.231822 0.040327 0.032904 0.5882 0.3725 0.1765
v -0.231247 0.039596 0.032904 0.5882 0.3725 0.1765
v -0.233594 0.057005 0.015554 0.5882 0.3725 0.1765
v -0.233042 0.056769 0.015004 0.5882 0.3725 0.1765
v -0.231246 0.039595 0.031540 0.5882 0.3725 0.1765
v -0.231822 0.040327 0.031583 0.5882 0.3725 0.1765
v -0.233197 0.053268 0.015959 0.5882 0.3725 0.1765
v -0.232640 0.052947 0.015419 0.5882 0.3725 0.1765
v -0.232823 0.049746 0.017145 0.5882 0.3725 0.1765
v -0.232259 0.049316 0.016642 0.5882 0.3725 0.1765
v -0.232487 0.046589 0.019054 0.5882 0.3725 0.1765
v -0.231918 0.046060 0.018612 0.5882 0.3725 0.1765
v -0.232208 0.043955 0.021588 0.5882 0.3725 0.1765
v -0.231635 0.043341 0.021230 0.5882 0.3725 0.1765
v -0.231997 0.041975 0.024620 0.5882 0.3725 0.1765
v -0.231422 0.041295 0.024365 0.5882 0.3725 0.1765
v -0.231867 0.040747 0.027998 0.5882 0.3725 0.1765
v -0.231290 0.040026 0.027860 0.5882 0.3725 0.1765
v -0.235678 0.076620 0.018739 0.5882 0.3725 0.1765
v -0.235205 0.077210 0.018674 0.5882 0.3725 0.1765
v -0.235341 0.073453 0.015554 0.5882 0.3725 0.1765
v -0.234823 0.073561 0.015004 0.5882 0.3725 0.1765
v -0.235652 0.076373 0.017492 0.5882 0.3725 0.1765
v -0.235176 0.076932 0.017269 0.5882 0.3725 0.1765
v -0.235580 0.075700 0.016479 0.5882 0.3725 0.1765
v -0.235093 0.076141 0.016079 0.5882 0.3725 0.1765
v -0.235473 0.074693 0.015802 0.5882 0.3725 0.1765
v -0.234969 0.074958 0.015283 0.5882 0.3725 0.1765
v -0.121456 0.047271 0.032904 0.3608 0.3686 0.3882
v -0.110152 0.047266 0.032904 0.3608 0.3686 0.3882
v -0.110151 0.047266 0.028477 0.3608 0.3686 0.3882
v -0.121456 0.047271 0.028628 0.3608 0.3686 0.3882
v -0.121501 0.047702 0.024949 0.3608 0.3686 0.3882
v -0.110215 0.047580 0.024463 0.3608 0.3686 0.3882
v -0.121637 0.048976 0.021454 0.3608 0.3686 0.3882
v -0.110404 0.048604 0.020685 0.3608 0.3686 0.3882
v -0.121854 0.051027 0.018319 0.3608 0.3686 0.3882
v -0.110649 0.050448 0.017514 0.3608 0.3686 0.3882
v -0.110929 0.053153 0.014880 0.3608 0.3686 0.3882
v -0.133923 0.084281 0.012320 0.3608 0.3686 0.3882
v -0.159838 0.081527 0.013014 0.3608 0.3686 0.3882
v -0.189046 0.078425 0.013798 0.3608 0.3686 0.3882
v -0.214961 0.075671 0.014492 0.3608 0.3686 0.3882
v -0.187483 0.079307 0.013895 0.3608 0.3686 0.3882
v -0.216675 0.076205 0.014678 0.3608 0.3686 0.3882
v -0.131744 0.085924 0.012537 0.3608 0.3686 0.3882
v -0.132359 0.085163 0.012418 0.3608 0.3686 0.3882
v -0.186868 0.080068 0.014015 0.3608 0.3686 0.3882
v -0.217436 0.076820 0.014834 0.3608 0.3686 0.3882
v -0.161551 0.082062 0.013200 0.3608 0.3686 0.3882
v -0.218400 0.077915 0.015652 0.3608 0.3686 0.3882
v -0.131032 0.087197 0.013310 0.3608 0.3686 0.3882
v -0.186156 0.081341 0.014787 0.3608 0.3686 0.3882
v -0.163276 0.083771 0.014174 0.3608 0.3686 0.3882
v -0.162313 0.082677 0.013356 0.3608 0.3686 0.3882
v -0.218826 0.078669 0.016852 0.3608 0.3686 0.3882
v -0.185898 0.082168 0.015969 0.3608 0.3686 0.3882
v -0.163702 0.084526 0.015374 0.3608 0.3686 0.3882
v -0.130774 0.088024 0.014491 0.3608 0.3686 0.3882
v -0.218958 0.078936 0.018259 0.3608 0.3686 0.3882
v -0.185824 0.082457 0.017370 0.3608 0.3686 0.3882
v -0.130701 0.088313 0.015893 0.3608 0.3686 0.3882
v -0.163835 0.084793 0.016781 0.3608 0.3686 0.3882
v -0.059818 0.071162 0.020310 0.3608 0.3686 0.3882
v -0.060326 0.075938 0.019023 0.3608 0.3686 0.3882
v -0.232634 0.047972 0.028629 0.3608 0.3686 0.3882
v -0.059311 0.066386 0.028629 0.3608 0.3686 0.3882
v -0.059311 0.066386 0.032904 0.3608 0.3686 0.3882
v -0.227419 0.078037 0.019023 0.5882 0.3725 0.1765
v -0.230433 0.077717 0.019023 0.5882 0.3725 0.1765
v -0.224406 0.078358 0.019023 0.3608 0.3686 0.3882
v -0.218958 0.078936 0.019023 0.3608 0.3686 0.3882
v -0.218826 0.078669 0.019023 0.3608 0.3686 0.3882
v -0.218400 0.077915 0.019023 0.3608 0.3686 0.3882
v -0.189046 0.078425 0.019023 0.3608 0.3686 0.3882
v -0.187483 0.079307 0.019023 0.3608 0.3686 0.3882
v -0.186868 0.080068 0.019023 0.3608 0.3686 0.3882
v -0.186156 0.081341 0.019023 0.3608 0.3686 0.3882
v -0.185898 0.082168 0.019023 0.3608 0.3686 0.3882
v -0.185824 0.082457 0.019023 0.3608 0.3686 0.3882
v -0.163835 0.084793 0.019023 0.3608 0.3686 0.3882
v -0.163702 0.084526 0.019023 0.3608 0.3686 0.3882
v -0.159838 0.081527 0.019023 0.3608 0.3686 0.3882
v -0.161551 0.082062 0.019023 0.3608 0.3686 0.3882
v -0.162313 0.082677 0.019023 0.3608 0.3686 0.3882
v -0.163276 0.083771 0.019023 0.3608 0.3686 0.3882
v -0.133923 0.084281 0.019023 0.3608 0.3686 0.3882
v -0.132359 0.085163 0.019023 0.3608 0.3686 0.3882
v -0.131744 0.085924 0.019023 0.3608 0.3686 0.3882
v -0.131032 0.087197 0.019023 0.3608 0.3686 0.3882
v -0.130774 0.088024 0.019023 0.3608 0.3686 0.3882
v -0.130701 0.088313 0.019023 0.3608 0.3686 0.3882
v -0.063861 0.095414 0.019023 0.3608 0.3686 0.3882
v -0.062349 0.094982 0.019023 0.3608 0.3686 0.3882
v -0.232770 0.049252 0.023826 0.3608 0.3686 0.3882
v -0.059447 0.067666 0.023826 0.3608 0.3686 0.3882
v -0.235205 0.077210 0.019023 0.5882 0.3725 0.1765
v -0.235678 0.076620 0.019023 0.5882 0.3725 0.1765
v -0.217436 0.076820 0.019023 0.3608 0.3686 0.3882
v -0.216675 0.076205 0.019023 0.3608 0.3686 0.3882
v -0.214961 0.075671 0.019023 0.3608 0.3686 0.3882
v -0.233142 0.052748 0.020310 0.3608 0.3686 0.3882
v -0.233649 0.057524 0.019023 0.3608 0.3686 0.3882
v -0.232634 0.047972 0.032904 0.3608 0.3686 0.3882
v -0.202004 0.077048 0.014145 0.3608 0.3686 0.3882
v -0.121806 0.055224 0.014370 0.3608 0.3686 0.3882
v -0.122611 0.054124 0.015625 0.3608 0.3686 0.3882
v -0.106204 0.078876 0.011441 0.3608 0.3686 0.3882
v -0.106851 0.080352 0.011978 0.3608 0.3686 0.3882
v -0.199586 0.055775 0.013735 0.3608 0.3686 0.3882
v -0.200580 0.056268 0.014149 0.3608 0.3686 0.3882
v -0.102331 0.076745 0.011943 0.3608 0.3686 0.3882
v -0.103526 0.076774 0.011432 0.3608 0.3686 0.3882
v -0.103875 0.079547 0.011943 0.3608 0.3686 0.3882
v -0.104415 0.078385 0.011436 0.3608 0.3686 0.3882
v -0.101916 0.061597 0.011428 0.3608 0.3686 0.3882
v -0.100664 0.060952 0.011943 0.3608 0.3686 0.3882
v -0.200111 0.047344 0.016665 0.3608 0.3686 0.3882
v -0.199065 0.047907 0.015959 0.3608 0.3686 0.3882
v -0.197880 0.045736 0.017867 0.3608 0.3686 0.3882
v -0.197610 0.046794 0.016680 0.3608 0.3686 0.3882
v -0.199209 0.050628 0.014646 0.3608 0.3686 0.3882
v -0.200273 0.050063 0.015376 0.3608 0.3686 0.3882
v -0.200440 0.052411 0.014573 0.3608 0.3686 0.3882
v -0.199175 0.050454 0.014684 0.3608 0.3686 0.3882
v -0.196592 0.070679 0.014019 0.3608 0.3686 0.3882
v -0.197426 0.069032 0.013545 0.3608 0.3686 0.3882
v -0.199421 0.068122 0.013612 0.3608 0.3686 0.3882
v -0.200018 0.069160 0.014114 0.3608 0.3686 0.3882
v -0.200981 0.066844 0.014146 0.3608 0.3686 0.3882
v -0.200106 0.066349 0.013648 0.3608 0.3686 0.3882
v -0.106203 0.056924 0.012340 0.3608 0.3686 0.3882
v -0.107975 0.058179 0.011816 0.3608 0.3686 0.3882
v -0.111442 0.057400 0.012429 0.3608 0.3686 0.3882
v -0.111011 0.055856 0.013276 0.3608 0.3686 0.3882
v -0.103985 0.058742 0.011539 0.3608 0.3686 0.3882
v -0.101227 0.058746 0.011969 0.3608 0.3686 0.3882
v -0.102400 0.059691 0.011471 0.3608 0.3686 0.3882
v -0.064882 0.044320 0.032904 0.3608 0.3686 0.3882
v -0.064883 0.044326 0.024797 0.3608 0.3686 0.3882
v -0.065178 0.047107 0.013385 0.3608 0.3686 0.3882
v -0.066157 0.056330 0.011943 0.3608 0.3686 0.3882
v -0.065027 0.045691 0.015282 0.3608 0.3686 0.3882
v -0.064882 0.044320 0.028476 0.3608 0.3686 0.3882
v -0.064936 0.044827 0.018168 0.3608 0.3686 0.3882
v -0.064882 0.044318 0.021303 0.3608 0.3686 0.3882
v -0.065550 0.050613 0.012219 0.3608 0.3686 0.3882
v -0.101018 0.046295 0.037332 0.3608 0.3686 0.3882
v -0.102375 0.057751 0.053733 0.3608 0.3686 0.3882
v -0.101925 0.054832 0.053362 0.3608 0.3686 0.3882
v -0.108079 0.066593 0.058565 0.3608 0.3686 0.3882
v -0.101532 0.051135 0.051219 0.3608 0.3686 0.3882
v -0.110223 0.063754 0.058504 0.3608 0.3686 0.3882
v -0.101248 0.048461 0.048575 0.3608 0.3686 0.3882
v -0.108593 0.064692 0.058547 0.3608 0.3686 0.3882
v -0.101092 0.046990 0.045086 0.3608 0.3686 0.3882
v -0.101030 0.046408 0.041292 0.3608 0.3686 0.3882
v -0.111180 0.072752 0.058504 0.3608 0.3686 0.3882
v -0.108502 0.070574 0.058565 0.3608 0.3686 0.3882
v -0.071551 0.055665 0.053866 0.3608 0.3686 0.3882
v -0.109393 0.072221 0.058547 0.3608 0.3686 0.3882
v -0.070180 0.042726 0.037333 0.3608 0.3686 0.3882
v -0.070975 0.050237 0.053635 0.3608 0.3686 0.3882
v -0.190849 0.055188 0.056473 0.3608 0.3686 0.3882
v -0.193699 0.057474 0.056408 0.3608 0.3686 0.3882
v -0.070541 0.046142 0.052589 0.3608 0.3686 0.3882
v -0.192752 0.055744 0.056427 0.3608 0.3686 0.3882
v -0.070347 0.044303 0.050754 0.3608 0.3686 0.3882
v -0.194126 0.061488 0.056408 0.3608 0.3686 0.3882
v -0.070232 0.043214 0.047641 0.3608 0.3686 0.3882
v -0.070179 0.042715 0.044506 0.3608 0.3686 0.3882
v -0.191490 0.064220 0.056481 0.3608 0.3686 0.3882
v -0.193461 0.063292 0.056429 0.3608 0.3686 0.3882
v -0.070181 0.042729 0.041012 0.3608 0.3686 0.3882
v -0.079768 0.040808 0.037332 0.3608 0.3686 0.3882
v -0.081365 0.055835 0.053866 0.3608 0.3686 0.3882
v -0.079768 0.040805 0.041012 0.3608 0.3686 0.3882
v -0.079764 0.040770 0.044506 0.3608 0.3686 0.3882
v -0.199228 0.050606 0.051134 0.3608 0.3686 0.3882
v -0.079814 0.041235 0.047641 0.3608 0.3686 0.3882
v -0.196401 0.048338 0.051198 0.3608 0.3686 0.3882
v -0.198288 0.048890 0.051153 0.3608 0.3686 0.3882
v -0.079984 0.042834 0.050925 0.3608 0.3686 0.3882
v -0.080303 0.045842 0.052792 0.3608 0.3686 0.3882
v -0.080856 0.051046 0.053692 0.3608 0.3686 0.3882
v -0.075393 0.041296 0.037332 0.3608 0.3686 0.3882
v -0.076912 0.055515 0.053866 0.3608 0.3686 0.3882
v -0.075393 0.041295 0.041012 0.3608 0.3686 0.3882
v -0.075390 0.041267 0.044506 0.3608 0.3686 0.3882
v -0.195873 0.067765 0.054112 0.3608 0.3686 0.3882
v -0.075442 0.041743 0.047641 0.3608 0.3686 0.3882
v -0.198513 0.065047 0.054039 0.3608 0.3686 0.3882
v -0.075571 0.042942 0.050772 0.3608 0.3686 0.3882
v -0.197846 0.066841 0.054061 0.3608 0.3686 0.3882
v -0.075831 0.045379 0.052669 0.3608 0.3686 0.3882
v -0.197242 0.053078 0.054039 0.3608 0.3686 0.3882
v -0.076379 0.050515 0.053674 0.3608 0.3686 0.3882
v -0.058666 0.046551 0.037333 0.3608 0.3686 0.3882
v -0.194402 0.050800 0.054104 0.3608 0.3686 0.3882
v -0.059827 0.057466 0.053866 0.3608 0.3686 0.3882
v -0.196298 0.051354 0.054058 0.3608 0.3686 0.3882
v -0.058667 0.046560 0.041012 0.3608 0.3686 0.3882
v -0.105823 0.060211 0.056336 0.3608 0.3686 0.3882
v -0.103692 0.063039 0.056396 0.3608 0.3686 0.3882
v -0.058667 0.046560 0.044506 0.3608 0.3686 0.3882
v -0.104203 0.061145 0.056378 0.3608 0.3686 0.3882
v -0.058723 0.047081 0.047641 0.3608 0.3686 0.3882
v -0.104960 0.074976 0.056396 0.3608 0.3686 0.3882
v -0.058787 0.047681 0.050259 0.3608 0.3686 0.3882
v -0.107622 0.077141 0.056336 0.3608 0.3686 0.3882
v -0.058884 0.048598 0.052229 0.3608 0.3686 0.3882
v -0.105846 0.076612 0.056378 0.3608 0.3686 0.3882
v -0.059183 0.051407 0.053537 0.3608 0.3686 0.3882
v -0.058406 0.057870 0.053402 0.3608 0.3686 0.3882
v -0.057401 0.048407 0.037250 0.3608 0.3686 0.3882
v -0.057721 0.051421 0.052998 0.3608 0.3686 0.3882
v -0.057597 0.050256 0.051803 0.3608 0.3686 0.3882
v -0.057507 0.049405 0.049879 0.3608 0.3686 0.3882
v -0.057449 0.048860 0.047321 0.3608 0.3686 0.3882
v -0.057398 0.048381 0.044258 0.3608 0.3686 0.3882
v -0.057401 0.048407 0.040844 0.3608 0.3686 0.3882
v -0.085198 0.056170 0.053866 0.3608 0.3686 0.3882
v -0.083607 0.041181 0.037332 0.3608 0.3686 0.3882
v -0.084703 0.051514 0.053702 0.3608 0.3686 0.3882
v -0.084201 0.046786 0.052889 0.3608 0.3686 0.3882
v -0.083872 0.043683 0.051139 0.3608 0.3686 0.3882
v -0.083651 0.041602 0.047641 0.3608 0.3686 0.3882
v -0.083602 0.041140 0.044506 0.3608 0.3686 0.3882
v -0.083606 0.041177 0.041011 0.3608 0.3686 0.3882
v -0.088611 0.042781 0.037332 0.3608 0.3686 0.3882
v -0.090156 0.057312 0.053866 0.3608 0.3686 0.3882
v -0.088610 0.042777 0.041011 0.3608 0.3686 0.3882
v -0.088606 0.042738 0.044506 0.3608 0.3686 0.3882
v -0.088655 0.043196 0.047641 0.3608 0.3686 0.3882
v -0.088830 0.044837 0.050913 0.3608 0.3686 0.3882
v -0.089196 0.048276 0.052916 0.3608 0.3686 0.3882
v -0.089648 0.052531 0.053696 0.3608 0.3686 0.3882
v -0.219991 0.036802 0.034539 0.3608 0.3686 0.3882
v -0.226011 0.037605 0.034389 0.3608 0.3686 0.3882
v -0.223020 0.036903 0.034461 0.3608 0.3686 0.3882
v -0.227993 0.054863 0.050921 0.3608 0.3686 0.3882
v -0.221820 0.054010 0.051074 0.3608 0.3686 0.3882
v -0.224894 0.054125 0.050995 0.3608 0.3686 0.3882
v -0.226068 0.038040 0.038068 0.3608 0.3686 0.3882
v -0.220037 0.037234 0.038218 0.3608 0.3686 0.3882
v -0.223069 0.037335 0.038140 0.3608 0.3686 0.3882
v -0.226222 0.039319 0.041563 0.3608 0.3686 0.3882
v -0.220172 0.038506 0.041713 0.3608 0.3686 0.3882
v -0.223210 0.038610 0.041635 0.3608 0.3686 0.3882
v -0.226464 0.041378 0.044697 0.3608 0.3686 0.3882
v -0.220390 0.040556 0.044848 0.3608 0.3686 0.3882
v -0.223435 0.040662 0.044770 0.3608 0.3686 0.3882
v -0.226782 0.044112 0.047315 0.3608 0.3686 0.3882
v -0.220680 0.043281 0.047466 0.3608 0.3686 0.3882
v -0.223733 0.043390 0.047388 0.3608 0.3686 0.3882
v -0.227157 0.047384 0.049284 0.3608 0.3686 0.3882
v -0.221026 0.046544 0.049436 0.3608 0.3686 0.3882
v -0.224088 0.046655 0.049358 0.3608 0.3686 0.3882
v -0.227568 0.051028 0.050506 0.3608 0.3686 0.3882
v -0.221413 0.050181 0.050659 0.3608 0.3686 0.3882
v -0.224481 0.050295 0.050581 0.3608 0.3686 0.3882
v -0.061970 0.091417 0.053402 0.3608 0.3686 0.3882
v -0.062349 0.094982 0.049818 0.3608 0.3686 0.3882
v -0.062115 0.092781 0.053130 0.3608 0.3686 0.3882
v -0.062238 0.093938 0.052353 0.3608 0.3686 0.3882
v -0.062320 0.094710 0.051190 0.3608 0.3686 0.3882
v -0.063473 0.091766 0.053866 0.3608 0.3686 0.3882
v -0.063861 0.095414 0.050197 0.3608 0.3686 0.3882
v -0.063622 0.093162 0.053587 0.3608 0.3686 0.3882
v -0.063747 0.094345 0.052792 0.3608 0.3686 0.3882
v -0.063831 0.095136 0.051601 0.3608 0.3686 0.3882
v -0.224406 0.078358 0.047404 0.3608 0.3686 0.3882
v -0.224019 0.074709 0.051074 0.3608 0.3686 0.3882
v -0.224377 0.078080 0.048809 0.3608 0.3686 0.3882
v -0.224293 0.077289 0.049999 0.3608 0.3686 0.3882
v -0.224167 0.076105 0.050795 0.3608 0.3686 0.3882
v -0.230043 0.074069 0.050920 0.5882 0.3725 0.1765
v -0.230433 0.077717 0.047251 0.3608 0.3686 0.3882
v -0.230192 0.075465 0.050641 0.5882 0.3725 0.1765
v -0.230318 0.076649 0.049845 0.5882 0.3725 0.1765
v -0.230403 0.077439 0.048655 0.5882 0.3725 0.1765
v -0.227034 0.074389 0.050997 0.3608 0.3686 0.3882
v -0.227419 0.078037 0.047327 0.3608 0.3686 0.3882
v -0.227181 0.075785 0.050718 0.3608 0.3686 0.3882
v -0.227306 0.076969 0.049922 0.3608 0.3686 0.3882
v -0.227390 0.077759 0.048732 0.3608 0.3686 0.3882
v -0.233594 0.057005 0.050255 0.5882 0.3725 0.1765
v -0.233042 0.056769 0.050805 0.5882 0.3725 0.1765
v -0.231246 0.039595 0.034269 0.3608 0.3686 0.3882
v -0.231822 0.040327 0.034226 0.5882 0.3725 0.1765
v -0.233197 0.053268 0.049850 0.5882 0.3725 0.1765
v -0.232640 0.052947 0.050390 0.5882 0.3725 0.1765
v -0.232823 0.049746 0.048664 0.5882 0.3725 0.1765
v -0.232259 0.049316 0.049167 0.5882 0.3725 0.1765
v -0.232487 0.046589 0.046755 0.5882 0.3725 0.1765
v -0.231918 0.046060 0.047197 0.5882 0.3725 0.1765
v -0.232208 0.043955 0.044221 0.5882 0.3725 0.1765
v -0.231635 0.043341 0.044579 0.5882 0.3725 0.1765
v -0.231997 0.041975 0.041189 0.5882 0.3725 0.1765
v -0.231422 0.041295 0.041444 0.5882 0.3725 0.1765
v -0.231867 0.040747 0.037811 0.5882 0.3725 0.1765
v -0.231290 0.040026 0.037948 0.5882 0.3725 0.1765
v -0.235678 0.076620 0.047070 0.5882 0.3725 0.1765
v -0.235205 0.077210 0.047135 0.5882 0.3725 0.1765
v -0.235341 0.073453 0.050255 0.5882 0.3725 0.1765
v -0.234823 0.073561 0.050805 0.5882 0.3725 0.1765
v -0.235652 0.076373 0.048317 0.5882 0.3725 0.1765
v -0.235176 0.076932 0.048540 0.5882 0.3725 0.1765
v -0.235580 0.075700 0.049330 0.5882 0.3725 0.1765
v -0.235093 0.076141 0.049730 0.5882 0.3725 0.1765
v -0.235473 0.074693 0.050007 0.5882 0.3725 0.1765
v -0.234969 0.074958 0.050526 0.5882 0.3725 0.1765
v -0.110151 0.047266 0.037332 0.3608 0.3686 0.3882
v -0.121456 0.047271 0.037181 0.3608 0.3686 0.3882
v -0.121501 0.047702 0.040860 0.3608 0.3686 0.3882
v -0.110215 0.047580 0.041345 0.3608 0.3686 0.3882
v -0.121637 0.048976 0.044355 0.3608 0.3686 0.3882
v -0.110404 0.048604 0.045124 0.3608 0.3686 0.3882
v -0.121854 0.051027 0.047490 0.3608 0.3686 0.3882
v -0.110649 0.050448 0.048295 0.3608 0.3686 0.3882
v -0.110929 0.053153 0.050929 0.3608 0.3686 0.3882
v -0.133923 0.084281 0.053489 0.3608 0.3686 0.3882
v -0.159838 0.081527 0.052794 0.3608 0.3686 0.3882
v -0.189046 0.078425 0.052011 0.3608 0.3686 0.3882
v -0.214961 0.075671 0.051317 0.3608 0.3686 0.3882
v -0.187483 0.079307 0.051914 0.3608 0.3686 0.3882
v -0.216675 0.076205 0.051131 0.3608 0.3686 0.3882
v -0.131744 0.085924 0.053272 0.3608 0.3686 0.3882
v -0.132359 0.085163 0.053391 0.3608 0.3686 0.3882
v -0.186868 0.080068 0.051794 0.3608 0.3686 0.3882
v -0.217436 0.076820 0.050975 0.3608 0.3686 0.3882
v -0.161551 0.082062 0.052609 0.3608 0.3686 0.3882
v -0.218400 0.077915 0.050157 0.3608 0.3686 0.3882
v -0.131032 0.087197 0.052499 0.3608 0.3686 0.3882
v -0.186156 0.081341 0.051021 0.3608 0.3686 0.3882
v -0.163276 0.083771 0.051635 0.3608 0.3686 0.3882
v -0.162313 0.082677 0.052453 0.3608 0.3686 0.3882
v -0.218826 0.078669 0.048957 0.3608 0.3686 0.3882
v -0.185898 0.082168 0.049840 0.3608 0.3686 0.3882
v -0.163702 0.084526 0.050435 0.3608 0.3686 0.3882
v -0.130774 0.088024 0.051318 0.3608 0.3686 0.3882
v -0.218958 0.078936 0.047550 0.3608 0.3686 0.3882
v -0.185824 0.082457 0.048439 0.3608 0.3686 0.3882
v -0.130701 0.088313 0.049916 0.3608 0.3686 0.3882
v -0.163835 0.084793 0.049028 0.3608 0.3686 0.3882
v -0.059818 0.071162 0.045499 0.3608 0.3686 0.3882
v -0.060326 0.075938 0.046786 0.3608 0.3686 0.3882
v -0.232634 0.047972 0.037180 0.3608 0.3686 0.3882
v -0.059311 0.066386 0.037180 0.3608 0.3686 0.3882
v -0.227419 0.078037 0.046786 0.5882 0.3725 0.1765
v -0.230433 0.077717 0.046786 0.5882 0.3725 0.1765
v -0.224406 0.078358 0.046786 0.3608 0.3686 0.3882
v -0.218958 0.078936 0.046786 0.3608 0.3686 0.3882
v -0.218826 0.078669 0.046786 0.3608 0.3686 0.3882
v -0.218400 0.077915 0.046786 0.3608 0.3686 0.3882
v -0.189046 0.078425 0.046786 0.3608 0.3686 0.3882
v -0.187483 0.079307 0.046786 0.3608 0.3686 0.3882
v -0.186868 0.080068 0.046786 0.3608 0.3686 0.3882
v -0.186156 0.081341 0.046786 0.3608 0.3686 0.3882
v -0.185898 0.082168 0.046786 0.3608 0.3686 0.3882
v -0.185824 0.082457 0.046786 0.3608 0.3686 0.3882
v -0.163835 0.084793 0.046786 0.3608 0.3686 0.3882
v -0.163702 0.084526 0.046786 0.3608 0.3686 0.3882
v -0.159838 0.081527 0.046786 0.3608 0.3686 0.3882
v -0.161551 0.082062 0.046786 0.3608 0.3686 0.3882
v -0.162313 0.082677 0.046786 0.3608 0.3686 0.3882
v -0.163276 0.083771 0.046786 0.3608 0.3686 0.3882
v -0.133923 0.084281 0.046786 0.3608 0.3686 0.3882
v -0.132359 0.085163 0.046786 0.3608 0.3686 0.3882
v -0.131744 0.085924 0.046786 0.3608 0.3686 0.3882
v -0.131032 0.087197 0.046786 0.3608 0.3686 0.3882
v -0.130774 0.088024 0.046786 0.3608 0.3686 0.3882
v -0.130701 0.088313 0.046786 0.3608 0.3686 0.3882
v -0.063861 0.095414 0.046786 0.3608 0.3686 0.3882
v -0.062349 0.094982 0.046786 0.3608 0.3686 0.3882
v -0.232770 0.049252 0.041983 0.3608 0.3686 0.3882
v -0.059447 0.067666 0.041983 0.3608 0.3686 0.3882
v -0.235205 0.077210 0.046786 0.5882 0.3725 0.1765
v -0.235678 0.076620 0.046786 0.5882 0.3725 0.1765
v -0.217436 0.076820 0.046786 0.3608 0.3686 0.3882
v -0.216675 0.076205 0.046786 0.3608 0.3686 0.3882
v -0.214961 0.075671 0.046786 0.3608 0.3686 0.3882
v -0.233142 0.052748 0.045499 0.3608 0.3686 0.3882
v -0.233649 0.057524 0.046786 0.3608 0.3686 0.3882
v -0.202004 0.077048 0.051664 0.3608 0.3686 0.3882
v -0.121806 0.055224 0.051438 0.3608 0.3686 0.3882
v -0.122611 0.054124 0.050184 0.3608 0.3686 0.3882
v -0.106204 0.078876 0.054368 0.3608 0.3686 0.3882
v -0.106851 0.080352 0.053830 0.3608 0.3686 0.3882
v -0.199586 0.055775 0.052074 0.3608 0.3686 0.3882
v -0.200580 0.056268 0.051660 0.3608 0.3686 0.3882
v -0.102331 0.076745 0.053866 0.3608 0.3686 0.3882
v -0.103526 0.076774 0.054377 0.3608 0.3686 0.3882
v -0.103875 0.079547 0.053866 0.3608 0.3686 0.3882
v -0.104415 0.078385 0.054373 0.3608 0.3686 0.3882
v -0.101916 0.061597 0.054381 0.3608 0.3686 0.3882
v -0.100664 0.060952 0.053866 0.3608 0.3686 0.3882
v -0.200111 0.047344 0.049144 0.3608 0.3686 0.3882
v -0.199065 0.047907 0.049850 0.3608 0.3686 0.3882
v -0.197880 0.045736 0.047942 0.3608 0.3686 0.3882
v -0.197610 0.046794 0.049128 0.3608 0.3686 0.3882
v -0.199209 0.050628 0.051163 0.3608 0.3686 0.3882
v -0.200273 0.050063 0.050433 0.3608 0.3686 0.3882
v -0.200440 0.052411 0.051236 0.3608 0.3686 0.3882
v -0.199175 0.050454 0.051125 0.3608 0.3686 0.3882
v -0.196592 0.070679 0.051790 0.3608 0.3686 0.3882
v -0.197426 0.069032 0.052264 0.3608 0.3686 0.3882
v -0.199421 0.068122 0.052197 0.3608 0.3686 0.3882
v -0.200018 0.069160 0.051694 0.3608 0.3686 0.3882
v -0.200981 0.066844 0.051663 0.3608 0.3686 0.3882
v -0.200106 0.066349 0.052161 0.3608 0.3686 0.3882
v -0.106203 0.056924 0.053469 0.3608 0.3686 0.3882
v -0.107975 0.058179 0.053993 0.3608 0.3686 0.3882
v -0.111442 0.057400 0.053380 0.3608 0.3686 0.3882
v -0.111011 0.055856 0.052533 0.3608 0.3686 0.3882
v -0.103985 0.058742 0.054270 0.3608 0.3686 0.3882
v -0.101227 0.058746 0.053840 0.3608 0.3686 0.3882
v -0.102400 0.059691 0.054338 0.3608 0.3686 0.3882
v -0.064883 0.044326 0.041012 0.3608 0.3686 0.3882
v -0.065178 0.047107 0.052424 0.3608 0.3686 0.3882
v -0.066157 0.056330 0.053866 0.3608 0.3686 0.3882
v -0.065027 0.045691 0.050527 0.3608 0.3686 0.3882
v -0.064882 0.044320 0.037333 0.3608 0.3686 0.3882
v -0.064936 0.044827 0.047641 0.3608 0.3686 0.3882
v -0.064882 0.044318 0.044506 0.3608 0.3686 0.3882
v -0.065550 0.050613 0.053590 0.3608 0.3686 0.3882
v 0.060519 0.077253 -0.054344 0.0000 0.0000 0.0000
v 0.027496 0.074380 -0.054344 0.0000 0.0000 0.0000
v 0.060466 0.077752 -0.056868 0.0000 0.0000 0.0000
v 0.027448 0.074831 -0.056626 0.0000 0.0000 0.0000
v 0.060315 0.079174 -0.059007 0.0000 0.0000 0.0000
v 0.027311 0.076116 -0.058561 0.0000 0.0000 0.0000
v 0.060089 0.081301 -0.060437 0.0000 0.0000 0.0000
v 0.027107 0.078040 -0.059854 0.0000 0.0000 0.0000
v 0.059823 0.083811 -0.060939 0.0000 0.0000 0.0000
v 0.026866 0.080310 -0.060308 0.0000 0.0000 0.0000
v 0.059556 0.086321 -0.060437 0.0000 0.0000 0.0000
v 0.026624 0.082579 -0.059854 0.0000 0.0000 0.0000
v 0.059330 0.088449 -0.059007 0.0000 0.0000 0.0000
v 0.026420 0.084503 -0.058561 0.0000 0.0000 0.0000
v 0.059179 0.089870 -0.056868 0.0000 0.0000 0.0000
v 0.026283 0.085789 -0.056626 0.0000 0.0000 0.0000
v 0.059126 0.090370 -0.054344 0.0000 0.0000 0.0000
v 0.026235 0.086240 -0.054344 0.0000 0.0000 0.0000
v 0.059179 0.089870 -0.051820 0.0000 0.0000 0.0000
v 0.026283 0.085789 -0.052062 0.0000 0.0000 0.0000
v 0.059330 0.088449 -0.049680 0.0000 0.0000 0.0000
v 0.026420 0.084503 -0.050127 0.0000 0.0000 0.0000
v 0.059556 0.086321 -0.048251 0.0000 0.0000 0.0000
v 0.026624 0.082579 -0.048834 0.0000 0.0000 0.0000
v 0.059823 0.083811 -0.047749 0.0000 0.0000 0.0000
v 0.026866 0.080310 -0.048380 0.0000 0.0000 0.0000
v 0.060089 0.081301 -0.048251 0.0000 0.0000 0.0000
v 0.027107 0.078040 -0.048834 0.0000 0.0000 0.0000
v 0.060315 0.079174 -0.049680 0.0000 0.0000 0.0000
v 0.027311 0.076116 -0.050127 0.0000 0.0000 0.0000
v 0.060466 0.077752 -0.051820 0.0000 0.0000 0.0000
v 0.027448 0.074831 -0.052062 0.0000 0.0000 0.0000
v 0.024759 0.075296 -0.056317 0.0000 0.0000 0.0000
v 0.024801 0.074906 -0.054344 0.0000 0.0000 0.0000
v 0.024641 0.076407 -0.057990 0.0000 0.0000 0.0000
v 0.024465 0.078071 -0.059107 0.0000 0.0000 0.0000
v 0.024256 0.080033 -0.059500 0.0000 0.0000 0.0000
v 0.024048 0.081995 -0.059107 0.0000 0.0000 0.0000
v 0.023871 0.083658 -0.057990 0.0000 0.0000 0.0000
v 0.023753 0.084770 -0.056317 0.0000 0.0000 0.0000
v 0.023711 0.085160 -0.054344 0.0000 0.0000 0.0000
v 0.023753 0.084770 -0.052371 0.0000 0.0000 0.0000
v 0.023871 0.083658 -0.050698 0.0000 0.0000 0.0000
v 0.024048 0.081995 -0.049580 0.0000 0.0000 0.0000
v 0.024256 0.080033 -0.049188 0.0000 0.0000 0.0000
v 0.024465 0.078071 -0.049580 0.0000 0.0000 0.0000
v 0.024641 0.076407 -0.050698 0.0000 0.0000 0.0000
v 0.024759 0.075296 -0.052371 0.0000 0.0000 0.0000
v 0.017975 0.074575 -0.056317 0.0000 0.0000 0.0000
v 0.018016 0.074185 -0.054344 0.0000 0.0000 0.0000
v 0.017857 0.075686 -0.057990 0.0000 0.0000 0.0000
v 0.017680 0.077350 -0.059107 0.0000 0.0000 0.0000
v 0.017472 0.079312 -0.059500 0.0000 0.0000 0.0000
v 0.017263 0.081274 -0.059107 0.0000 0.0000 0.0000
v 0.017086 0.082937 -0.057990 0.0000 0.0000 0.0000
v 0.016968 0.084049 -0.056317 0.0000 0.0000 0.0000
v 0.016927 0.084439 -0.054344 0.0000 0.0000 0.0000
v 0.016968 0.084049 -0.052371 0.0000 0.0000 0.0000
v 0.017086 0.082937 -0.050698 0.0000 0.0000 0.0000
v 0.017263 0.081274 -0.049580 0.0000 0.0000 0.0000
v 0.017472 0.079312 -0.049188 0.0000 0.0000 0.0000
v 0.017680 0.077350 -0.049580 0.0000 0.0000 0.0000
v 0.017857 0.075686 -0.050698 0.0000 0.0000 0.0000
v 0.017975 0.074575 -0.052371 0.0000 0.0000 0.0000
v 0.061234 0.078201 -0.054344 0.0000 0.0000 0.0000
v 0.061188 0.078634 -0.056536 0.0000 0.0000 0.0000
v 0.061057 0.079869 -0.058394 0.0000 0.0000 0.0000
v 0.060861 0.081717 -0.059636 0.0000 0.0000 0.0000
v 0.060629 0.083897 -0.060072 0.0000 0.0000 0.0000
v 0.060397 0.086077 -0.059636 0.0000 0.0000 0.0000
v 0.060201 0.087925 -0.058394 0.0000 0.0000 0.0000
v 0.060070 0.089160 -0.056536 0.0000 0.0000 0.0000
v 0.060024 0.089593 -0.054344 0.0000 0.0000 0.0000
v 0.060070 0.089160 -0.052152 0.0000 0.0000 0.0000
v 0.060201 0.087925 -0.050293 0.0000 0.0000 0.0000
v 0.060397 0.086077 -0.049052 0.0000 0.0000 0.0000
v 0.060629 0.083897 -0.048616 0.0000 0.0000 0.0000
v 0.060861 0.081717 -0.049052 0.0000 0.0000 0.0000
v 0.061057 0.079869 -0.050293 0.0000 0.0000 0.0000
v 0.061188 0.078634 -0.052152 0.0000 0.0000 0.0000
v 0.062359 0.078320 -0.054344 0.0000 0.0000 0.0000
v 0.062313 0.078754 -0.056536 0.0000 0.0000 0.0000
v 0.062181 0.079989 -0.058394 0.0000 0.0000 0.0000
v 0.061985 0.081837 -0.059636 0.0000 0.0000 0.0000
v 0.061754 0.084017 -0.060072 0.0000 0.0000 0.0000
v 0.061522 0.086196 -0.059636 0.0000 0.0000 0.0000
v 0.061326 0.088044 -0.058394 0.0000 0.0000 0.0000
v 0.061194 0.089279 -0.056536 0.0000 0.0000 0.0000
v 0.061148 0.089713 -0.054344 0.0000 0.0000 0.0000
v 0.061194 0.089279 -0.052152 0.0000 0.0000 0.0000
v 0.061326 0.088044 -0.050293 0.0000 0.0000 0.0000
v 0.061522 0.086196 -0.049052 0.0000 0.0000 0.0000
v 0.061754 0.084017 -0.048616 0.0000 0.0000 0.0000
v 0.061985 0.081837 -0.049052 0.0000 0.0000 0.0000
v 0.062181 0.079989 -0.050293 0.0000 0.0000 0.0000
v 0.062313 0.078754 -0.052152 0.0000 0.0000 0.0000
v 0.062443 0.077530 -0.054344 0.0000 0.0000 0.0000
v 0.062390 0.078024 -0.056840 0.0000 0.0000 0.0000
v 0.062241 0.079430 -0.058956 0.0000 0.0000 0.0000
v 0.062017 0.081534 -0.060370 0.0000 0.0000 0.0000
v 0.061754 0.084017 -0.060867 0.0000 0.0000 0.0000
v 0.061490 0.086499 -0.060370 0.0000 0.0000 0.0000
v 0.061266 0.088603 -0.058956 0.0000 0.0000 0.0000
v 0.061117 0.090009 -0.056840 0.0000 0.0000 0.0000
v 0.061064 0.090503 -0.054344 0.0000 0.0000 0.0000
v 0.061117 0.090009 -0.051848 0.0000 0.0000 0.0000
v 0.061266 0.088603 -0.049731 0.0000 0.0000 0.0000
v 0.061490 0.086499 -0.048317 0.0000 0.0000 0.0000
v 0.061754 0.084017 -0.047821 0.0000 0.0000 0.0000
v 0.062017 0.081534 -0.048317 0.0000 0.0000 0.0000
v 0.062241 0.079430 -0.049731 0.0000 0.0000 0.0000
v 0.062390 0.078024 -0.051848 0.0000 0.0000 0.0000
v 0.064246 0.077721 -0.054344 0.0000 0.0000 0.0000
v 0.064193 0.078215 -0.056840 0.0000 0.0000 0.0000
v 0.064044 0.079621 -0.058956 0.0000 0.0000 0.0000
v 0.063820 0.081726 -0.060370 0.0000 0.0000 0.0000
v 0.063556 0.084208 -0.060867 0.0000 0.0000 0.0000
v 0.063293 0.086690 -0.060370 0.0000 0.0000 0.0000
v 0.063069 0.088795 -0.058956 0.0000 0.0000 0.0000
v 0.062920 0.090201 -0.056840 0.0000 0.0000 0.0000
v 0.062867 0.090694 -0.054344 0.0000 0.0000 0.0000
v 0.062920 0.090201 -0.051848 0.0000 0.0000 0.0000
v 0.063069 0.088795 -0.049731 0.0000 0.0000 0.0000
v 0.063293 0.086690 -0.048317 0.0000 0.0000 0.0000
v 0.063556 0.084208 -0.047821 0.0000 0.0000 0.0000
v 0.063820 0.081726 -0.048317 0.0000 0.0000 0.0000
v 0.064044 0.079621 -0.049731 0.0000 0.0000 0.0000
v 0.064193 0.078215 -0.051848 0.0000 0.0000 0.0000
v 0.017927 0.075026 -0.056129 0.0000 0.0000 0.0000
v 0.017964 0.074673 -0.054344 0.0000 0.0000 0.0000
v 0.017820 0.076032 -0.057643 0.0000 0.0000 0.0000
v 0.017660 0.077537 -0.058654 0.0000 0.0000 0.0000
v 0.017472 0.079312 -0.059009 0.0000 0.0000 0.0000
v 0.017283 0.081087 -0.058654 0.0000 0.0000 0.0000
v 0.017123 0.082592 -0.057643 0.0000 0.0000 0.0000
v 0.017016 0.083598 -0.056129 0.0000 0.0000 0.0000
v 0.016979 0.083951 -0.054344 0.0000 0.0000 0.0000
v 0.017016 0.083598 -0.052559 0.0000 0.0000 0.0000
v 0.017123 0.082592 -0.051045 0.0000 0.0000 0.0000
v 0.017283 0.081087 -0.050034 0.0000 0.0000 0.0000
v 0.017472 0.079312 -0.049679 0.0000 0.0000 0.0000
v 0.017660 0.077537 -0.050034 0.0000 0.0000 0.0000
v 0.017820 0.076032 -0.051045 0.0000 0.0000 0.0000
v 0.017927 0.075026 -0.052559 0.0000 0.0000 0.0000
v 0.014049 0.074662 -0.056109 0.0000 0.0000 0.0000
v 0.014086 0.074313 -0.054344 0.0000 0.0000 0.0000
v 0.013943 0.075657 -0.057606 0.0000 0.0000 0.0000
v 0.013785 0.077145 -0.058606 0.0000 0.0000 0.0000
v 0.013599 0.078900 -0.058957 0.0000 0.0000 0.0000
v 0.013412 0.080656 -0.058606 0.0000 0.0000 0.0000
v 0.013254 0.082144 -0.057606 0.0000 0.0000 0.0000
v 0.013148 0.083138 -0.056109 0.0000 0.0000 0.0000
v 0.013111 0.083488 -0.054344 0.0000 0.0000 0.0000
v 0.013148 0.083138 -0.052579 0.0000 0.0000 0.0000
v 0.013254 0.082144 -0.051082 0.0000 0.0000 0.0000
v 0.013412 0.080656 -0.050082 0.0000 0.0000 0.0000
v 0.013599 0.078900 -0.049731 0.0000 0.0000 0.0000
v 0.013785 0.077145 -0.050082 0.0000 0.0000 0.0000
v 0.013943 0.075657 -0.051082 0.0000 0.0000 0.0000
v 0.014049 0.074662 -0.052579 0.0000 0.0000 0.0000
v 0.010332 0.074627 -0.055961 0.0000 0.0000 0.0000
v 0.010366 0.074307 -0.054344 0.0000 0.0000 0.0000
v 0.010236 0.075538 -0.057332 0.0000 0.0000 0.0000
v 0.010091 0.076901 -0.058248 0.0000 0.0000 0.0000
v 0.009920 0.078510 -0.058570 0.0000 0.0000 0.0000
v 0.009749 0.080118 -0.058248 0.0000 0.0000 0.0000
v 0.009604 0.081481 -0.057332 0.0000 0.0000 0.0000
v 0.009507 0.082392 -0.055961 0.0000 0.0000 0.0000
v 0.009474 0.082712 -0.054344 0.0000 0.0000 0.0000
v 0.009507 0.082392 -0.052727 0.0000 0.0000 0.0000
v 0.009604 0.081481 -0.051356 0.0000 0.0000 0.0000
v 0.009749 0.080118 -0.050440 0.0000 0.0000 0.0000
v 0.009920 0.078510 -0.050118 0.0000 0.0000 0.0000
v 0.010091 0.076901 -0.050440 0.0000 0.0000 0.0000
v 0.010236 0.075538 -0.051356 0.0000 0.0000 0.0000
v 0.010332 0.074627 -0.052727 0.0000 0.0000 0.0000
v 0.005053 0.074929 -0.055606 0.0000 0.0000 0.0000
v 0.005079 0.074679 -0.054344 0.0000 0.0000 0.0000
v 0.004977 0.075640 -0.056675 0.0000 0.0000 0.0000
v 0.004864 0.076704 -0.057390 0.0000 0.0000 0.0000
v 0.004731 0.077958 -0.057641 0.0000 0.0000 0.0000
v 0.004598 0.079213 -0.057390 0.0000 0.0000 0.0000
v 0.004485 0.080277 -0.056675 0.0000 0.0000 0.0000
v 0.004409 0.080987 -0.055606 0.0000 0.0000 0.0000
v 0.004383 0.081237 -0.054344 0.0000 0.0000 0.0000
v 0.004409 0.080987 -0.053082 0.0000 0.0000 0.0000
v 0.004485 0.080277 -0.052012 0.0000 0.0000 0.0000
v 0.004598 0.079213 -0.051298 0.0000 0.0000 0.0000
v 0.004731 0.077958 -0.051047 0.0000 0.0000 0.0000
v 0.004864 0.076704 -0.051298 0.0000 0.0000 0.0000
v 0.004977 0.075640 -0.052012 0.0000 0.0000 0.0000
v 0.005053 0.074929 -0.053082 0.0000 0.0000 0.0000
v 0.000239 0.075545 -0.055141 0.0000 0.0000 0.0000
v 0.000256 0.075387 -0.054344 0.0000 0.0000 0.0000
v 0.000192 0.075994 -0.055818 0.0000 0.0000 0.0000
v 0.000120 0.076666 -0.056269 0.0000 0.0000 0.0000
v 0.000036 0.077460 -0.056428 0.0000 0.0000 0.0000
v -0.000048 0.078253 -0.056269 0.0000 0.0000 0.0000
v -0.000120 0.078925 -0.055818 0.0000 0.0000 0.0000
v -0.000168 0.079374 -0.055141 0.0000 0.0000 0.0000
v -0.000184 0.079532 -0.054344 0.0000 0.0000 0.0000
v -0.000168 0.079374 -0.053546 0.0000 0.0000 0.0000
v -0.000120 0.078925 -0.052870 0.0000 0.0000 0.0000
v -0.000048 0.078253 -0.052418 0.0000 0.0000 0.0000
v 0.000036 0.077460 -0.052260 0.0000 0.0000 0.0000
v 0.000120 0.076666 -0.052418 0.0000 0.0000 0.0000
v 0.000192 0.075994 -0.052870 0.0000 0.0000 0.0000
v 0.000239 0.075545 -0.053546 0.0000 0.0000 0.0000
v -0.001616 0.076020 -0.054864 0.0000 0.0000 0.0000
v -0.001616 0.076020 -0.053824 0.0000 0.0000 0.0000
v -0.001694 0.076752 -0.055601 0.0000 0.0000 0.0000
v -0.001804 0.077788 -0.055601 0.0000 0.0000 0.0000
v -0.001882 0.078519 -0.054864 0.0000 0.0000 0.0000
v -0.001882 0.078519 -0.053824 0.0000 0.0000 0.0000
v -0.001804 0.077788 -0.053087 0.0000 0.0000 0.0000
v -0.001694 0.076752 -0.053087 0.0000 0.0000 0.0000
v -0.002726 0.077166 -0.054344 0.0000 0.0000 0.0000
v -0.002407 0.077554 -0.053495 0.0000 0.0000 0.0000
v -0.002280 0.076359 -0.053992 0.0000 0.0000 0.0000
v -0.002459 0.078049 -0.054696 0.0000 0.0000 0.0000
v -0.002332 0.076854 -0.055193 0.0000 0.0000 0.0000
v -0.002404 0.077531 -0.055137 0.0000 0.0000 0.0000
v -0.002286 0.076416 -0.054673 0.0000 0.0000 0.0000
v -0.002335 0.076876 -0.053551 0.0000 0.0000 0.0000
v -0.002453 0.077992 -0.054015 0.0000 0.0000 0.0000
v 0.140965 0.053492 0.037493 0.5882 0.3725 0.1765
v 0.140965 0.053492 0.028316 0.5882 0.3725 0.1765
v 0.136782 0.039285 0.037493 0.5882 0.3725 0.1765
v 0.136782 0.039285 0.028316 0.5882 0.3725 0.1765
v 0.129659 0.034166 0.037493 0.5882 0.3725 0.1765
v 0.129659 0.034166 0.028316 0.5882 0.3725 0.1765
v 0.142841 0.055936 0.037493 0.5882 0.3725 0.1765
v 0.142841 0.055936 0.028316 0.5882 0.3725 0.1765
v 0.145195 0.057768 0.037493 0.5882 0.3725 0.1765
v 0.145195 0.057768 0.028316 0.5882 0.3725 0.1765
v 0.147214 0.059455 0.037493 0.5882 0.3725 0.1765
v 0.147214 0.059455 0.028316 0.5882 0.3725 0.1765
v 0.148932 0.061483 0.037493 0.5882 0.3725 0.1765
v 0.148932 0.061483 0.028316 0.5882 0.3725 0.1765
v 0.150312 0.063388 0.037493 0.5882 0.3725 0.1765
v 0.150312 0.063388 0.028316 0.5882 0.3725 0.1765
v 0.151037 0.064740 0.037493 0.5882 0.3725 0.1765
v 0.151037 0.064740 0.028316 0.5882 0.3725 0.1765
v 0.119450 0.069089 0.025737 0.5882 0.3725 0.1765
v 0.125212 0.063171 0.025737 0.5882 0.3725 0.1765
v 0.125212 0.063171 0.040071 0.5882 0.3725 0.1765
v 0.119450 0.069089 0.040071 0.5882 0.3725 0.1765
v 0.150762 0.071103 0.025737 0.5882 0.3725 0.1765
v 0.150762 0.071103 0.040071 0.5882 0.3725 0.1765
v 0.151038 0.064728 0.040071 0.5882 0.3725 0.1765
v 0.151038 0.064728 0.025737 0.5882 0.3725 0.1765
v 0.135304 0.053244 0.037493 0.5882 0.3725 0.1765
v 0.134197 0.053195 0.034946 0.5882 0.3725 0.1765
v 0.134197 0.053195 0.030863 0.5882 0.3725 0.1765
v 0.135304 0.053244 0.028316 0.5882 0.3725 0.1765
v 0.132799 0.042307 0.034946 0.5882 0.3725 0.1765
v 0.133676 0.041642 0.037493 0.5882 0.3725 0.1765
v 0.133676 0.041642 0.028316 0.5882 0.3725 0.1765
v 0.132799 0.042307 0.030863 0.5882 0.3725 0.1765
v 0.126400 0.036799 0.034946 0.5882 0.3725 0.1765
v 0.127270 0.036096 0.037493 0.5882 0.3725 0.1765
v 0.127270 0.036096 0.028316 0.5882 0.3725 0.1765
v 0.126400 0.036799 0.030863 0.5882 0.3725 0.1765
v 0.133211 0.057743 0.037493 0.5882 0.3725 0.1765
v 0.132426 0.056999 0.034946 0.5882 0.3725 0.1765
v 0.133211 0.057743 0.028316 0.5882 0.3725 0.1765
v 0.132426 0.056999 0.030863 0.5882 0.3725 0.1765
v 0.129955 0.060832 0.037493 0.5882 0.3725 0.1765
v 0.129263 0.059999 0.034946 0.5882 0.3725 0.1765
v 0.129955 0.060832 0.028316 0.5882 0.3725 0.1765
v 0.129263 0.059999 0.030863 0.5882 0.3725 0.1765
v 0.127052 0.062935 0.037493 0.5882 0.3725 0.1765
v 0.126301 0.062145 0.034946 0.5882 0.3725 0.1765
v 0.127052 0.062935 0.028316 0.5882 0.3725 0.1765
v 0.126301 0.062145 0.030863 0.5882 0.3725 0.1765
v 0.125211 0.063183 0.034946 0.5882 0.3725 0.1765
v 0.126535 0.063263 0.037493 0.5882 0.3725 0.1765
v 0.126535 0.063263 0.028316 0.5882 0.3725 0.1765
v 0.125211 0.063183 0.030863 0.5882 0.3725 0.1765
v 0.126990 0.033316 0.037493 0.5882 0.3725 0.1765
v 0.125839 0.033522 0.036574 0.5882 0.3725 0.1765
v 0.126400 0.033282 0.037122 0.5882 0.3725 0.1765
v 0.126990 0.033316 0.028316 0.5882 0.3725 0.1765
v 0.126400 0.033282 0.028687 0.5882 0.3725 0.1765
v 0.125839 0.033522 0.029234 0.5882 0.3725 0.1765
v 0.125772 0.035137 0.037493 0.5882 0.3725 0.1765
v 0.125456 0.033973 0.036574 0.5882 0.3725 0.1765
v 0.125401 0.034618 0.037122 0.5882 0.3725 0.1765
v 0.124980 0.034951 0.034377 0.5882 0.3725 0.1765
v 0.125304 0.036098 0.034946 0.5882 0.3725 0.1765
v 0.124930 0.035583 0.034779 0.5882 0.3725 0.1765
v 0.124980 0.034951 0.031432 0.5882 0.3725 0.1765
v 0.125304 0.036098 0.030863 0.5882 0.3725 0.1765
v 0.124930 0.035583 0.031030 0.5882 0.3725 0.1765
v 0.125456 0.033973 0.029234 0.5882 0.3725 0.1765
v 0.125772 0.035137 0.028316 0.5882 0.3725 0.1765
v 0.125401 0.034618 0.028687 0.5882 0.3725 0.1765
v 0.140525 0.049274 0.037493 0.5882 0.3725 0.1765
v 0.140068 0.046642 0.037493 0.5882 0.3725 0.1765
v 0.140068 0.046642 0.028316 0.5882 0.3725 0.1765
v 0.140525 0.049274 0.028316 0.5882 0.3725 0.1765
v 0.134544 0.049931 0.034946 0.5882 0.3725 0.1765
v 0.134450 0.047260 0.034946 0.5882 0.3725 0.1765
v 0.135572 0.047136 0.037493 0.5882 0.3725 0.1765
v 0.135667 0.049809 0.037493 0.5882 0.3725 0.1765
v 0.135667 0.049809 0.028316 0.5882 0.3725 0.1765
v 0.135572 0.047136 0.028316 0.5882 0.3725 0.1765
v 0.134450 0.047260 0.030863 0.5882 0.3725 0.1765
v 0.134544 0.049931 0.030863 0.5882 0.3725 0.1765
v 0.139540 0.044473 0.037493 0.5882 0.3725 0.1765
v 0.138904 0.042910 0.037493 0.5882 0.3725 0.1765
v 0.138904 0.042910 0.028316 0.5882 0.3725 0.1765
v 0.139540 0.044473 0.028316 0.5882 0.3725 0.1765
v 0.134127 0.045467 0.034946 0.5882 0.3725 0.1765
v 0.133596 0.043885 0.034946 0.5882 0.3725 0.1765
v 0.134704 0.043681 0.037493 0.5882 0.3725 0.1765
v 0.135235 0.045264 0.037493 0.5882 0.3725 0.1765
v 0.135235 0.045264 0.028316 0.5882 0.3725 0.1765
v 0.134704 0.043681 0.028316 0.5882 0.3725 0.1765
v 0.133596 0.043885 0.030863 0.5882 0.3725 0.1765
v 0.134127 0.045467 0.030863 0.5882 0.3725 0.1765
v 0.134681 0.037332 0.037493 0.5882 0.3725 0.1765
v 0.132070 0.035468 0.037493 0.5882 0.3725 0.1765
v 0.132070 0.035468 0.028316 0.5882 0.3725 0.1765
v 0.134681 0.037332 0.028316 0.5882 0.3725 0.1765
v 0.131189 0.040418 0.034946 0.5882 0.3725 0.1765
v 0.128811 0.038347 0.034946 0.5882 0.3725 0.1765
v 0.129636 0.037617 0.037493 0.5882 0.3725 0.1765
v 0.132013 0.039690 0.037493 0.5882 0.3725 0.1765
v 0.132013 0.039690 0.028316 0.5882 0.3725 0.1765
v 0.129636 0.037617 0.028316 0.5882 0.3725 0.1765
v 0.128811 0.038347 0.030863 0.5882 0.3725 0.1765
v 0.131189 0.040418 0.030863 0.5882 0.3725 0.1765
v 0.125670 0.063171 0.036461 0.5882 0.3725 0.1765
v 0.125670 0.063171 0.029348 0.5882 0.3725 0.1765
v 0.134608 0.053492 0.036219 0.5882 0.3725 0.1765
v 0.134608 0.053492 0.029590 0.5882 0.3725 0.1765
v 0.133095 0.042246 0.029590 0.5882 0.3725 0.1765
v 0.133095 0.042246 0.036219 0.5882 0.3725 0.1765
v 0.126693 0.036720 0.029590 0.5882 0.3725 0.1765
v 0.126693 0.036720 0.036219 0.5882 0.3725 0.1765
v 0.132676 0.057643 0.029590 0.5882 0.3725 0.1765
v 0.132676 0.057643 0.036219 0.5882 0.3725 0.1765
v 0.129467 0.060687 0.029590 0.5882 0.3725 0.1765
v 0.129467 0.060687 0.036219 0.5882 0.3725 0.1765
v 0.126534 0.062812 0.029590 0.5882 0.3725 0.1765
v 0.126534 0.062812 0.036219 0.5882 0.3725 0.1765
v 0.125075 0.034734 0.030333 0.5882 0.3725 0.1765
v 0.125023 0.035373 0.029858 0.5882 0.3725 0.1765
v 0.125395 0.035889 0.029590 0.5882 0.3725 0.1765
v 0.125075 0.034734 0.035476 0.5882 0.3725 0.1765
v 0.125023 0.035373 0.035951 0.5882 0.3725 0.1765
v 0.125395 0.035889 0.036219 0.5882 0.3725 0.1765
v 0.134868 0.047470 0.036219 0.5882 0.3725 0.1765
v 0.134962 0.050142 0.036219 0.5882 0.3725 0.1765
v 0.134868 0.047470 0.029590 0.5882 0.3725 0.1765
v 0.134962 0.050142 0.029590 0.5882 0.3725 0.1765
v 0.134007 0.044055 0.036219 0.5882 0.3725 0.1765
v 0.134539 0.045638 0.036219 0.5882 0.3725 0.1765
v 0.134007 0.044055 0.029590 0.5882 0.3725 0.1765
v 0.134539 0.045638 0.029590 0.5882 0.3725 0.1765
v 0.129081 0.038254 0.029590 0.5882 0.3725 0.1765
v 0.131458 0.040326 0.029590 0.5882 0.3725 0.1765
v 0.129081 0.038254 0.036219 0.5882 0.3725 0.1765
v 0.131458 0.040326 0.036219 0.5882 0.3725 0.1765
f 37 39 49
f 603 42 38
f 604 40 42
f 3 643 642
f 11 633 632
f 15 34 35
f 67 21 24
f 18 624 639
f 13 628 647
f 22 630 657
f 742 75 743
f 20 30 25
f 608 46 48
f 55 57 45
f 717 20 19
f 684 15 16
f 30 12 25
f 28 8 31
f 68 626 72
f 72 620 70
f 81 79 78
f 787 92 788
f 797 86 618
f 74 76 73
f 28 24 21
f 613 48 44
f 19 25 26
f 21 27 28
f 30 18 29
f 641 9 10
f 660 5 6
f 651 1 2
f 737 14 683
f 698 17 690
f 32 24 31
f 34 13 33
f 16 35 36
f 26 12 11
f 5 27 6
f 9 29 10
f 32 8 7
f 1 33 2
f 36 4 3
f 41 38 42
f 39 42 40
f 53 52 51
f 49 54 53
f 47 44 48
f 45 48 46
f 59 58 57
f 55 60 59
f 65 64 63
f 65 62 66
f 71 68 72
f 71 70 69
f 51 38 37
f 43 58 44
f 63 22 21
f 61 70 62
f 67 23 68
f 77 75 76
f 78 80 87
f 788 73 789
f 83 81 82
f 691 83 694
f 673 796 755
f 93 788 92
f 89 87 88
f 85 78 89
f 93 77 74
f 85 40 86
f 89 50 49
f 91 46 90
f 93 56 55
f 4 34 1
f 228 214 216
f 112 169 172
f 122 120 146
f 210 212 208
f 132 180 179
f 130 278 281
f 177 289 292
f 257 580 221
f 236 230 232
f 99 107 105
f 274 294 297
f 129 125 126
f 301 277 272
f 282 160 161
f 171 103 100
f 153 135 156
f 159 139 140
f 136 156 135
f 115 108 174
f 239 497 213
f 145 119 116
f 150 116 119
f 148 126 125
f 155 143 162
f 305 279 284
f 286 94 95
f 224 218 220
f 267 105 107
f 96 100 103
f 166 300 299
f 184 160 131
f 268 107 106
f 111 174 108
f 190 192 196
f 293 265 266
f 202 204 200
f 183 179 180
f 588 225 255
f 576 237 251
f 509 201 249
f 259 587 217
f 575 231 237
f 219 583 582
f 261 591 229
f 591 215 229
f 571 233 253
f 262 288 287
f 104 264 263
f 270 120 121
f 290 266 269
f 110 108 109
f 188 304 303
f 124 122 123
f 128 126 127
f 147 276 275
f 285 131 160
f 134 132 133
f 138 136 137
f 144 116 117
f 123 146 147
f 142 145 144
f 117 148 149
f 273 146 120
f 127 150 151
f 152 156 157
f 189 307 304
f 154 162 163
f 149 125 124
f 158 140 141
f 118 155 154
f 121 129 128
f 151 119 118
f 167 295 300
f 102 111 110
f 98 105 104
f 170 100 101
f 109 112 113
f 298 272 271
f 114 174 175
f 106 96 97
f 296 164 165
f 175 171 170
f 101 99 98
f 97 103 102
f 113 172 173
f 168 115 114
f 176 292 291
f 182 180 181
f 178 184 185
f 308 186 187
f 302 284 283
f 280 306 309
f 185 131 130
f 161 183 182
f 133 179 178
f 181 153 152
f 137 135 134
f 157 159 158
f 240 207 241
f 246 203 247
f 194 245 244
f 238 211 239
f 242 191 243
f 248 199 249
f 230 253 252
f 250 235 251
f 256 219 257
f 254 223 255
f 214 259 258
f 260 227 261
f 204 199 198
f 202 168 203
f 200 173 172
f 196 163 162
f 192 195 194
f 190 142 191
f 212 207 206
f 208 141 140
f 210 138 211
f 214 229 215
f 95 216 217
f 176 226 177
f 218 225 219
f 165 220 221
f 166 222 167
f 230 237 231
f 187 232 233
f 188 234 189
f 238 213 212
f 211 496 239
f 240 209 208
f 242 193 192
f 244 197 196
f 246 205 204
f 248 201 200
f 199 509 249
f 236 251 237
f 578 251 235
f 252 233 232
f 231 571 253
f 224 255 225
f 584 255 223
f 256 221 220
f 219 581 257
f 258 217 216
f 215 589 259
f 260 229 228
f 594 261 227
f 263 265 262
f 267 269 266
f 271 273 270
f 275 277 274
f 279 281 278
f 283 285 282
f 264 266 265
f 268 570 269
f 272 276 273
f 280 550 281
f 284 278 285
f 287 289 286
f 291 293 290
f 295 297 294
f 299 301 298
f 303 305 302
f 307 309 306
f 288 292 289
f 300 294 301
f 296 563 297
f 304 306 305
f 308 561 309
f 395 389 388
f 758 550 551
f 390 403 391
f 550 780 540
f 392 446 441
f 320 311 310
f 325 312 311
f 757 451 779
f 330 313 312
f 465 389 463
f 771 518 774
f 797 365 763
f 313 764 590
f 777 530 775
f 401 431 438
f 394 426 425
f 336 384 367
f 768 496 495
f 331 384 336
f 382 326 379
f 659 636 347
f 322 379 326
f 445 351 320
f 325 349 330
f 317 455 373
f 437 443 402
f 404 447 446
f 350 347 349
f 353 351 352
f 353 349 354
f 454 360 372
f 459 859 862
f 352 448 449
f 414 410 411
f 330 347 334
f 395 415 400
f 408 416 413
f 320 354 325
f 399 406 403
f 450 405 407
f 430 422 435
f 397 425 432
f 775 541 781
f 830 755 920
f 769 511 771
f 424 420 429
f 458 372 374
f 861 862 938
f 436 452 453
f 398 432 431
f 378 365 381
f 375 364 378
f 372 362 375
f 427 429 433
f 435 434 430
f 829 863 827
f 425 433 432
f 440 431 434
f 455 374 373
f 437 457 456
f 439 453 457
f 375 374 372
f 377 373 374
f 378 377 375
f 380 376 377
f 379 383 382
f 380 381 383
f 386 381 385
f 503 502 893
f 774 529 777
f 416 400 415
f 396 410 395
f 460 426 393
f 444 456 455
f 402 438 437
f 388 387 843
f 390 400 399
f 404 391 403
f 406 407 405
f 409 411 410
f 413 415 414
f 404 406 405
f 782 421 776
f 424 428 423
f 427 426 428
f 434 432 433
f 430 433 429
f 436 440 435
f 439 438 440
f 417 423 418
f 419 429 420
f 421 435 422
f 446 448 445
f 445 441 446
f 447 449 448
f 87 616 88
f 458 456 457
f 454 457 453
f 451 453 452
f 442 320 310
f 311 469 467
f 597 468 598
f 763 364 762
f 310 467 477
f 600 570 476
f 480 391 478
f 778 419 773
f 482 441 486
f 781 540 780
f 484 310 477
f 559 487 483
f 486 442 484
f 452 779 451
f 478 392 482
f 776 422 778
f 463 390 480
f 773 420 772
f 461 767 418
f 418 770 417
f 772 417 770
f 423 908 923
f 459 423 428
f 462 428 426
f 314 643 342
f 383 384 382
f 609 614 608
f 345 367 765
f 340 665 662
f 355 485 491
f 363 472 474
f 337 321 335
f 323 344 324
f 338 316 318
f 366 369 370
f 343 329 341
f 346 328 343
f 335 324 344
f 319 327 346
f 333 318 316
f 339 332 315
f 327 467 328
f 315 463 339
f 343 468 476
f 333 482 344
f 469 328 467
f 369 469 471
f 344 486 335
f 318 464 338
f 337 477 327
f 332 493 358
f 316 478 333
f 335 484 337
f 343 483 346
f 321 487 481
f 468 366 473
f 338 466 332
f 356 358 359
f 323 489 318
f 346 487 319
f 324 479 323
f 324 481 488
f 339 480 316
f 361 485 359
f 361 493 494
f 357 491 492
f 356 492 490
f 370 470 472
f 371 471 470
f 473 368 475
f 368 474 475
f 356 465 315
f 519 521 520
f 523 525 524
f 527 489 528
f 545 275 554
f 598 291 597
f 546 127 536
f 527 173 517
f 520 533 531
f 524 537 535
f 528 479 539
f 577 303 595
f 502 243 498
f 552 161 543
f 565 270 568
f 505 245 504
f 506 205 247
f 513 522 519
f 515 526 523
f 517 464 527
f 555 297 563
f 569 262 566
f 553 282 552
f 542 181 532
f 577 235 188
f 551 309 561
f 558 97 548
f 554 274 555
f 530 185 541
f 520 158 519
f 526 175 525
f 567 286 599
f 560 187 573
f 573 233 574
f 532 544 542
f 536 547 546
f 549 481 548
f 586 217 587
f 595 302 562
f 569 556 557
f 554 543 545
f 560 761 759
f 516 203 168
f 557 263 569
f 522 117 521
f 543 182 542
f 500 241 499
f 511 134 518
f 524 154 523
f 548 102 549
f 535 118 524
f 529 178 530
f 596 298 564
f 519 141 513
f 564 271 565
f 568 569 566
f 552 554 555
f 760 360 757
f 515 197 505
f 514 191 142
f 597 290 600
f 547 104 557
f 516 114 526
f 562 283 553
f 523 163 515
f 504 195 503
f 512 137 511
f 541 130 540
f 518 133 529
f 579 221 580
f 536 151 535
f 513 209 500
f 599 95 586
f 492 387 490
f 502 195 193
f 521 149 533
f 593 165 579
f 528 113 527
f 598 227 176
f 585 223 166
f 542 545 543
f 546 557 556
f 548 487 558
f 514 144 522
f 586 596 599
f 579 595 593
f 762 362 760
f 533 124 534
f 525 170 537
f 534 123 544
f 538 98 547
f 544 147 545
f 512 211 138
f 539 109 528
f 585 299 596
f 556 128 546
f 600 269 570
f 531 157 520
f 601 213 497
f 531 534 532
f 535 538 536
f 539 488 549
f 537 101 538
f 559 106 558
f 566 287 567
f 499 207 601
f 507 247 203
f 540 281 550
f 532 152 531
f 517 201 510
f 568 121 556
f 549 110 539
f 508 199 205
f 499 601 498
f 504 503 506
f 493 466 510
f 501 243 191
f 753 789 73
f 786 754 751
f 650 651 2
f 630 64 623
f 656 7 8
f 714 13 737
f 648 4 1
f 655 654 7
f 605 86 40
f 634 633 11
f 622 62 621
f 620 626 791
f 644 643 3
f 613 58 610
f 615 785 790
f 640 641 10
f 609 88 616
f 617 694 83
f 659 8 5
f 612 92 619
f 7 654 653
f 707 18 698
f 723 19 631
f 607 50 609
f 621 70 620
f 704 80 79
f 611 56 612
f 658 660 6
f 610 60 611
f 606 54 607
f 650 647 653
f 635 661 658
f 334 638 640
f 712 16 625
f 637 12 9
f 791 743 75
f 636 11 12
f 629 68 23
f 622 64 66
f 603 52 606
f 646 3 4
f 614 90 46
f 790 90 615
f 784 705 701
f 617 82 797
f 665 663 662
f 664 348 663
f 490 388 465
f 886 903 907
f 676 877 878
f 681 880 679
f 678 882 793
f 863 936 947
f 862 940 938
f 671 875 873
f 669 872 670
f 675 873 871
f 84 704 79
f 690 20 719
f 742 73 76
f 14 688 683
f 367 787 765
f 712 625 314
f 696 697 693
f 686 705 704
f 686 687 689
f 695 694 696
f 695 693 692
f 685 693 687
f 700 687 699
f 699 693 697
f 701 689 700
f 704 691 692
f 717 706 711
f 703 696 694
f 63 67 69
f 719 713 716
f 708 698 720
f 709 715 710
f 708 721 709
f 724 715 721
f 713 715 716
f 719 711 713
f 722 721 720
f 722 698 690
f 711 710 715
f 732 733 730
f 726 737 683
f 726 727 728
f 731 684 732
f 731 730 729
f 725 730 727
f 735 727 734
f 734 730 733
f 735 737 728
f 688 731 729
f 684 736 732
f 747 748 745
f 739 754 753
f 739 740 741
f 746 743 747
f 746 745 744
f 738 745 740
f 750 740 749
f 749 745 748
f 750 754 741
f 753 742 744
f 743 752 747
f 702 703 708
f 736 712 750
f 373 322 317
f 459 861 908
f 784 87 80
f 786 788 789
f 791 792 790
f 786 765 787
f 777 773 774
f 759 757 758
f 769 767 768
f 778 775 776
f 779 758 757
f 781 776 775
f 783 768 767
f 759 762 760
f 771 770 769
f 764 762 761
f 774 772 771
f 782 780 779
f 756 886 907
f 784 790 785
f 794 795 796
f 756 795 886
f 677 871 869
f 763 617 797
f 707 313 624
f 85 82 81
f 91 792 77
f 817 838 836
f 829 809 828
f 827 805 829
f 833 834 832
f 840 828 809
f 827 927 926
f 833 800 834
f 840 801 833
f 812 819 821
f 813 815 819
f 811 815 814
f 833 830 840
f 806 799 839
f 808 803 841
f 811 823 816
f 834 803 807
f 818 810 821
f 822 837 832
f 839 831 805
f 807 810 820
f 837 836 838
f 809 798 840
f 805 802 809
f 671 819 815
f 671 816 672
f 674 820 818
f 674 821 677
f 676 822 820
f 755 817 673
f 675 821 819
f 680 825 824
f 679 825 681
f 672 823 679
f 926 925 929
f 827 925 927
f 794 835 793
f 678 835 822
f 673 836 794
f 824 811 814
f 841 800 798
f 846 889 842
f 667 681 680
f 846 387 885
f 849 844 851
f 855 848 858
f 847 849 851
f 848 682 858
f 852 856 853
f 858 857 855
f 858 845 852
f 846 853 843
f 680 857 842
f 842 852 846
f 853 409 396
f 847 412 409
f 849 858 682
f 917 924 756
f 924 909 914
f 935 942 944
f 933 460 935
f 928 926 956
f 867 871 870
f 870 873 872
f 872 875 874
f 880 874 875
f 868 878 877
f 883 879 881
f 878 866 881
f 670 874 667
f 679 875 672
f 674 869 877
f 793 883 795
f 666 867 668
f 898 897 900
f 884 868 666
f 888 902 898
f 678 878 879
f 667 876 681
f 795 881 886
f 668 870 669
f 903 894 907
f 906 895 894
f 905 896 895
f 904 893 896
f 889 899 897
f 892 900 899
f 891 901 900
f 890 898 901
f 884 897 866
f 887 894 895
f 885 890 891
f 914 921 924
f 916 922 921
f 915 920 922
f 909 919 911
f 911 918 912
f 912 923 910
f 908 910 923
f 922 755 921
f 919 461 918
f 829 864 865
f 914 909 864
f 859 946 940
f 947 949 929
f 932 949 951
f 931 950 946
f 956 951 957
f 933 944 950
f 945 941 943
f 944 948 939
f 941 939 948
f 946 950 939
f 951 949 937
f 939 936 938
f 934 956 953
f 952 955 954
f 953 957 955
f 957 945 955
f 943 955 945
f 930 953 952
f 826 850 854
f 49 53 51
f 51 37 49
f 37 41 39
f 39 85 89
f 49 39 89
f 603 604 42
f 604 605 40
f 642 625 16
f 16 36 642
f 36 3 642
f 632 631 19
f 19 26 632
f 26 11 632
f 15 14 34
f 67 63 21
f 639 640 10
f 10 29 639
f 29 18 639
f 647 650 2
f 2 33 647
f 33 13 647
f 657 658 6
f 6 27 657
f 27 22 657
f 742 76 75
f 20 17 30
f 608 614 46
f 55 59 57
f 57 43 45
f 43 47 45
f 45 91 55
f 91 93 55
f 717 719 20
f 684 688 15
f 30 9 12
f 28 5 8
f 68 627 626
f 72 626 620
f 81 84 79
f 787 619 92
f 797 82 86
f 74 77 76
f 28 31 24
f 613 608 48
f 19 20 25
f 21 22 27
f 30 17 18
f 641 637 9
f 660 659 5
f 651 648 1
f 737 13 14
f 698 18 17
f 32 23 24
f 34 14 13
f 16 15 35
f 26 25 12
f 5 28 27
f 9 30 29
f 32 31 8
f 1 34 33
f 36 35 4
f 41 37 38
f 39 41 42
f 53 54 52
f 49 50 54
f 47 43 44
f 45 47 48
f 59 60 58
f 55 56 60
f 65 66 64
f 65 61 62
f 71 67 68
f 71 72 70
f 51 52 38
f 43 57 58
f 63 64 22
f 61 69 70
f 67 24 23
f 77 792 75
f 78 79 80
f 788 74 73
f 83 84 81
f 691 84 83
f 673 794 796
f 93 74 788
f 89 78 87
f 85 81 78
f 93 91 77
f 85 39 40
f 89 88 50
f 91 45 46
f 93 92 56
f 4 35 34
f 214 258 216
f 216 94 226
f 94 177 226
f 226 260 228
f 216 226 228
f 112 115 169
f 122 129 120
f 210 238 212
f 212 206 208
f 206 240 208
f 208 140 210
f 140 139 210
f 132 153 180
f 130 131 278
f 177 94 289
f 257 581 580
f 230 252 232
f 232 186 234
f 186 189 234
f 234 250 236
f 232 234 236
f 99 96 107
f 274 277 294
f 129 122 125
f 301 294 277
f 282 285 160
f 171 111 103
f 153 132 135
f 159 136 139
f 136 159 156
f 115 112 108
f 239 496 497
f 145 155 119
f 150 148 116
f 148 150 126
f 155 145 143
f 305 306 279
f 286 289 94
f 218 256 220
f 220 164 222
f 164 167 222
f 222 254 220
f 254 224 220
f 267 264 105
f 96 99 100
f 166 167 300
f 184 183 160
f 268 267 107
f 111 171 174
f 190 242 192
f 192 194 196
f 194 244 196
f 196 162 190
f 162 143 190
f 293 288 265
f 202 246 204
f 204 198 200
f 198 248 200
f 200 172 202
f 172 169 202
f 183 184 179
f 588 583 225
f 576 575 237
f 509 510 201
f 259 589 587
f 575 572 231
f 219 225 583
f 261 592 591
f 591 590 215
f 571 574 233
f 262 265 288
f 104 105 264
f 270 273 120
f 290 293 266
f 110 111 108
f 188 189 304
f 124 125 122
f 128 129 126
f 147 146 276
f 285 278 131
f 134 135 132
f 138 139 136
f 144 145 116
f 123 122 146
f 142 143 145
f 117 116 148
f 273 276 146
f 127 126 150
f 152 153 156
f 189 186 307
f 154 155 162
f 149 148 125
f 158 159 140
f 118 119 155
f 121 120 129
f 151 150 119
f 167 164 295
f 102 103 111
f 98 99 105
f 170 171 100
f 109 108 112
f 298 301 272
f 114 115 174
f 106 107 96
f 296 295 164
f 175 174 171
f 101 100 99
f 97 96 103
f 113 112 172
f 168 169 115
f 176 177 292
f 182 183 180
f 178 179 184
f 308 307 186
f 302 305 284
f 280 279 306
f 185 184 131
f 161 160 183
f 133 132 179
f 181 180 153
f 137 136 135
f 157 156 159
f 240 206 207
f 246 202 203
f 194 195 245
f 238 210 211
f 242 190 191
f 248 198 199
f 230 231 253
f 250 234 235
f 256 218 219
f 254 222 223
f 214 215 259
f 260 226 227
f 204 205 199
f 202 169 168
f 200 201 173
f 196 197 163
f 192 193 195
f 190 143 142
f 212 213 207
f 208 209 141
f 210 139 138
f 214 228 229
f 95 94 216
f 176 227 226
f 218 224 225
f 165 164 220
f 166 223 222
f 230 236 237
f 187 186 232
f 188 235 234
f 238 239 213
f 211 495 496
f 240 241 209
f 242 243 193
f 244 245 197
f 246 247 205
f 248 249 201
f 199 602 509
f 236 250 251
f 578 576 251
f 252 253 233
f 231 572 571
f 224 254 255
f 584 588 255
f 256 257 221
f 219 582 581
f 258 259 217
f 215 590 589
f 260 261 229
f 594 592 261
f 263 264 265
f 267 268 269
f 271 272 273
f 275 276 277
f 279 280 281
f 283 284 285
f 264 267 266
f 268 559 570
f 272 277 276
f 280 551 550
f 284 279 278
f 287 288 289
f 291 292 293
f 295 296 297
f 299 300 301
f 303 304 305
f 307 308 309
f 288 293 292
f 300 295 294
f 296 593 563
f 304 307 306
f 308 560 561
f 395 400 389
f 560 759 561
f 759 758 561
f 561 758 551
f 390 399 403
f 550 758 780
f 392 404 446
f 320 325 311
f 325 330 312
f 757 360 451
f 330 334 313
f 465 388 389
f 771 511 518
f 797 618 365
f 594 598 473
f 598 468 473
f 592 594 473
f 592 473 475
f 591 592 475
f 591 475 474
f 590 591 474
f 585 586 584
f 586 587 584
f 584 587 588
f 587 589 588
f 588 589 583
f 589 590 583
f 582 583 590
f 582 590 764
f 590 474 313
f 577 579 578
f 579 580 578
f 578 580 576
f 580 581 575
f 576 580 575
f 581 582 575
f 572 575 764
f 575 582 764
f 471 469 312
f 764 761 574
f 761 573 574
f 471 312 313
f 470 471 313
f 764 574 571
f 764 571 572
f 472 470 313
f 474 472 313
f 777 529 530
f 401 398 431
f 394 393 426
f 386 385 384
f 385 367 384
f 367 345 336
f 768 497 496
f 495 512 768
f 512 769 768
f 331 382 384
f 382 331 326
f 347 664 659
f 664 665 646
f 656 664 648
f 665 342 644
f 342 645 644
f 638 334 641
f 334 347 641
f 665 644 646
f 646 648 664
f 637 641 347
f 636 637 347
f 664 656 659
f 651 649 652
f 648 651 655
f 656 648 655
f 651 652 655
f 661 635 634
f 660 661 634
f 660 634 636
f 659 660 636
f 322 376 379
f 445 448 351
f 325 354 349
f 317 444 455
f 437 456 443
f 404 405 447
f 350 348 347
f 353 354 351
f 353 350 349
f 454 451 360
f 459 462 859
f 352 351 448
f 414 415 410
f 330 349 347
f 395 410 415
f 408 406 416
f 320 351 354
f 399 416 406
f 450 447 405
f 430 419 422
f 397 394 425
f 775 530 541
f 920 913 828
f 913 864 828
f 828 830 920
f 769 512 511
f 424 417 420
f 458 454 372
f 938 936 861
f 936 865 864
f 864 861 936
f 436 421 452
f 398 397 432
f 378 364 365
f 375 362 364
f 372 360 362
f 427 424 429
f 435 440 434
f 829 865 863
f 425 427 433
f 440 438 431
f 455 458 374
f 437 439 457
f 439 436 453
f 375 377 374
f 377 376 373
f 378 380 377
f 380 379 376
f 379 380 383
f 380 378 381
f 386 383 381
f 888 885 492
f 888 492 491
f 887 893 768
f 893 888 508
f 497 768 893
f 601 497 893
f 893 508 503
f 888 491 485
f 485 602 888
f 602 508 888
f 502 601 893
f 774 518 529
f 416 399 400
f 396 409 410
f 460 462 426
f 444 443 456
f 402 401 438
f 843 853 395
f 853 396 395
f 395 388 843
f 390 389 400
f 404 392 391
f 406 408 407
f 409 412 411
f 413 416 415
f 404 403 406
f 782 452 421
f 424 427 428
f 427 425 426
f 434 431 432
f 430 434 433
f 436 439 440
f 439 437 438
f 417 424 423
f 419 430 429
f 421 436 435
f 446 447 448
f 445 442 441
f 447 450 449
f 87 785 616
f 458 455 456
f 454 458 457
f 451 454 453
f 442 445 320
f 311 312 469
f 597 476 468
f 763 365 364
f 310 311 467
f 570 559 483
f 483 476 570
f 476 597 600
f 480 390 391
f 778 422 419
f 482 392 441
f 781 541 540
f 484 442 310
f 559 558 487
f 486 441 442
f 452 782 779
f 478 391 392
f 776 421 422
f 463 389 390
f 773 419 420
f 461 783 767
f 418 767 770
f 772 420 417
f 923 461 418
f 418 423 923
f 459 908 423
f 462 459 428
f 642 643 314
f 643 645 342
f 383 386 384
f 612 619 367
f 381 365 605
f 365 618 605
f 612 367 385
f 611 612 385
f 381 605 604
f 381 604 603
f 610 611 385
f 613 610 385
f 385 381 613
f 381 603 606
f 381 606 613
f 613 606 607
f 608 613 607
f 609 616 614
f 616 615 614
f 608 607 609
f 765 766 345
f 766 314 342
f 345 342 340
f 766 342 345
f 340 342 665
f 355 359 485
f 363 370 472
f 337 319 321
f 323 333 344
f 338 339 316
f 371 370 369
f 370 363 366
f 363 368 366
f 366 341 369
f 341 329 369
f 343 328 329
f 346 327 328
f 335 321 324
f 319 337 327
f 333 323 318
f 339 338 332
f 327 477 467
f 315 465 463
f 343 341 468
f 333 478 482
f 469 329 328
f 369 329 469
f 344 482 486
f 318 489 464
f 337 484 477
f 332 466 493
f 316 480 478
f 335 486 484
f 343 476 483
f 321 319 487
f 468 341 366
f 338 464 466
f 361 359 358
f 359 355 356
f 355 357 356
f 356 315 358
f 315 332 358
f 323 479 489
f 346 483 487
f 324 488 479
f 324 321 481
f 339 463 480
f 361 494 485
f 361 358 493
f 357 355 491
f 356 357 492
f 370 371 470
f 371 369 471
f 473 366 368
f 368 363 474
f 356 490 465
f 519 522 521
f 523 526 525
f 527 464 489
f 545 147 275
f 598 176 291
f 546 128 127
f 527 113 173
f 520 521 533
f 524 525 537
f 528 489 479
f 577 188 303
f 502 193 243
f 552 282 161
f 565 271 270
f 505 197 245
f 506 508 205
f 513 514 522
f 515 516 526
f 517 466 464
f 555 274 297
f 569 263 262
f 553 283 282
f 542 182 181
f 577 578 235
f 551 280 309
f 558 106 97
f 554 275 274
f 530 178 185
f 520 157 158
f 526 114 175
f 567 287 286
f 560 308 187
f 573 187 233
f 532 534 544
f 536 538 547
f 549 488 481
f 586 95 217
f 595 303 302
f 569 568 556
f 554 552 543
f 560 573 761
f 516 507 203
f 557 104 263
f 522 144 117
f 543 161 182
f 500 209 241
f 511 137 134
f 524 118 154
f 548 97 102
f 535 151 118
f 529 133 178
f 596 299 298
f 519 158 141
f 564 298 271
f 566 567 565
f 567 599 564
f 565 567 564
f 599 596 564
f 565 568 566
f 555 563 553
f 563 593 562
f 553 563 562
f 593 595 562
f 553 552 555
f 760 362 360
f 515 163 197
f 514 501 191
f 597 291 290
f 547 98 104
f 516 168 114
f 562 302 283
f 523 154 163
f 504 245 195
f 512 138 137
f 541 185 130
f 518 134 133
f 579 165 221
f 536 127 151
f 513 141 209
f 599 286 95
f 492 885 387
f 502 503 195
f 521 117 149
f 593 296 165
f 528 109 113
f 598 594 227
f 585 584 223
f 542 544 545
f 546 547 557
f 548 481 487
f 514 142 144
f 586 585 596
f 579 577 595
f 762 364 362
f 533 149 124
f 525 175 170
f 534 124 123
f 538 101 98
f 544 123 147
f 512 495 211
f 539 110 109
f 585 166 299
f 556 121 128
f 600 290 269
f 531 152 157
f 601 207 213
f 531 533 534
f 535 537 538
f 539 479 488
f 537 170 101
f 559 268 106
f 566 262 287
f 499 241 207
f 507 506 247
f 540 130 281
f 532 181 152
f 517 173 201
f 568 270 121
f 549 102 110
f 508 602 199
f 501 514 500
f 514 513 500
f 601 502 498
f 498 501 499
f 501 500 499
f 507 516 505
f 516 515 505
f 503 508 506
f 506 507 504
f 507 505 504
f 509 602 494
f 602 485 494
f 466 517 510
f 510 509 493
f 509 494 493
f 501 498 243
f 753 754 789
f 786 789 754
f 650 649 651
f 630 22 64
f 656 655 7
f 714 628 13
f 648 646 4
f 655 652 654
f 605 618 86
f 634 635 633
f 622 66 62
f 632 657 630
f 632 630 631
f 630 623 723
f 723 631 630
f 791 784 620
f 784 701 622
f 701 723 623
f 628 714 629
f 714 718 627
f 629 714 627
f 653 647 628
f 629 653 628
f 784 622 621
f 701 623 622
f 627 718 626
f 718 791 626
f 784 621 620
f 644 645 643
f 613 44 58
f 615 616 785
f 640 638 641
f 609 50 88
f 617 703 694
f 659 656 8
f 612 56 92
f 653 629 23
f 23 32 653
f 32 7 653
f 707 624 18
f 723 717 19
f 607 54 50
f 621 62 70
f 704 705 80
f 611 60 56
f 658 661 660
f 610 58 60
f 606 52 54
f 653 654 650
f 654 652 650
f 652 649 650
f 658 657 632
f 632 633 658
f 633 635 658
f 640 639 313
f 313 334 640
f 712 684 16
f 637 636 12
f 791 718 743
f 636 634 11
f 629 627 68
f 622 623 64
f 603 38 52
f 646 644 3
f 614 615 90
f 790 792 90
f 784 80 705
f 617 83 82
f 665 664 663
f 664 347 348
f 490 387 388
f 886 881 903
f 676 674 877
f 681 876 880
f 678 879 882
f 863 865 936
f 862 859 940
f 671 672 875
f 669 870 872
f 675 671 873
f 84 691 704
f 690 17 20
f 742 753 73
f 14 15 688
f 367 619 787
f 625 642 314
f 314 766 751
f 766 786 751
f 314 751 712
f 696 702 697
f 686 689 705
f 686 685 687
f 695 691 694
f 695 696 693
f 685 692 693
f 700 689 687
f 699 687 693
f 701 705 689
f 691 695 692
f 692 685 704
f 685 686 704
f 717 723 706
f 703 702 696
f 67 71 69
f 69 61 63
f 61 65 63
f 716 724 690
f 724 722 690
f 690 719 716
f 708 707 698
f 709 721 715
f 708 720 721
f 724 716 715
f 713 711 715
f 719 717 711
f 722 724 721
f 722 720 698
f 711 706 710
f 732 736 733
f 726 728 737
f 726 725 727
f 731 688 684
f 731 732 730
f 725 729 730
f 735 728 727
f 734 727 730
f 735 714 737
f 729 725 683
f 725 726 683
f 683 688 729
f 684 712 736
f 747 752 748
f 739 741 754
f 739 738 740
f 746 742 743
f 746 747 745
f 738 744 745
f 750 741 740
f 749 740 745
f 750 751 754
f 742 746 744
f 744 738 753
f 738 739 753
f 743 718 752
f 706 723 700
f 723 701 700
f 710 706 699
f 706 700 699
f 709 710 697
f 710 699 697
f 703 707 708
f 708 709 702
f 709 697 702
f 752 718 735
f 718 714 735
f 748 752 734
f 752 735 734
f 749 748 733
f 748 734 733
f 712 751 750
f 750 749 736
f 749 733 736
f 373 376 322
f 459 862 861
f 784 785 87
f 786 787 788
f 791 75 792
f 786 766 765
f 777 778 773
f 759 760 757
f 769 770 767
f 778 777 775
f 779 780 758
f 781 782 776
f 783 887 768
f 759 761 762
f 771 772 770
f 764 763 762
f 774 773 772
f 782 781 780
f 907 887 783
f 783 756 907
f 784 791 790
f 794 793 795
f 756 796 795
f 677 675 871
f 763 764 617
f 707 703 313
f 703 617 764
f 764 313 703
f 313 639 624
f 85 86 82
f 91 90 792
f 817 830 838
f 829 805 809
f 827 839 805
f 837 838 832
f 838 833 832
f 840 830 828
f 926 928 806
f 806 839 926
f 839 827 926
f 833 801 800
f 840 798 801
f 812 813 819
f 813 814 815
f 811 816 815
f 833 838 830
f 806 804 799
f 808 807 803
f 811 825 823
f 834 800 803
f 818 820 810
f 810 812 821
f 822 835 837
f 839 799 831
f 822 832 820
f 832 834 820
f 834 807 820
f 837 835 836
f 809 802 798
f 805 831 802
f 671 675 819
f 671 815 816
f 674 676 820
f 674 818 821
f 676 678 822
f 755 830 817
f 675 677 821
f 680 681 825
f 679 823 825
f 672 816 823
f 926 927 925
f 827 863 925
f 794 836 835
f 678 793 835
f 673 817 836
f 814 813 824
f 813 812 824
f 812 810 824
f 810 807 824
f 807 808 824
f 808 826 824
f 824 825 811
f 802 831 799
f 799 804 802
f 804 841 798
f 841 803 800
f 800 801 798
f 798 802 804
f 885 889 846
f 889 884 842
f 680 842 884
f 884 666 680
f 666 668 680
f 668 669 680
f 669 670 680
f 670 667 680
f 846 843 387
f 849 682 844
f 855 850 848
f 847 845 849
f 848 844 682
f 852 845 856
f 858 852 857
f 857 854 855
f 846 852 853
f 680 854 857
f 842 857 852
f 853 856 409
f 856 845 409
f 845 847 409
f 849 845 858
f 924 755 796
f 796 756 924
f 756 783 917
f 783 461 917
f 924 917 909
f 935 860 942
f 933 931 462
f 931 859 462
f 462 460 933
f 460 860 935
f 929 932 926
f 932 956 926
f 956 934 928
f 934 930 928
f 867 869 871
f 870 871 873
f 872 873 875
f 880 876 874
f 877 869 868
f 869 867 868
f 883 882 879
f 881 879 878
f 878 868 866
f 670 872 874
f 679 880 875
f 674 677 869
f 793 882 883
f 666 868 867
f 899 900 897
f 900 901 898
f 898 902 881
f 902 904 906
f 904 905 906
f 906 903 902
f 903 881 902
f 881 866 898
f 866 897 898
f 884 866 868
f 888 893 902
f 678 676 878
f 667 874 876
f 795 883 881
f 668 867 870
f 903 906 894
f 906 905 895
f 905 904 896
f 904 902 893
f 889 892 899
f 892 891 900
f 891 890 901
f 890 888 898
f 884 889 897
f 896 893 887
f 887 907 894
f 895 896 887
f 892 889 885
f 885 888 890
f 891 892 885
f 914 916 921
f 916 915 922
f 915 913 920
f 909 917 919
f 911 919 918
f 912 918 923
f 908 861 910
f 922 920 755
f 755 924 921
f 919 917 461
f 461 923 918
f 829 828 864
f 911 912 909
f 912 910 909
f 910 861 909
f 861 864 909
f 864 913 914
f 913 915 914
f 915 916 914
f 859 931 946
f 929 925 863
f 863 947 929
f 932 929 949
f 931 933 950
f 956 932 951
f 933 935 944
f 945 937 941
f 944 942 948
f 941 937 939
f 950 944 939
f 939 938 946
f 938 940 946
f 949 947 937
f 947 936 937
f 937 945 957
f 951 937 957
f 939 937 936
f 952 953 955
f 953 956 957
f 943 954 955
f 930 934 953
f 850 855 854
f 854 680 824
f 824 826 854
f 994 1006 996
f 1532 995 999
f 1533 999 997
f 960 1571 1572
f 968 1561 1562
f 972 992 991
f 1024 981 978
f 975 1568 1553
f 970 1576 1557
f 979 1586 1559
f 1669 1670 1032
f 977 982 987
f 1537 1005 1003
f 1012 1002 1014
f 1644 976 977
f 1611 973 972
f 987 982 969
f 985 988 965
f 1025 1029 1555
f 1029 1027 1549
f 1038 1035 1036
f 1714 1715 1049
f 1724 1547 1043
f 1031 1030 1033
f 985 978 981
f 1542 1001 1005
f 976 983 982
f 978 985 984
f 987 986 975
f 1570 967 966
f 1589 963 962
f 1580 959 958
f 1664 1610 971
f 1625 1617 974
f 989 988 981
f 991 990 970
f 973 993 992
f 983 968 969
f 962 963 984
f 966 967 986
f 989 964 965
f 958 959 990
f 993 960 961
f 998 999 995
f 996 997 999
f 1010 1008 1009
f 1006 1010 1011
f 1004 1005 1001
f 1002 1003 1005
f 1016 1014 1015
f 1012 1016 1017
f 1022 1020 1021
f 1022 1023 1019
f 1028 1029 1025
f 1028 1026 1027
f 1008 994 995
f 1000 1001 1015
f 1020 978 979
f 1018 1019 1027
f 1024 1025 980
f 1034 1033 1032
f 1035 1044 1037
f 1715 1716 1030
f 1040 1039 1038
f 1618 1621 1040
f 1600 1682 1723
f 1050 1049 1715
f 1046 1045 1044
f 1042 1046 1035
f 1050 1031 1034
f 1042 1043 997
f 1046 1006 1007
f 1048 1047 1003
f 1050 1012 1013
f 961 958 991
f 1185 1173 1171
f 1069 1129 1126
f 1079 1103 1077
f 1167 1165 1169
f 1089 1136 1137
f 1087 1238 1235
f 1134 1249 1246
f 1214 1178 1509
f 1193 1189 1187
f 1056 1062 1064
f 1231 1254 1251
f 1086 1083 1082
f 1258 1229 1234
f 1239 1118 1117
f 1128 1057 1060
f 1110 1113 1092
f 1116 1097 1096
f 1093 1092 1113
f 1072 1131 1065
f 1196 1170 1426
f 1102 1073 1076
f 1107 1076 1073
f 1105 1082 1083
f 1112 1119 1100
f 1262 1241 1236
f 1243 1052 1051
f 1181 1177 1175
f 1224 1064 1062
f 1053 1060 1057
f 1123 1256 1257
f 1141 1088 1117
f 1225 1063 1064
f 1068 1065 1131
f 1147 1153 1149
f 1250 1223 1222
f 1159 1157 1161
f 1140 1137 1136
f 1517 1212 1182
f 1505 1208 1194
f 1438 1206 1158
f 1216 1174 1516
f 1504 1194 1188
f 1176 1511 1512
f 1218 1186 1520
f 1520 1186 1172
f 1500 1210 1190
f 1219 1244 1245
f 1061 1220 1221
f 1227 1078 1077
f 1247 1226 1223
f 1067 1066 1065
f 1145 1260 1261
f 1081 1080 1079
f 1085 1084 1083
f 1104 1232 1233
f 1242 1117 1088
f 1091 1090 1089
f 1095 1094 1093
f 1101 1074 1073
f 1080 1104 1103
f 1099 1101 1102
f 1074 1106 1105
f 1230 1077 1103
f 1084 1108 1107
f 1109 1114 1113
f 1146 1261 1264
f 1111 1120 1119
f 1106 1081 1082
f 1115 1098 1097
f 1075 1111 1112
f 1078 1085 1086
f 1108 1075 1076
f 1124 1257 1252
f 1059 1067 1068
f 1055 1061 1062
f 1127 1058 1057
f 1066 1070 1069
f 1255 1228 1229
f 1071 1132 1131
f 1063 1054 1053
f 1253 1122 1121
f 1132 1127 1128
f 1058 1055 1056
f 1054 1059 1060
f 1070 1130 1129
f 1125 1071 1072
f 1133 1248 1249
f 1139 1138 1137
f 1135 1142 1141
f 1265 1144 1143
f 1259 1240 1241
f 1237 1266 1263
f 1142 1087 1088
f 1118 1139 1140
f 1090 1135 1136
f 1138 1109 1110
f 1094 1091 1092
f 1114 1115 1116
f 1197 1198 1164
f 1203 1204 1160
f 1151 1201 1202
f 1195 1196 1168
f 1199 1200 1148
f 1205 1206 1156
f 1187 1209 1210
f 1207 1208 1192
f 1213 1214 1176
f 1211 1212 1180
f 1171 1215 1216
f 1217 1218 1184
f 1161 1155 1156
f 1159 1160 1125
f 1157 1129 1130
f 1153 1119 1120
f 1149 1151 1152
f 1147 1148 1099
f 1169 1163 1164
f 1165 1097 1098
f 1167 1168 1095
f 1171 1172 1186
f 1052 1174 1173
f 1133 1134 1183
f 1175 1176 1182
f 1122 1178 1177
f 1123 1124 1179
f 1187 1188 1194
f 1144 1190 1189
f 1145 1146 1191
f 1195 1169 1170
f 1168 1196 1425
f 1197 1165 1166
f 1199 1149 1150
f 1201 1153 1154
f 1203 1161 1162
f 1205 1157 1158
f 1156 1206 1438
f 1193 1194 1208
f 1507 1192 1208
f 1209 1189 1190
f 1188 1210 1500
f 1181 1182 1212
f 1513 1180 1212
f 1213 1177 1178
f 1176 1214 1510
f 1215 1173 1174
f 1172 1216 1518
f 1217 1185 1186
f 1523 1184 1218
f 1220 1219 1222
f 1224 1223 1226
f 1228 1227 1230
f 1232 1231 1234
f 1236 1235 1238
f 1240 1239 1242
f 1221 1222 1223
f 1225 1226 1499
f 1229 1230 1233
f 1237 1238 1479
f 1241 1242 1235
f 1244 1243 1246
f 1248 1247 1250
f 1252 1251 1254
f 1256 1255 1258
f 1260 1259 1262
f 1264 1263 1266
f 1245 1246 1249
f 1257 1258 1251
f 1253 1254 1492
f 1261 1262 1263
f 1265 1266 1490
f 1339 1334 1335
f 1685 1480 1479
f 1336 1337 1343
f 1479 1469 1707
f 1338 1375 1378
f 1276 1267 1268
f 1280 1268 1269
f 1684 1706 1381
f 1284 1269 1270
f 1394 1392 1335
f 1698 1701 1447
f 1724 1690 1311
f 1270 1519 1691
f 1704 1702 1459
f 401 1372 1365
f 394 1359 1360
f 336 1313 1330
f 1695 1424 1425
f 331 336 1330
f 1328 1325 326
f 1588 1297 1565
f 322 326 1325
f 1377 1276 1299
f 1280 1284 1298
f 317 1319 1385
f 1371 402 443
f 1344 1378 1379
f 350 1298 1297
f 353 352 1299
f 353 1300 1298
f 1384 1318 1306
f 1389 1778 1776
f 352 449 1380
f 414 411 1348
f 1284 1287 1297
f 1339 1342 1349
f 408 413 1350
f 1276 1280 1300
f 1341 1343 1346
f 450 407 1345
f 1364 1369 1356
f 397 1366 1359
f 1702 1708 1470
f 1753 1836 1682
f 1696 1698 1440
f 1358 1363 1354
f 1388 1320 1318
f 1777 1852 1778
f 1370 1383 1382
f 398 1365 1366
f 1324 1327 1311
f 1321 1324 1310
f 1318 1321 1308
f 1361 1367 1363
f 1369 1364 1368
f 1752 1750 1779
f 1359 1366 1367
f 1374 1368 1365
f 1385 1319 1320
f 1371 1386 1387
f 1373 1387 1383
f 1321 1318 1320
f 1323 1320 1319
f 1324 1321 1323
f 1326 1323 1322
f 1325 1328 1329
f 1326 1329 1327
f 1332 1331 1327
f 1432 1809 1431
f 1701 1704 1458
f 1350 1349 1342
f 1340 1339 1348
f 460 393 1360
f 444 1385 1386
f 402 1371 1372
f 1334 1765 1333
f 1336 1341 1342
f 1344 1343 1337
f 1346 1345 407
f 1347 1348 411
f 413 414 1349
f 1344 1345 1346
f 1709 1703 1355
f 1358 1357 1362
f 1361 1362 1360
f 1368 1367 1366
f 1364 1363 1367
f 1370 1369 1374
f 1373 1374 1372
f 1351 1352 1357
f 1353 1354 1363
f 1355 1356 1369
f 1378 1377 1380
f 1377 1378 1375
f 1379 1380 449
f 1044 1045 1545
f 1388 1387 1386
f 1384 1383 1387
f 1381 1382 1383
f 1376 1267 1276
f 1268 1396 1398
f 1526 1527 1397
f 1690 1689 1310
f 1267 1406 1396
f 1529 1405 1499
f 1409 1407 1337
f 1705 1700 1353
f 1411 1415 1375
f 1708 1707 1469
f 1413 1406 1267
f 1488 1412 1416
f 1415 1413 1376
f 1382 1381 1706
f 1407 1411 1338
f 1703 1705 1356
f 1392 1409 1336
f 1700 1699 1354
f 1390 1352 1694
f 1352 1351 1697
f 1699 1697 1351
f 1357 1839 1824
f 1389 1362 1357
f 1391 1360 1362
f 1271 1293 1572
f 1329 1328 1330
f 1538 1537 1543
f 345 1692 1313
f 340 662 1592
f 1301 1420 1414
f 1309 1403 1401
f 1289 1288 1277
f 1278 1279 1295
f 1290 1274 1273
f 1312 1316 1315
f 1294 1292 1283
f 1296 1294 1282
f 1288 1295 1279
f 1275 1296 1281
f 1286 1273 1274
f 1291 1272 1285
f 1281 1282 1396
f 1272 1291 1392
f 1294 1405 1397
f 1286 1295 1411
f 1398 1396 1282
f 1315 1400 1398
f 1295 1288 1415
f 1274 1290 1393
f 1289 1281 1406
f 1285 1304 1422
f 1273 1286 1407
f 1288 1289 1413
f 1294 1296 1412
f 1277 1410 1416
f 1397 1402 1312
f 1290 1285 1395
f 1302 1305 1304
f 1278 1274 1418
f 1296 1275 1416
f 1279 1278 1408
f 1279 1417 1410
f 1291 1273 1409
f 1307 1305 1414
f 1307 1423 1422
f 1303 1421 1420
f 1302 1419 1421
f 1316 1401 1399
f 1317 1399 1400
f 1402 1404 1314
f 1314 1404 1403
f 1302 1272 1394
f 1448 1449 1450
f 1452 1453 1454
f 1456 1457 1418
f 1474 1483 1232
f 1527 1526 1248
f 1475 1465 1084
f 1456 1446 1130
f 1449 1460 1462
f 1453 1464 1466
f 1457 1468 1408
f 1506 1524 1260
f 1431 1427 1200
f 1481 1472 1118
f 1494 1497 1227
f 1434 1433 1202
f 1435 1204 1162
f 1442 1448 1451
f 1444 1452 1455
f 1446 1456 1393
f 1484 1492 1254
f 1498 1495 1219
f 1482 1481 1239
f 1471 1461 1138
f 1506 1145 1192
f 1480 1490 1266
f 1487 1477 1054
f 1483 1484 1231
f 1459 1470 1142
f 1449 1448 1115
f 1455 1454 1132
f 1496 1528 1243
f 1489 1502 1144
f 1502 1503 1190
f 1461 1471 1473
f 1465 1475 1476
f 1478 1477 1410
f 1515 1516 1174
f 1524 1491 1259
f 1498 1486 1485
f 1483 1474 1472
f 1489 1686 1688
f 1445 1125 1160
f 1486 1498 1220
f 1451 1450 1074
f 1472 1471 1139
f 1429 1428 1198
f 1440 1447 1091
f 1453 1452 1111
f 1477 1478 1059
f 1464 1453 1075
f 1458 1459 1135
f 1525 1493 1255
f 1448 1442 1098
f 1493 1494 1228
f 1497 1495 1498
f 1481 1484 1483
f 1687 1684 1306
f 1444 1434 1154
f 1443 1099 1148
f 1526 1529 1247
f 1476 1486 1061
f 1445 1455 1071
f 1491 1482 1240
f 1452 1444 1120
f 1433 1432 1152
f 1441 1440 1094
f 1470 1469 1087
f 1447 1458 1090
f 1508 1509 1178
f 1465 1464 1108
f 1442 1429 1166
f 1528 1515 1052
f 1421 1419 1333
f 1431 1150 1152
f 1450 1462 1106
f 1522 1508 1122
f 1457 1456 1070
f 1527 1133 1184
f 1514 1123 1180
f 1471 1472 1474
f 1475 1485 1486
f 1477 1487 1416
f 1443 1451 1101
f 1515 1528 1525
f 1508 1522 1524
f 1689 1687 1308
f 1462 1463 1081
f 1454 1466 1127
f 1463 1473 1080
f 1467 1476 1055
f 1473 1474 1104
f 1441 1095 1168
f 1468 1457 1066
f 1514 1525 1256
f 1485 1475 1085
f 1529 1499 1226
f 1460 1449 1114
f 1530 1426 1170
f 1460 1461 1463
f 1464 1465 1467
f 1468 1478 1417
f 1466 1467 1058
f 1488 1487 1063
f 1495 1496 1244
f 1428 1530 1164
f 1436 1160 1204
f 1469 1479 1238
f 1461 1460 1109
f 1446 1439 1158
f 1497 1485 1078
f 1478 1468 1067
f 1437 1162 1156
f 1428 1427 1530
f 1433 1435 1432
f 1422 1439 1395
f 1430 1148 1200
f 1680 1030 1716
f 1713 1678 1681
f 1579 959 1580
f 1559 1552 1021
f 1585 965 964
f 1641 1664 970
f 1577 958 961
f 1584 964 1583
f 1534 997 1043
f 1563 968 1562
f 1551 1550 1019
f 1549 1718 1555
f 1573 960 1572
f 1542 1539 1015
f 1544 1717 1712
f 1569 967 1570
f 1538 1545 1045
f 1546 1040 1621
f 1588 962 965
f 1541 1548 1049
f 964 1582 1583
f 1634 1625 975
f 1650 1560 976
f 1536 1538 1007
f 1550 1549 1027
f 1631 1036 1037
f 1540 1541 1013
f 1587 963 1589
f 1539 1540 1017
f 1535 1536 1011
f 1579 1582 1576
f 1564 1587 1590
f 1287 1569 1567
f 1639 1554 973
f 1566 966 969
f 1718 1032 1670
f 1565 969 968
f 1558 980 1025
f 1551 1023 1021
f 1532 1535 1009
f 1575 961 960
f 1543 1003 1047
f 1717 1544 1047
f 1711 1628 1632
f 1546 1724 1039
f 1592 662 663
f 1591 663 348
f 1419 1394 1334
f 1802 1823 1819
f 1603 1794 1793
f 1608 1606 1796
f 1605 1720 1798
f 1779 1858 1850
f 1778 1852 1854
f 1598 1789 1791
f 1596 1597 1788
f 1602 1787 1789
f 1041 1036 1631
f 1617 1646 977
f 1669 1033 1030
f 971 1610 1615
f 1313 1692 1714
f 1639 1271 1554
f 1623 1620 1624
f 1613 1631 1632
f 1613 1616 1614
f 1622 1623 1621
f 1622 1619 1620
f 1612 1614 1620
f 1627 1626 1614
f 1626 1624 1620
f 1628 1627 1616
f 1631 1619 1618
f 1644 1638 1633
f 1630 1621 1623
f 1020 1026 1024
f 1646 1643 1640
f 1635 1647 1625
f 1636 1637 1642
f 1635 1636 1648
f 1651 1648 1642
f 1640 1643 1642
f 1646 1640 1638
f 1649 1647 1648
f 1649 1617 1625
f 1638 1642 1637
f 1659 1657 1660
f 1653 1610 1664
f 1653 1655 1654
f 1658 1659 1611
f 1658 1656 1657
f 1652 1654 1657
f 1662 1661 1654
f 1661 1660 1657
f 1662 1655 1664
f 1615 1656 1658
f 1611 1659 1663
f 1674 1672 1675
f 1666 1680 1681
f 1666 1668 1667
f 1673 1674 1670
f 1673 1671 1672
f 1665 1667 1672
f 1677 1676 1667
f 1676 1675 1672
f 1677 1668 1681
f 1680 1671 1669
f 1670 1674 1679
f 1629 1635 1630
f 1663 1677 1639
f 1319 317 322
f 1389 1824 1777
f 1711 1037 1044
f 1713 1716 1715
f 1718 1717 1719
f 1713 1714 1692
f 1704 1701 1700
f 1686 1685 1684
f 1696 1695 1694
f 1705 1703 1702
f 1706 1684 1685
f 1708 1702 1703
f 1710 1694 1695
f 1686 1687 1689
f 1698 1696 1697
f 1691 1688 1689
f 1701 1698 1699
f 1709 1706 1707
f 1683 1823 1802
f 1711 1712 1717
f 1721 1723 1722
f 1683 1802 1722
f 1604 1785 1787
f 1690 1724 1546
f 1634 1553 1270
f 1042 1038 1039
f 1048 1034 1719
f 1741 1759 1761
f 1752 1751 1733
f 1750 1752 1731
f 1756 1755 1757
f 1763 1733 1751
f 1750 1842 1843
f 1756 1757 1727
f 1763 1756 1728
f 1736 1745 1743
f 1737 1743 1739
f 1735 1738 1739
f 1756 1763 1753
f 806 1762 1726
f 808 841 1730
f 1735 1740 1747
f 1757 1732 1730
f 1742 1745 1734
f 1746 1755 1760
f 1762 1731 1754
f 1732 1744 1734
f 1760 1761 1759
f 1733 1763 1725
f 1731 1733 1729
f 1598 1739 1743
f 1598 1599 1740
f 1601 1742 1744
f 1601 1604 1745
f 1603 1744 1746
f 1682 1600 1741
f 1602 1743 1745
f 1607 1748 1749
f 1606 1608 1749
f 1599 1606 1747
f 1842 1844 1841
f 1750 1843 1841
f 1721 1720 1758
f 1605 1746 1758
f 1600 1721 1759
f 1748 1738 1735
f 841 1725 1727
f 1767 1764 1805
f 1594 1607 1608
f 1767 1801 1333
f 1768 851 844
f 1772 1775 848
f 847 851 1768
f 848 1775 1609
f 1769 1770 1773
f 1775 1772 1774
f 1775 1769 1766
f 1767 1765 1770
f 1607 1764 1774
f 1764 1767 1769
f 1770 1340 1347
f 847 1347 412
f 1768 1609 1775
f 1833 1683 1840
f 1840 1830 1825
f 1849 1855 942
f 1847 1849 460
f 928 1864 1842
f 1783 1786 1787
f 1786 1788 1789
f 1788 1790 1791
f 1796 1791 1790
f 1784 1793 1794
f 1799 1797 1795
f 1794 1797 1782
f 1597 1594 1790
f 1606 1599 1791
f 1601 1793 1785
f 1720 1722 1799
f 1593 1595 1783
f 1814 1816 1813
f 1800 1593 1784
f 1804 1814 1818
f 1605 1795 1794
f 1594 1608 1792
f 1722 1802 1797
f 1595 1596 1786
f 1819 1823 1810
f 1822 1810 1811
f 1821 1811 1812
f 1820 1812 1809
f 1805 1813 1815
f 1808 1815 1816
f 1807 1816 1817
f 1806 1817 1814
f 1800 1782 1813
f 1803 1811 1810
f 1801 1807 1806
f 1830 1840 1837
f 1832 1837 1838
f 1831 1838 1836
f 1825 1827 1835
f 1827 1828 1834
f 1828 1826 1839
f 1824 1839 1826
f 1838 1837 1682
f 1835 1834 1390
f 1752 1781 1780
f 1830 1780 1825
f 1776 1854 1857
f 1858 1844 1859
f 1846 1861 1859
f 1845 1857 1860
f 1864 1865 1861
f 1847 1860 1855
f 1856 943 941
f 1855 1853 948
f 941 948 1853
f 1857 1853 1860
f 1861 1851 1859
f 1853 1852 1850
f 1848 1862 1864
f 952 954 1863
f 1862 1863 1865
f 1865 1863 1856
f 943 1856 1863
f 930 952 1862
f 826 1771 850
f 1006 1008 1010
f 1008 1006 994
f 994 996 998
f 996 1046 1042
f 1006 1046 996
f 1532 999 1533
f 1533 997 1534
f 1571 973 1554
f 973 1571 993
f 993 1571 960
f 1561 976 1560
f 976 1561 983
f 983 1561 968
f 972 991 971
f 1024 978 1020
f 1568 967 1569
f 967 1568 986
f 986 1568 975
f 1576 959 1579
f 959 1576 990
f 990 1576 970
f 1586 963 1587
f 963 1586 984
f 984 1586 979
f 1669 1032 1033
f 977 987 974
f 1537 1003 1543
f 1012 1014 1016
f 1014 1002 1000
f 1000 1002 1004
f 1002 1012 1048
f 1048 1012 1050
f 1644 977 1646
f 1611 972 1615
f 987 969 966
f 985 965 962
f 1025 1555 1556
f 1029 1549 1555
f 1038 1036 1041
f 1714 1049 1548
f 1724 1043 1039
f 1031 1033 1034
f 985 981 988
f 1542 1005 1537
f 976 982 977
f 978 984 979
f 987 975 974
f 1570 966 1566
f 1589 962 1588
f 1580 958 1577
f 1664 971 970
f 1625 974 975
f 989 981 980
f 991 970 971
f 973 992 972
f 983 969 982
f 962 984 985
f 966 986 987
f 989 965 988
f 958 990 991
f 993 961 992
f 998 995 994
f 996 999 998
f 1010 1009 1011
f 1006 1011 1007
f 1004 1001 1000
f 1002 1005 1004
f 1016 1015 1017
f 1012 1017 1013
f 1022 1021 1023
f 1022 1019 1018
f 1028 1025 1024
f 1028 1027 1029
f 1008 995 1009
f 1000 1015 1014
f 1020 979 1021
f 1018 1027 1026
f 1024 980 981
f 1034 1032 1719
f 1035 1037 1036
f 1715 1030 1031
f 1040 1038 1041
f 1618 1040 1041
f 1600 1723 1721
f 1050 1715 1031
f 1046 1044 1035
f 1042 1035 1038
f 1050 1034 1048
f 1042 997 996
f 1046 1007 1045
f 1048 1003 1002
f 1050 1013 1049
f 961 991 992
f 1171 1173 1215
f 1173 1183 1051
f 1051 1183 1134
f 1183 1185 1217
f 1173 1185 1183
f 1069 1126 1072
f 1079 1077 1086
f 1167 1169 1195
f 1169 1165 1163
f 1163 1165 1197
f 1165 1167 1097
f 1097 1167 1096
f 1089 1137 1110
f 1087 1235 1088
f 1134 1246 1051
f 1214 1509 1510
f 1187 1189 1209
f 1189 1191 1143
f 1143 1191 1146
f 1191 1193 1207
f 1189 1193 1191
f 1056 1064 1053
f 1231 1251 1234
f 1086 1082 1079
f 1258 1234 1251
f 1239 1117 1242
f 1128 1060 1068
f 1110 1092 1089
f 1116 1096 1093
f 1093 1113 1116
f 1072 1065 1069
f 1196 1426 1425
f 1102 1076 1112
f 1107 1073 1105
f 1105 1083 1107
f 1112 1100 1102
f 1262 1236 1263
f 1243 1051 1246
f 1175 1177 1213
f 1177 1179 1121
f 1121 1179 1124
f 1179 1177 1211
f 1211 1177 1181
f 1224 1062 1221
f 1053 1057 1056
f 1123 1257 1124
f 1141 1117 1140
f 1225 1064 1224
f 1068 1131 1128
f 1147 1149 1199
f 1149 1153 1151
f 1151 1153 1201
f 1153 1147 1119
f 1119 1147 1100
f 1250 1222 1245
f 1159 1161 1203
f 1161 1157 1155
f 1155 1157 1205
f 1157 1159 1129
f 1129 1159 1126
f 1140 1136 1141
f 1517 1182 1512
f 1505 1194 1504
f 1438 1158 1439
f 1216 1516 1518
f 1504 1188 1501
f 1176 1512 1182
f 1218 1520 1521
f 1520 1172 1519
f 1500 1190 1503
f 1219 1245 1222
f 1061 1221 1062
f 1227 1077 1230
f 1247 1223 1250
f 1067 1065 1068
f 1145 1261 1146
f 1081 1079 1082
f 1085 1083 1086
f 1104 1233 1103
f 1242 1088 1235
f 1091 1089 1092
f 1095 1093 1096
f 1101 1073 1102
f 1080 1103 1079
f 1099 1102 1100
f 1074 1105 1073
f 1230 1103 1233
f 1084 1107 1083
f 1109 1113 1110
f 1146 1264 1143
f 1111 1119 1112
f 1106 1082 1105
f 1115 1097 1116
f 1075 1112 1076
f 1078 1086 1077
f 1108 1076 1107
f 1124 1252 1121
f 1059 1068 1060
f 1055 1062 1056
f 1127 1057 1128
f 1066 1069 1065
f 1255 1229 1258
f 1071 1131 1072
f 1063 1053 1064
f 1253 1121 1252
f 1132 1128 1131
f 1058 1056 1057
f 1054 1060 1053
f 1070 1129 1069
f 1125 1072 1126
f 1133 1249 1134
f 1139 1137 1140
f 1135 1141 1136
f 1265 1143 1264
f 1259 1241 1262
f 1237 1263 1236
f 1142 1088 1141
f 1118 1140 1117
f 1090 1136 1089
f 1138 1110 1137
f 1094 1092 1093
f 1114 1116 1113
f 1197 1164 1163
f 1203 1160 1159
f 1151 1202 1152
f 1195 1168 1167
f 1199 1148 1147
f 1205 1156 1155
f 1187 1210 1188
f 1207 1192 1191
f 1213 1176 1175
f 1211 1180 1179
f 1171 1216 1172
f 1217 1184 1183
f 1161 1156 1162
f 1159 1125 1126
f 1157 1130 1158
f 1153 1120 1154
f 1149 1152 1150
f 1147 1099 1100
f 1169 1164 1170
f 1165 1098 1166
f 1167 1095 1096
f 1171 1186 1185
f 1052 1173 1051
f 1133 1183 1184
f 1175 1182 1181
f 1122 1177 1121
f 1123 1179 1180
f 1187 1194 1193
f 1144 1189 1143
f 1145 1191 1192
f 1195 1170 1196
f 1168 1425 1424
f 1197 1166 1198
f 1199 1150 1200
f 1201 1154 1202
f 1203 1162 1204
f 1205 1158 1206
f 1156 1438 1531
f 1193 1208 1207
f 1507 1208 1505
f 1209 1190 1210
f 1188 1500 1501
f 1181 1212 1211
f 1513 1212 1517
f 1213 1178 1214
f 1176 1510 1511
f 1215 1174 1216
f 1172 1518 1519
f 1217 1186 1218
f 1523 1218 1521
f 1220 1222 1221
f 1224 1226 1225
f 1228 1230 1229
f 1232 1234 1233
f 1236 1238 1237
f 1240 1242 1241
f 1221 1223 1224
f 1225 1499 1488
f 1229 1233 1234
f 1237 1479 1480
f 1241 1235 1236
f 1244 1246 1245
f 1248 1250 1249
f 1252 1254 1253
f 1256 1258 1257
f 1260 1262 1261
f 1264 1266 1265
f 1245 1249 1250
f 1257 1251 1252
f 1253 1492 1522
f 1261 1263 1264
f 1265 1490 1489
f 1339 1335 1342
f 1489 1490 1686
f 1686 1490 1685
f 1490 1480 1685
f 1336 1343 1341
f 1479 1707 1685
f 1338 1378 1344
f 1276 1268 1280
f 1280 1269 1284
f 1684 1381 1306
f 1284 1270 1287
f 1394 1335 1334
f 1698 1447 1440
f 1724 1311 1547
f 1523 1402 1527
f 1527 1402 1397
f 1521 1402 1523
f 1521 1404 1402
f 1520 1404 1521
f 1520 1403 1404
f 1519 1403 1520
f 1514 1513 1515
f 1515 1513 1516
f 1513 1517 1516
f 1516 1517 1518
f 1517 1512 1518
f 1518 1512 1519
f 1511 1519 1512
f 1511 1691 1519
f 1519 1270 1403
f 1506 1507 1508
f 1508 1507 1509
f 1507 1505 1509
f 1509 1504 1510
f 1505 1504 1509
f 1510 1504 1511
f 1501 1691 1504
f 1504 1691 1511
f 1400 1269 1398
f 1691 1503 1688
f 1688 1503 1502
f 1400 1270 1269
f 1399 1270 1400
f 1691 1500 1503
f 1691 1501 1500
f 1401 1270 1399
f 1403 1270 1401
f 1704 1459 1458
f 401 1365 398
f 394 1360 393
f 1332 1330 1331
f 1331 1330 1313
f 1313 336 345
f 1695 1425 1426
f 1424 1695 1441
f 1441 1695 1696
f 331 1330 1328
f 1328 326 331
f 1297 1588 1591
f 1591 1575 1592
f 1585 1577 1591
f 1592 1573 1293
f 1293 1573 1574
f 1567 1570 1287
f 1287 1570 1297
f 1592 1575 1573
f 1575 1591 1577
f 1566 1297 1570
f 1565 1297 1566
f 1591 1588 1585
f 1580 1581 1578
f 1577 1584 1580
f 1585 1584 1577
f 1580 1584 1581
f 1590 1563 1564
f 1589 1563 1590
f 1589 1565 1563
f 1588 1565 1589
f 322 1325 1322
f 1377 1299 1380
f 1280 1298 1300
f 317 1385 444
f 1371 443 1386
f 1344 1379 1345
f 350 1297 348
f 353 1299 1300
f 353 1298 350
f 1384 1306 1381
f 1389 1776 1391
f 352 1380 1299
f 414 1348 1349
f 1284 1297 1298
f 1339 1349 1348
f 408 1350 1346
f 1276 1300 1299
f 1341 1346 1350
f 450 1345 1379
f 1364 1356 1353
f 397 1359 394
f 1702 1470 1459
f 1836 1751 1829
f 1829 1751 1780
f 1751 1836 1753
f 1696 1440 1441
f 1358 1354 1351
f 1388 1318 1384
f 1852 1777 1850
f 1850 1780 1781
f 1780 1850 1777
f 1370 1382 1355
f 398 1366 397
f 1324 1311 1310
f 1321 1310 1308
f 1318 1308 1306
f 1361 1363 1358
f 1369 1368 1374
f 1752 1779 1781
f 1359 1367 1361
f 1374 1365 1372
f 1385 1320 1388
f 1371 1387 1373
f 1373 1383 1370
f 1321 1320 1323
f 1323 1319 1322
f 1324 1323 1326
f 1326 1322 1325
f 1325 1329 1326
f 1326 1327 1324
f 1332 1327 1329
f 1804 1421 1801
f 1804 1420 1421
f 1803 1695 1809
f 1809 1437 1804
f 1426 1809 1695
f 1530 1809 1426
f 1809 1432 1437
f 1804 1414 1420
f 1414 1804 1531
f 1531 1804 1437
f 1431 1809 1530
f 1701 1458 1447
f 1350 1342 1341
f 1340 1348 1347
f 460 1360 1391
f 444 1386 443
f 402 1372 401
f 1765 1339 1770
f 1770 1339 1340
f 1339 1765 1334
f 1336 1342 1335
f 1344 1337 1338
f 1346 407 408
f 1347 411 412
f 413 1349 1350
f 1344 1346 1343
f 1709 1355 1382
f 1358 1362 1361
f 1361 1360 1359
f 1368 1366 1365
f 1364 1367 1368
f 1370 1374 1373
f 1373 1372 1371
f 1351 1357 1358
f 1353 1363 1364
f 1355 1369 1370
f 1378 1380 1379
f 1377 1375 1376
f 1379 449 450
f 1044 1545 1712
f 1388 1386 1385
f 1384 1387 1388
f 1381 1383 1384
f 1376 1276 1377
f 1268 1398 1269
f 1526 1397 1405
f 1690 1310 1311
f 1267 1396 1268
f 1499 1412 1488
f 1412 1499 1405
f 1405 1529 1526
f 1409 1337 1336
f 1705 1353 1356
f 1411 1375 1338
f 1708 1469 1470
f 1413 1267 1376
f 1488 1416 1487
f 1415 1376 1375
f 1382 1706 1709
f 1407 1338 1337
f 1703 1356 1355
f 1392 1336 1335
f 1700 1354 1353
f 1390 1694 1710
f 1352 1697 1694
f 1699 1351 1354
f 1839 1352 1390
f 1352 1839 1357
f 1389 1357 1824
f 1391 1362 1389
f 1571 1271 1572
f 1572 1293 1574
f 1329 1330 1332
f 1541 1313 1548
f 1327 1534 1311
f 1311 1534 1547
f 1541 1331 1313
f 1540 1331 1541
f 1327 1533 1534
f 1327 1532 1533
f 1539 1331 1540
f 1542 1331 1539
f 1331 1542 1327
f 1327 1535 1532
f 1327 1542 1535
f 1542 1536 1535
f 1537 1536 1542
f 1538 1543 1545
f 1545 1543 1544
f 1537 1538 1536
f 1692 345 1693
f 1693 1293 1271
f 345 340 1293
f 1693 345 1293
f 340 1592 1293
f 1301 1414 1305
f 1309 1401 1316
f 1289 1277 1275
f 1278 1295 1286
f 1290 1273 1291
f 1317 1315 1316
f 1316 1312 1309
f 1309 1312 1314
f 1312 1315 1292
f 1292 1315 1283
f 1294 1283 1282
f 1296 1282 1281
f 1288 1279 1277
f 1275 1281 1289
f 1286 1274 1278
f 1291 1285 1290
f 1281 1396 1406
f 1272 1392 1394
f 1294 1397 1292
f 1286 1411 1407
f 1398 1282 1283
f 1315 1398 1283
f 1295 1415 1411
f 1274 1393 1418
f 1289 1406 1413
f 1285 1422 1395
f 1273 1407 1409
f 1288 1413 1415
f 1294 1412 1405
f 1277 1416 1275
f 1397 1312 1292
f 1290 1395 1393
f 1307 1304 1305
f 1305 1302 1301
f 1301 1302 1303
f 1302 1304 1272
f 1272 1304 1285
f 1278 1418 1408
f 1296 1416 1412
f 1279 1408 1417
f 1279 1410 1277
f 1291 1409 1392
f 1307 1414 1423
f 1307 1422 1304
f 1303 1420 1301
f 1302 1421 1303
f 1316 1399 1317
f 1317 1400 1315
f 1402 1314 1312
f 1314 1403 1309
f 1302 1394 1419
f 1448 1450 1451
f 1452 1454 1455
f 1456 1418 1393
f 1474 1232 1104
f 1527 1248 1133
f 1475 1084 1085
f 1456 1130 1070
f 1449 1462 1450
f 1453 1466 1454
f 1457 1408 1418
f 1506 1260 1145
f 1431 1200 1150
f 1481 1118 1239
f 1494 1227 1228
f 1434 1202 1154
f 1435 1162 1437
f 1442 1451 1443
f 1444 1455 1445
f 1446 1393 1395
f 1484 1254 1231
f 1498 1219 1220
f 1482 1239 1240
f 1471 1138 1139
f 1506 1192 1507
f 1480 1266 1237
f 1487 1054 1063
f 1483 1231 1232
f 1459 1142 1135
f 1449 1115 1114
f 1455 1132 1071
f 1496 1243 1244
f 1489 1144 1265
f 1502 1190 1144
f 1461 1473 1463
f 1465 1476 1467
f 1478 1410 1417
f 1515 1174 1052
f 1524 1259 1260
f 1498 1485 1497
f 1483 1472 1481
f 1489 1688 1502
f 1445 1160 1436
f 1486 1220 1061
f 1451 1074 1101
f 1472 1139 1118
f 1429 1198 1166
f 1440 1091 1094
f 1453 1111 1075
f 1477 1059 1054
f 1464 1075 1108
f 1458 1135 1090
f 1525 1255 1256
f 1448 1098 1115
f 1493 1228 1255
f 1495 1494 1496
f 1496 1493 1528
f 1494 1493 1496
f 1528 1493 1525
f 1494 1495 1497
f 1484 1482 1492
f 1492 1491 1522
f 1482 1491 1492
f 1522 1491 1524
f 1482 1484 1481
f 1687 1306 1308
f 1444 1154 1120
f 1443 1148 1430
f 1526 1247 1248
f 1476 1061 1055
f 1445 1071 1125
f 1491 1240 1259
f 1452 1120 1111
f 1433 1152 1202
f 1441 1094 1095
f 1470 1087 1142
f 1447 1090 1091
f 1508 1178 1122
f 1465 1108 1084
f 1442 1166 1098
f 1528 1052 1243
f 1421 1333 1801
f 1431 1152 1432
f 1450 1106 1074
f 1522 1122 1253
f 1457 1070 1066
f 1527 1184 1523
f 1514 1180 1513
f 1471 1474 1473
f 1475 1486 1476
f 1477 1416 1410
f 1443 1101 1099
f 1515 1525 1514
f 1508 1524 1506
f 1689 1308 1310
f 1462 1081 1106
f 1454 1127 1132
f 1463 1080 1081
f 1467 1055 1058
f 1473 1104 1080
f 1441 1168 1424
f 1468 1066 1067
f 1514 1256 1123
f 1485 1085 1078
f 1529 1226 1247
f 1460 1114 1109
f 1530 1170 1164
f 1460 1463 1462
f 1464 1467 1466
f 1468 1417 1408
f 1466 1058 1127
f 1488 1063 1225
f 1495 1244 1219
f 1428 1164 1198
f 1436 1204 1435
f 1469 1238 1087
f 1461 1109 1138
f 1446 1158 1130
f 1497 1078 1227
f 1478 1067 1059
f 1437 1156 1531
f 1430 1429 1443
f 1443 1429 1442
f 1530 1427 1431
f 1427 1428 1430
f 1430 1428 1429
f 1436 1434 1445
f 1445 1434 1444
f 1432 1435 1437
f 1435 1433 1436
f 1436 1433 1434
f 1438 1423 1531
f 1531 1423 1414
f 1395 1439 1446
f 1439 1422 1438
f 1438 1422 1423
f 1430 1200 1427
f 1680 1716 1681
f 1713 1681 1716
f 1579 1580 1578
f 1559 1021 979
f 1585 964 1584
f 1641 970 1557
f 1577 961 1575
f 1584 1583 1581
f 1534 1043 1547
f 1563 1562 1564
f 1551 1019 1023
f 1561 1559 1586
f 1561 1560 1559
f 1559 1650 1552
f 1650 1559 1560
f 1718 1549 1711
f 1711 1551 1628
f 1628 1552 1650
f 1557 1558 1641
f 1641 1556 1645
f 1558 1556 1641
f 1582 1557 1576
f 1558 1557 1582
f 1711 1550 1551
f 1628 1551 1552
f 1556 1555 1645
f 1645 1555 1718
f 1711 1549 1550
f 1573 1572 1574
f 1542 1015 1001
f 1544 1712 1545
f 1569 1570 1567
f 1538 1045 1007
f 1546 1621 1630
f 1588 965 1585
f 1541 1049 1013
f 1582 980 1558
f 980 1582 989
f 989 1582 964
f 1634 975 1553
f 1650 976 1644
f 1536 1007 1011
f 1550 1027 1019
f 1631 1037 1632
f 1540 1013 1017
f 1587 1589 1590
f 1539 1017 1015
f 1535 1011 1009
f 1582 1579 1583
f 1583 1579 1581
f 1581 1579 1578
f 1587 1561 1586
f 1561 1587 1562
f 1562 1587 1564
f 1569 1270 1568
f 1270 1569 1287
f 1639 973 1611
f 1566 969 1565
f 1718 1670 1645
f 1565 968 1563
f 1558 1025 1556
f 1551 1021 1552
f 1532 1009 995
f 1575 960 1573
f 1543 1047 1544
f 1717 1047 1719
f 1711 1632 1037
f 1546 1039 1040
f 1592 663 1591
f 1591 348 1297
f 1419 1334 1333
f 1802 1819 1797
f 1603 1793 1601
f 1608 1796 1792
f 1605 1798 1795
f 1779 1850 1781
f 1778 1854 1776
f 1598 1791 1599
f 1596 1788 1786
f 1602 1789 1598
f 1041 1631 1618
f 1617 977 974
f 1669 1030 1680
f 971 1615 972
f 1313 1714 1548
f 1554 1271 1571
f 1271 1678 1693
f 1693 1678 1713
f 1271 1639 1678
f 1623 1624 1629
f 1613 1632 1616
f 1613 1614 1612
f 1622 1621 1618
f 1622 1620 1623
f 1612 1620 1619
f 1627 1614 1616
f 1626 1620 1614
f 1628 1616 1632
f 1618 1619 1622
f 1619 1631 1612
f 1612 1631 1613
f 1644 1633 1650
f 1630 1623 1629
f 1024 1026 1028
f 1026 1020 1018
f 1018 1020 1022
f 1643 1617 1651
f 1651 1617 1649
f 1617 1643 1646
f 1635 1625 1634
f 1636 1642 1648
f 1635 1648 1647
f 1651 1642 1643
f 1640 1642 1638
f 1646 1638 1644
f 1649 1648 1651
f 1649 1625 1647
f 1638 1637 1633
f 1659 1660 1663
f 1653 1664 1655
f 1653 1654 1652
f 1658 1611 1615
f 1658 1657 1659
f 1652 1657 1656
f 1662 1654 1655
f 1661 1657 1654
f 1662 1664 1641
f 1656 1610 1652
f 1652 1610 1653
f 1610 1656 1615
f 1611 1663 1639
f 1674 1675 1679
f 1666 1681 1668
f 1666 1667 1665
f 1673 1670 1669
f 1673 1672 1674
f 1665 1672 1671
f 1677 1667 1668
f 1676 1672 1667
f 1677 1681 1678
f 1669 1671 1673
f 1671 1680 1665
f 1665 1680 1666
f 1670 1679 1645
f 1633 1627 1650
f 1650 1627 1628
f 1637 1626 1633
f 1633 1626 1627
f 1636 1624 1637
f 1637 1624 1626
f 1630 1635 1634
f 1635 1629 1636
f 1636 1629 1624
f 1679 1662 1645
f 1645 1662 1641
f 1675 1661 1679
f 1679 1661 1662
f 1676 1660 1675
f 1675 1660 1661
f 1639 1677 1678
f 1677 1663 1676
f 1676 1663 1660
f 1319 322 1322
f 1389 1777 1778
f 1711 1044 1712
f 1713 1715 1714
f 1718 1719 1032
f 1713 1692 1693
f 1704 1700 1705
f 1686 1684 1687
f 1696 1694 1697
f 1705 1702 1704
f 1706 1685 1707
f 1708 1703 1709
f 1710 1695 1803
f 1686 1689 1688
f 1698 1697 1699
f 1691 1689 1690
f 1701 1699 1700
f 1709 1707 1708
f 1823 1710 1803
f 1710 1823 1683
f 1711 1717 1718
f 1721 1722 1720
f 1683 1722 1723
f 1604 1787 1602
f 1690 1546 1691
f 1634 1270 1630
f 1630 1691 1546
f 1691 1630 1270
f 1270 1553 1568
f 1042 1039 1043
f 1048 1719 1047
f 1741 1761 1753
f 1752 1733 1731
f 1750 1731 1762
f 1760 1755 1761
f 1761 1755 1756
f 1763 1751 1753
f 1842 806 928
f 806 1842 1762
f 1762 1842 1750
f 1756 1727 1728
f 1763 1728 1725
f 1736 1743 1737
f 1737 1739 1738
f 1735 1739 1740
f 1756 1753 1761
f 806 1726 804
f 808 1730 1732
f 1735 1747 1749
f 1757 1730 1727
f 1742 1734 1744
f 1734 1745 1736
f 1746 1760 1758
f 1762 1754 1726
f 1746 1744 1755
f 1755 1744 1757
f 1757 1744 1732
f 1760 1759 1758
f 1733 1725 1729
f 1731 1729 1754
f 1598 1743 1602
f 1598 1740 1739
f 1601 1744 1603
f 1601 1745 1742
f 1603 1746 1605
f 1682 1741 1753
f 1602 1745 1604
f 1607 1749 1608
f 1606 1749 1747
f 1599 1747 1740
f 1842 1841 1843
f 1750 1841 1779
f 1721 1758 1759
f 1605 1758 1720
f 1600 1759 1741
f 1738 1748 1737
f 1737 1748 1736
f 1736 1748 1734
f 1734 1748 1732
f 1732 1748 808
f 808 1748 826
f 1748 1735 1749
f 1729 1726 1754
f 1726 1729 804
f 804 1725 841
f 841 1727 1730
f 1727 1725 1728
f 1725 804 1729
f 1801 1767 1805
f 1805 1764 1800
f 1607 1800 1764
f 1800 1607 1593
f 1593 1607 1595
f 1595 1607 1596
f 1596 1607 1597
f 1597 1607 1594
f 1767 1333 1765
f 1768 844 1609
f 1772 848 850
f 847 1768 1766
f 848 1609 844
f 1769 1773 1766
f 1775 1774 1769
f 1774 1772 1771
f 1767 1770 1769
f 1607 1774 1771
f 1764 1769 1774
f 1770 1347 1773
f 1773 1347 1766
f 1766 1347 847
f 1768 1775 1766
f 1840 1723 1682
f 1723 1840 1683
f 1683 1833 1710
f 1710 1833 1390
f 1840 1825 1833
f 1849 942 860
f 1847 1391 1845
f 1845 1391 1776
f 1391 1847 460
f 460 1849 860
f 1844 1842 1846
f 1846 1842 1864
f 1864 928 1848
f 1848 928 930
f 1783 1787 1785
f 1786 1789 1787
f 1788 1791 1789
f 1796 1790 1792
f 1793 1784 1785
f 1785 1784 1783
f 1799 1795 1798
f 1797 1794 1795
f 1794 1782 1784
f 1597 1790 1788
f 1606 1791 1796
f 1601 1785 1604
f 1720 1799 1798
f 1593 1783 1784
f 1815 1813 1816
f 1816 1814 1817
f 1814 1797 1818
f 1818 1822 1820
f 1820 1822 1821
f 1822 1818 1819
f 1819 1818 1797
f 1797 1814 1782
f 1782 1814 1813
f 1800 1784 1782
f 1804 1818 1809
f 1605 1794 1603
f 1594 1792 1790
f 1722 1797 1799
f 1595 1786 1783
f 1819 1810 1822
f 1822 1811 1821
f 1821 1812 1820
f 1820 1809 1818
f 1805 1815 1808
f 1808 1816 1807
f 1807 1817 1806
f 1806 1814 1804
f 1800 1813 1805
f 1812 1803 1809
f 1803 1810 1823
f 1811 1803 1812
f 1808 1801 1805
f 1801 1806 1804
f 1807 1801 1808
f 1830 1837 1832
f 1832 1838 1831
f 1831 1836 1829
f 1825 1835 1833
f 1827 1834 1835
f 1828 1839 1834
f 1824 1826 1777
f 1838 1682 1836
f 1682 1837 1840
f 1835 1390 1833
f 1390 1834 1839
f 1752 1780 1751
f 1827 1825 1828
f 1828 1825 1826
f 1826 1825 1777
f 1777 1825 1780
f 1780 1830 1829
f 1829 1830 1831
f 1831 1830 1832
f 1776 1857 1845
f 1844 1779 1841
f 1779 1844 1858
f 1846 1859 1844
f 1845 1860 1847
f 1864 1861 1846
f 1847 1855 1849
f 1856 941 1851
f 1855 948 942
f 941 1853 1851
f 1860 1853 1855
f 1853 1857 1852
f 1852 1857 1854
f 1859 1851 1858
f 1858 1851 1850
f 1851 1865 1856
f 1861 1865 1851
f 1853 1850 1851
f 952 1863 1862
f 1862 1865 1864
f 943 1863 954
f 930 1862 1848
f 850 1771 1772
f 1771 1748 1607
f 1748 1771 826
f 1872 1870 1867
f 1889 1871 1888
f 1878 1879 1876
f 1868 1877 1879
f 1866 1876 1877
f 1869 1881 1875
f 1868 1878 1872
f 1869 1876 1867
f 1899 1897 1883
f 1902 1883 1901
f 1902 1903 1889
f 1873 1900 1881
f 1900 1906 1901
f 1897 1888 1880
f 1888 1892 1889
f 1893 1890 1891
f 1887 1892 1893
f 1887 1891 1886
f 1888 1891 1890
f 1882 1898 1883
f 1896 1899 1898
f 1895 1897 1899
f 1894 1895 1887
f 1885 1874 1900
f 1902 1904 1903
f 1915 1917 1916
f 1905 1912 1904
f 1909 1911 1910
f 1906 1911 1908
f 1908 1909 1907
f 1916 1914 1912
f 1917 1913 1914
f 1907 1913 1915
f 1872 1920 1919
f 1933 1871 1884
f 1878 1874 1924
f 1920 1925 1918
f 1918 1924 1919
f 1921 1927 1922
f 1878 1920 1872
f 1924 1921 1919
f 1943 1942 1929
f 1946 1929 1928
f 1884 1870 1947
f 1922 1944 1947
f 1945 1954 1944
f 1932 1930 1941
f 1936 1932 1933
f 1937 1934 1936
f 1931 1936 1933
f 1935 1931 1930
f 1932 1935 1930
f 1942 1928 1929
f 1943 1940 1942
f 1941 1939 1943
f 1938 1930 1931
f 1885 1945 1944
f 1947 1949 1946
f 1951 1952 1950
f 1956 1949 1948
f 1957 1958 1956
f 1950 1955 1954
f 1952 1953 1955
f 1958 1960 1956
f 1958 1959 1961
f 1951 1957 1953
f 1869 1867 1870
f 1867 1866 1868
f 1872 1867 1868
f 1889 1884 1871
f 1877 1876 1879
f 1876 1875 1874
f 1878 1876 1874
f 1868 1866 1877
f 1866 1867 1876
f 1869 1873 1881
f 1868 1879 1878
f 1869 1875 1876
f 1880 1885 1897
f 1885 1883 1897
f 1883 1898 1899
f 1902 1882 1883
f 1873 1869 1903
f 1869 1870 1903
f 1870 1884 1903
f 1884 1889 1903
f 1889 1887 1902
f 1887 1882 1902
f 1873 1903 1900
f 1900 1910 1906
f 1897 1894 1886
f 1886 1888 1897
f 1888 1871 1880
f 1888 1890 1892
f 1893 1892 1890
f 1887 1889 1892
f 1887 1893 1891
f 1888 1886 1891
f 1882 1896 1898
f 1896 1895 1899
f 1895 1894 1897
f 1896 1882 1895
f 1882 1887 1895
f 1887 1886 1894
f 1874 1875 1900
f 1875 1881 1900
f 1900 1901 1885
f 1901 1883 1885
f 1902 1905 1904
f 1905 1902 1916
f 1902 1901 1906
f 1916 1902 1915
f 1906 1908 1907
f 1902 1906 1907
f 1907 1915 1902
f 1905 1916 1912
f 1900 1903 1910
f 1903 1904 1912
f 1910 1903 1909
f 1912 1914 1913
f 1903 1912 1913
f 1913 1909 1903
f 1906 1910 1911
f 1908 1911 1909
f 1916 1917 1914
f 1917 1915 1913
f 1907 1909 1913
f 1918 1919 1920
f 1919 1921 1870
f 1872 1919 1870
f 1933 1932 1871
f 1923 1924 1874
f 1924 1925 1926
f 1878 1924 1926
f 1920 1926 1925
f 1918 1925 1924
f 1921 1923 1927
f 1878 1926 1920
f 1924 1923 1921
f 1929 1885 1941
f 1885 1880 1941
f 1941 1943 1929
f 1946 1945 1929
f 1870 1921 1947
f 1921 1922 1947
f 1947 1946 1933
f 1884 1947 1933
f 1946 1928 1931
f 1931 1933 1946
f 1922 1927 1944
f 1945 1950 1954
f 1930 1938 1941
f 1941 1880 1932
f 1880 1871 1932
f 1936 1934 1932
f 1937 1935 1934
f 1931 1937 1936
f 1935 1937 1931
f 1932 1934 1935
f 1942 1940 1928
f 1943 1939 1940
f 1941 1938 1939
f 1931 1928 1939
f 1928 1940 1939
f 1939 1938 1931
f 1927 1923 1944
f 1923 1874 1944
f 1874 1885 1944
f 1885 1929 1945
f 1947 1948 1949
f 1945 1946 1950
f 1946 1949 1960
f 1950 1946 1951
f 1960 1961 1959
f 1946 1960 1959
f 1959 1951 1946
f 1956 1960 1949
f 1948 1947 1956
f 1947 1944 1954
f 1956 1947 1957
f 1954 1955 1953
f 1947 1954 1953
f 1953 1957 1947
f 1950 1952 1955
f 1952 1951 1953
f 1958 1961 1960
f 1958 1957 1959
f 1951 1959 1957
f 1975 1978 1976
f 1992 1998 2000
f 2048 2050 2049
f 2004 2032 2007
f 1967 1993 1996
f 1985 1964 1981
f 1963 1970 1962
f 1968 1962 1966
f 1963 1967 1965
f 1965 1969 1964
f 1971 1977 1975
f 1974 1978 1977
f 1973 1979 1978
f 1972 1976 1979
f 1981 1987 1985
f 1984 1988 1987
f 1983 1989 1988
f 1982 1986 1989
f 1975 1980 1971
f 2003 2020 2011
f 2019 2033 2012
f 2048 2039 2046
f 2008 2025 1997
f 1995 1994 1996
f 2009 1968 1966
f 2007 1991 2004
f 1992 2045 1995
f 1997 1967 1968
f 1999 1998 1993
f 2000 2002 1992
f 2001 2048 2002
f 2005 2004 1991
f 2010 2009 2007
f 2014 2017 2011
f 2016 2014 2012
f 2013 2015 2016
f 2018 2022 2024
f 2023 2021 2019
f 2020 2022 2023
f 2025 2029 2031
f 2030 2028 2026
f 2027 2029 2030
f 2032 2036 2038
f 2037 2035 2033
f 2038 2037 2034
f 1998 2031 2027
f 1999 2025 2031
f 2027 2021 2018
f 2030 2019 2021
f 2007 2038 2010
f 2010 2034 2008
f 2011 2023 2014
f 2014 2019 2012
f 2034 2028 2025
f 2037 2026 2028
f 2033 2016 2012
f 2035 2013 2016
f 2011 2006 2003
f 2017 2004 2006
f 2000 2024 2002
f 2002 2020 2001
f 1998 2018 2000
f 2006 2005 2003
f 2043 2041 2039
f 2044 2040 2041
f 2046 2050 2048
f 2047 2049 2050
f 2040 2005 1991
f 1999 1967 1997
f 2042 2044 2043
f 1965 1985 1986
f 1985 1987 1989
f 1987 1988 1989
f 1989 1986 1985
f 1986 1975 1965
f 1975 1977 1978
f 1978 1979 1976
f 1976 1963 1975
f 1963 1965 1975
f 1992 1993 1998
f 2049 1992 2048
f 1992 2002 2048
f 2004 2013 2032
f 1994 1969 1996
f 1969 1967 1996
f 1985 1965 1964
f 1963 1976 1970
f 1968 1963 1962
f 1963 1968 1967
f 1965 1967 1969
f 1971 1974 1977
f 1974 1973 1978
f 1973 1972 1979
f 1972 1970 1976
f 1981 1984 1987
f 1984 1983 1988
f 1983 1982 1989
f 1982 1980 1986
f 1975 1986 1980
f 2003 2001 2020
f 2019 2026 2033
f 2048 2043 2039
f 2008 2034 2025
f 1993 1992 1996
f 1992 1995 1996
f 1966 1990 2009
f 1990 2007 2009
f 2007 1990 1991
f 1992 2049 2045
f 2009 2008 1968
f 2008 1997 1968
f 2001 2043 2048
f 2010 2008 2009
f 2014 2015 2017
f 2016 2015 2014
f 2013 2017 2015
f 2018 2021 2022
f 2023 2022 2021
f 2020 2024 2022
f 2025 2028 2029
f 2030 2029 2028
f 2027 2031 2029
f 2032 2035 2036
f 2037 2036 2035
f 2038 2036 2037
f 1998 1999 2031
f 1999 1997 2025
f 2027 2030 2021
f 2030 2026 2019
f 2007 2032 2038
f 2010 2038 2034
f 2011 2020 2023
f 2014 2023 2019
f 2034 2037 2028
f 2037 2033 2026
f 2033 2035 2016
f 2035 2032 2013
f 2011 2017 2006
f 2017 2013 2004
f 2000 2018 2024
f 2002 2024 2020
f 1998 2027 2018
f 2006 2004 2005
f 2043 2044 2041
f 2044 2042 2040
f 2046 2047 2050
f 2047 2045 2049
f 2040 2042 2005
f 1999 1993 1967
f 2043 2001 2003
f 2003 2005 2043
f 2005 2042 2043
f 2056 2059 2064
f 2060 2059 2062
f 2051 2056 2058
f 2056 2066 2057
f 2066 2058 2057
f 2065 2051 2058
f 2053 2061 2059
f 2061 2054 2062
f 2054 2060 2062
f 2056 2053 2059
f 2060 2063 2064
f 2063 2065 2064
f 2065 2066 2064
f 2064 2059 2060
f 2059 2061 2062
f 2051 2052 2053
f 2052 2054 2053
f 2054 2055 2053
f 2053 2056 2051
f 2056 2057 2058
f 2056 2064 2066
f 2066 2065 2058
f 2065 2063 2051
f 2053 2055 2061
f 2061 2055 2054
f 2054 2052 2060
f 2068 2069 2067
f 2070 2071 2069
f 2072 2073 2071
f 2074 2075 2073
f 2076 2077 2075
f 2078 2079 2077
f 2080 2076 2072
f 2080 2081 2079
f 2082 2067 2081
f 2068 2070 2069
f 2070 2072 2071
f 2072 2074 2073
f 2074 2076 2075
f 2076 2078 2077
f 2078 2080 2079
f 2072 2070 2068
f 2068 2082 2080
f 2080 2078 2076
f 2076 2074 2072
f 2072 2068 2080
f 2080 2082 2081
f 2082 2068 2067
f 2084 2139 2138
f 2088 2139 2086
f 2141 2088 2090
f 2090 2142 2141
f 2091 2148 2142
f 2093 2147 2148
f 2147 2099 2098
f 2099 2100 2098
f 2103 2104 2100
f 2106 2107 2104
f 2109 2111 2107
f 2112 2115 2111
f 2116 2118 2115
f 2120 2123 2118
f 2125 2127 2123
f 2133 2135 2144
f 2136 2144 2135
f 2090 2129 2112
f 2146 2136 2137
f 2138 2137 2084
f 2127 2133 2130
f 2126 2122 2149
f 2087 2119 2121
f 2140 2151 2139
f 2113 2148 2092
f 2105 2101 2095
f 2110 2102 2101
f 2132 2117 2131
f 2119 2097 2132
f 2095 2113 2105
f 2108 2128 2134
f 2134 2128 2124
f 2132 2131 2134
f 2148 2094 2092
f 2085 2143 2144
f 2084 2086 2139
f 2088 2140 2139
f 2141 2140 2088
f 2090 2091 2142
f 2091 2093 2148
f 2093 2096 2147
f 2098 2094 2147
f 2147 2096 2099
f 2099 2103 2100
f 2103 2106 2104
f 2106 2109 2107
f 2109 2112 2111
f 2112 2116 2115
f 2116 2120 2118
f 2120 2125 2123
f 2125 2129 2127
f 2143 2130 2144
f 2130 2133 2144
f 2136 2145 2144
f 2112 2109 2099
f 2109 2106 2099
f 2106 2103 2099
f 2099 2096 2090
f 2096 2093 2090
f 2093 2091 2090
f 2090 2088 2086
f 2086 2084 2090
f 2084 2137 2090
f 2137 2136 2129
f 2136 2135 2129
f 2135 2133 2129
f 2129 2125 2120
f 2120 2116 2112
f 2129 2120 2112
f 2112 2099 2090
f 2090 2137 2129
f 2146 2145 2136
f 2138 2146 2137
f 2127 2129 2133
f 2149 2150 2126
f 2150 2087 2121
f 2126 2150 2121
f 2087 2089 2119
f 2101 2102 2141
f 2102 2117 2097
f 2141 2102 2097
f 2097 2089 2140
f 2141 2097 2140
f 2089 2087 2150
f 2089 2150 2140
f 2150 2151 2140
f 2095 2101 2141
f 2142 2148 2114
f 2151 2085 2146
f 2085 2144 2145
f 2085 2145 2146
f 2142 2114 2095
f 2141 2142 2095
f 2146 2138 2151
f 2138 2139 2151
f 2113 2114 2148
f 2105 2110 2101
f 2110 2108 2102
f 2132 2097 2117
f 2119 2089 2097
f 2095 2114 2113
f 2134 2131 2102
f 2131 2117 2102
f 2102 2108 2134
f 2124 2122 2126
f 2126 2134 2124
f 2134 2126 2132
f 2126 2121 2119
f 2132 2126 2119
f 2148 2147 2094
f 2085 2083 2143
f 2153 2154 2152
f 2155 2158 2154
f 2157 2162 2163
f 2157 2152 2156
f 2158 2152 2154
f 2155 2157 2159
f 2162 2165 2166
f 2158 2162 2156
f 2159 2163 2160
f 2159 2161 2158
f 2164 2171 2168
f 2163 2164 2160
f 2160 2165 2161
f 2162 2167 2163
f 2170 2175 2171
f 2164 2169 2165
f 2166 2171 2167
f 2165 2170 2166
f 2172 2179 2176
f 2169 2174 2170
f 2168 2175 2172
f 2168 2173 2169
f 2183 2181 2180
f 2172 2177 2173
f 2174 2179 2175
f 2173 2178 2174
f 2178 2181 2184
f 2179 2188 2176
f 2184 2183 2186
f 2186 2182 2187
f 2187 2180 2185
f 2193 2192 2195
f 2193 2190 2188
f 2195 2191 2190
f 2194 2189 2191
f 2189 2185 2180
f 2153 2155 2154
f 2155 2159 2158
f 2157 2156 2162
f 2157 2153 2152
f 2158 2156 2152
f 2155 2153 2157
f 2162 2161 2165
f 2158 2161 2162
f 2159 2157 2163
f 2159 2160 2161
f 2164 2167 2171
f 2163 2167 2164
f 2160 2164 2165
f 2162 2166 2167
f 2170 2174 2175
f 2164 2168 2169
f 2166 2170 2171
f 2165 2169 2170
f 2172 2175 2179
f 2169 2173 2174
f 2168 2171 2175
f 2168 2172 2173
f 2181 2177 2180
f 2177 2176 2180
f 2176 2188 2189
f 2188 2190 2189
f 2190 2191 2189
f 2189 2180 2176
f 2180 2182 2183
f 2172 2176 2177
f 2174 2178 2179
f 2173 2177 2178
f 2178 2177 2181
f 2179 2193 2188
f 2184 2181 2183
f 2186 2183 2182
f 2187 2182 2180
f 2193 2179 2192
f 2179 2178 2185
f 2178 2184 2185
f 2184 2186 2185
f 2186 2187 2185
f 2185 2192 2179
f 2192 2194 2195
f 2193 2195 2190
f 2195 2194 2191
f 2194 2192 2189
f 2189 2192 2185
f 2199 2273 2203
f 2216 2275 2274
f 2205 2262 2269
f 2266 2263 2222
f 2197 2232 2227
f 2197 2230 2229
f 2222 2236 2235
f 2222 2234 2220
f 2199 2211 2272
f 2278 2203 2273
f 2207 2278 2279
f 2213 2280 2281
f 2216 2213 2281
f 2218 2249 2216
f 2229 2257 2232
f 2232 2254 2227
f 2220 2250 2218
f 2234 2259 2258
f 2210 2244 2207
f 2234 2251 2220
f 2238 2248 2213
f 2199 2239 2196
f 2235 2260 2259
f 2216 2261 2238
f 2207 2242 2203
f 2224 2260 2236
f 2205 2241 2201
f 2226 2252 2224
f 2211 2239 2247
f 2227 2253 2226
f 2208 2243 2205
f 2203 2240 2199
f 2211 2245 2208
f 2230 2255 2229
f 2213 2246 2210
f 2201 2256 2230
f 2271 2282 2276
f 2212 2269 2214
f 2262 2214 2269
f 2217 2262 2268
f 2221 2268 2267
f 2225 2267 2264
f 2228 2264 2263
f 2231 2263 2266
f 2233 2266 2270
f 2231 2233 2283
f 2237 2270 2265
f 2200 2280 2279
f 2200 2278 2202
f 2273 2202 2278
f 2204 2272 2206
f 2206 2277 2209
f 2209 2276 2282
f 2219 2274 2275
f 2206 2209 2282
f 2223 2275 2281
f 2223 2280 2198
f 2283 2265 2274
f 2199 2272 2273
f 2274 2265 2216
f 2216 2281 2275
f 2277 2272 2211
f 2211 2208 2271
f 2208 2205 2269
f 2271 2208 2269
f 2205 2201 2262
f 2201 2197 2268
f 2197 2227 2268
f 2227 2267 2268
f 2277 2211 2276
f 2271 2276 2211
f 2201 2268 2262
f 2264 2267 2226
f 2267 2227 2226
f 2226 2224 2264
f 2224 2222 2263
f 2222 2220 2266
f 2220 2218 2270
f 2218 2216 2265
f 2270 2218 2265
f 2263 2264 2224
f 2220 2270 2266
f 2197 2229 2232
f 2197 2201 2230
f 2222 2224 2236
f 2222 2235 2234
f 2199 2196 2211
f 2278 2207 2203
f 2279 2280 2210
f 2210 2207 2279
f 2213 2210 2280
f 2216 2238 2213
f 2218 2250 2249
f 2229 2255 2257
f 2232 2257 2254
f 2220 2251 2250
f 2234 2235 2259
f 2210 2246 2244
f 2234 2258 2251
f 2238 2261 2248
f 2199 2240 2239
f 2235 2236 2260
f 2216 2249 2261
f 2207 2244 2242
f 2224 2252 2260
f 2205 2243 2241
f 2226 2253 2252
f 2211 2196 2239
f 2227 2254 2253
f 2208 2245 2243
f 2203 2242 2240
f 2211 2247 2245
f 2230 2256 2255
f 2213 2248 2246
f 2201 2241 2256
f 2271 2212 2282
f 2212 2271 2269
f 2262 2215 2214
f 2217 2215 2262
f 2221 2217 2268
f 2225 2221 2267
f 2228 2225 2264
f 2231 2228 2263
f 2233 2231 2266
f 2233 2237 2283
f 2283 2282 2221
f 2282 2212 2214
f 2221 2282 2217
f 2214 2215 2282
f 2215 2217 2282
f 2221 2225 2283
f 2225 2228 2283
f 2228 2231 2283
f 2237 2233 2270
f 2200 2198 2280
f 2200 2279 2278
f 2273 2204 2202
f 2204 2273 2272
f 2206 2272 2277
f 2209 2277 2276
f 2219 2283 2274
f 2282 2283 2202
f 2283 2219 2223
f 2198 2283 2223
f 2198 2200 2283
f 2200 2202 2283
f 2202 2204 2282
f 2204 2206 2282
f 2223 2219 2275
f 2223 2281 2280
f 2283 2237 2265
f 2284 2296 2295
f 2285 2297 2296
f 2297 2309 2298
f 2309 2315 2298
f 2315 2308 2314
f 2314 2288 2299
f 2288 2313 2299
f 2289 2301 2300
f 2301 2291 2302
f 2291 2303 2302
f 2292 2304 2303
f 2304 2306 2312
f 2306 2311 2312
f 2291 2288 2286
f 2311 2305 2310
f 2310 2284 2295
f 2313 2289 2300
f 2284 2285 2296
f 2285 2286 2297
f 2297 2286 2309
f 2309 2287 2315
f 2315 2287 2308
f 2314 2308 2288
f 2288 2307 2313
f 2289 2290 2301
f 2301 2290 2291
f 2291 2292 2303
f 2292 2293 2304
f 2304 2293 2306
f 2306 2294 2311
f 2286 2285 2284
f 2284 2305 2294
f 2294 2306 2291
f 2306 2293 2291
f 2293 2292 2291
f 2291 2290 2289
f 2289 2307 2288
f 2288 2308 2287
f 2287 2309 2286
f 2286 2284 2294
f 2291 2289 2288
f 2288 2287 2286
f 2286 2294 2291
f 2311 2294 2305
f 2310 2305 2284
f 2313 2307 2289
f 2316 2295 2296
f 2317 2296 2297
f 2297 2298 2331
f 2331 2298 2315
f 2315 2314 2330
f 2314 2299 2320
f 2320 2299 2313
f 2321 2300 2301
f 2301 2302 2323
f 2323 2302 2303
f 2324 2303 2304
f 2304 2312 2328
f 2328 2312 2311
f 2323 2318 2320
f 2311 2310 2327
f 2310 2295 2316
f 2313 2300 2321
f 2316 2296 2317
f 2317 2297 2318
f 2297 2331 2318
f 2331 2315 2319
f 2315 2330 2319
f 2314 2320 2330
f 2320 2313 2329
f 2321 2301 2322
f 2301 2323 2322
f 2323 2303 2324
f 2324 2304 2325
f 2304 2328 2325
f 2328 2311 2326
f 2318 2316 2317
f 2316 2326 2327
f 2326 2323 2328
f 2328 2323 2325
f 2325 2323 2324
f 2323 2321 2322
f 2321 2320 2329
f 2320 2319 2330
f 2319 2318 2331
f 2318 2326 2316
f 2323 2320 2321
f 2320 2318 2319
f 2318 2323 2326
f 2311 2327 2326
f 2310 2316 2327
f 2313 2321 2329
f 2332 2348 2349
f 2333 2349 2350
f 2334 2350 2351
f 2335 2351 2352
f 2336 2352 2353
f 2337 2353 2354
f 2338 2354 2355
f 2339 2355 2356
f 2340 2356 2357
f 2341 2357 2358
f 2342 2358 2359
f 2343 2359 2360
f 2344 2360 2361
f 2345 2361 2362
f 2346 2362 2363
f 2347 2363 2348
f 2359 2358 2384
f 2360 2359 2386
f 2361 2360 2388
f 2362 2361 2390
f 2348 2395 2366
f 2363 2362 2392
f 2349 2366 2368
f 2348 2363 2394
f 2350 2368 2370
f 2393 2364 2395
f 2392 2391 2393
f 2390 2389 2391
f 2388 2387 2389
f 2386 2385 2387
f 2384 2383 2385
f 2382 2381 2383
f 2379 2381 2382
f 2378 2377 2379
f 2376 2375 2377
f 2374 2373 2375
f 2372 2371 2373
f 2370 2369 2371
f 2368 2367 2369
f 2366 2365 2367
f 2395 2364 2365
f 2381 2393 2385
f 2358 2357 2382
f 2357 2356 2380
f 2355 2378 2380
f 2354 2376 2378
f 2353 2374 2376
f 2352 2372 2374
f 2351 2370 2372
f 2332 2349 2333
f 2333 2350 2334
f 2334 2351 2335
f 2335 2352 2336
f 2336 2353 2337
f 2337 2354 2338
f 2338 2355 2339
f 2339 2356 2340
f 2340 2357 2341
f 2341 2358 2342
f 2342 2359 2343
f 2343 2360 2344
f 2344 2361 2345
f 2345 2362 2346
f 2346 2363 2347
f 2347 2348 2332
f 2359 2384 2386
f 2360 2386 2388
f 2361 2388 2390
f 2362 2390 2392
f 2348 2366 2349
f 2363 2392 2394
f 2349 2368 2350
f 2348 2394 2395
f 2350 2370 2351
f 2393 2395 2394
f 2392 2393 2394
f 2390 2391 2392
f 2388 2389 2390
f 2386 2387 2388
f 2384 2385 2386
f 2382 2383 2384
f 2379 2382 2380
f 2378 2379 2380
f 2376 2377 2378
f 2374 2375 2376
f 2372 2373 2374
f 2370 2371 2372
f 2368 2369 2370
f 2366 2367 2368
f 2395 2365 2366
f 2393 2365 2364
f 2365 2369 2367
f 2369 2377 2371
f 2371 2377 2373
f 2373 2377 2375
f 2377 2381 2379
f 2381 2385 2383
f 2385 2393 2387
f 2387 2393 2389
f 2389 2393 2391
f 2393 2377 2365
f 2365 2377 2369
f 2377 2393 2381
f 2358 2382 2384
f 2357 2380 2382
f 2355 2380 2356
f 2354 2378 2355
f 2353 2376 2354
f 2352 2374 2353
f 2351 2372 2352
f 2396 2399 2398
f 2398 2401 2400
f 2400 2404 2402
f 2433 2426 2427
f 2411 2412 2410
f 2413 2414 2412
f 2415 2416 2414
f 2417 2418 2416
f 2419 2420 2418
f 2421 2422 2420
f 2422 2425 2424
f 2424 2397 2396
f 2420 2396 2431
f 2421 2413 2399
f 2428 2426 2429
f 2411 2435 2409
f 2472 2473 2405
f 2464 2428 2429
f 2402 2430 2431
f 2409 2439 2438
f 2433 2434 2444
f 2434 2467 2468
f 2437 2409 2438
f 2431 2430 2437
f 2441 2444 2434
f 2443 2444 2446
f 2438 2443 2437
f 2443 2442 2440
f 2445 2436 2444
f 2434 2456 2459
f 2428 2447 2427
f 2451 2453 2452
f 2455 2457 2456
f 2448 2453 2451
f 2450 2454 2453
f 2449 2452 2454
f 2459 2458 2461
f 2461 2457 2462
f 2457 2460 2462
f 2451 2455 2448
f 2469 2466 2465
f 2470 2406 2467
f 2467 2407 2468
f 2407 2471 2468
f 2408 2469 2471
f 2463 2403 2470
f 2488 2489 2493
f 2441 2465 2466
f 2474 2491 2490
f 2474 2486 2475
f 2475 2487 2480
f 2480 2489 2481
f 2481 2488 2479
f 2479 2484 2477
f 2476 2484 2483
f 2482 2476 2483
f 2472 2482 2485
f 2473 2485 2491
f 2492 2495 2494
f 2495 2496 2494
f 2496 2493 2494
f 2498 2495 2492
f 2500 2496 2495
f 2499 2493 2496
f 2494 2487 2486
f 2464 2479 2477
f 2498 2475 2480
f 2396 2397 2399
f 2398 2399 2401
f 2400 2401 2404
f 2433 2432 2426
f 2411 2413 2412
f 2413 2415 2414
f 2415 2417 2416
f 2417 2419 2418
f 2419 2421 2420
f 2421 2423 2422
f 2422 2423 2425
f 2424 2425 2397
f 2422 2424 2396
f 2396 2398 2431
f 2398 2400 2431
f 2400 2402 2431
f 2431 2410 2412
f 2412 2414 2416
f 2416 2418 2420
f 2420 2422 2396
f 2431 2412 2416
f 2416 2420 2431
f 2417 2415 2413
f 2413 2411 2430
f 2411 2409 2430
f 2413 2404 2399
f 2430 2404 2413
f 2404 2401 2399
f 2399 2397 2421
f 2397 2425 2421
f 2425 2423 2421
f 2421 2419 2417
f 2417 2413 2421
f 2428 2427 2426
f 2411 2410 2435
f 2475 2498 2474
f 2498 2466 2474
f 2466 2405 2473
f 2405 2408 2472
f 2472 2408 2478
f 2408 2407 2478
f 2407 2406 2478
f 2406 2403 2476
f 2406 2476 2478
f 2473 2474 2466
f 2464 2463 2428
f 2429 2493 2464
f 2493 2497 2464
f 2402 2404 2430
f 2435 2439 2409
f 2439 2445 2438
f 2444 2436 2432
f 2432 2433 2444
f 2469 2465 2441
f 2434 2428 2470
f 2428 2463 2470
f 2469 2441 2434
f 2471 2469 2434
f 2434 2470 2467
f 2468 2471 2434
f 2437 2430 2409
f 2437 2443 2440
f 2440 2431 2437
f 2441 2446 2444
f 2443 2445 2444
f 2438 2445 2443
f 2443 2446 2442
f 2445 2439 2436
f 2434 2433 2456
f 2428 2452 2447
f 2453 2454 2452
f 2452 2428 2451
f 2428 2434 2451
f 2434 2459 2460
f 2459 2461 2460
f 2461 2462 2460
f 2460 2451 2434
f 2457 2458 2456
f 2456 2433 2455
f 2433 2427 2455
f 2427 2447 2448
f 2447 2449 2448
f 2449 2450 2448
f 2448 2455 2427
f 2448 2450 2453
f 2450 2449 2454
f 2449 2447 2452
f 2459 2456 2458
f 2461 2458 2457
f 2457 2455 2460
f 2451 2460 2455
f 2469 2405 2466
f 2470 2403 2406
f 2467 2406 2407
f 2407 2408 2471
f 2408 2405 2469
f 2463 2464 2403
f 2489 2487 2494
f 2494 2493 2489
f 2493 2429 2488
f 2429 2484 2488
f 2466 2498 2492
f 2492 2442 2466
f 2442 2446 2466
f 2446 2441 2466
f 2474 2473 2491
f 2474 2490 2486
f 2475 2486 2487
f 2480 2487 2489
f 2481 2489 2488
f 2479 2488 2484
f 2476 2477 2484
f 2482 2478 2476
f 2472 2478 2482
f 2473 2472 2485
f 2498 2500 2495
f 2500 2499 2496
f 2499 2497 2493
f 2483 2484 2429
f 2429 2426 2432
f 2429 2432 2436
f 2482 2483 2436
f 2483 2429 2436
f 2482 2436 2485
f 2436 2439 2440
f 2485 2436 2442
f 2442 2436 2440
f 2435 2410 2431
f 2439 2435 2440
f 2491 2485 2442
f 2435 2431 2440
f 2442 2492 2490
f 2492 2494 2486
f 2490 2492 2486
f 2490 2491 2442
f 2403 2464 2477
f 2464 2497 2479
f 2497 2481 2479
f 2477 2476 2403
f 2481 2497 2480
f 2497 2499 2480
f 2499 2500 2480
f 2500 2498 2480
f 2502 2517 2535
f 2502 2535 2536
f 2503 2536 2518
f 2503 2518 2537
f 2504 2537 2538
f 2504 2538 2539
f 2505 2539 2519
f 2505 2519 2520
f 2506 2520 2521
f 2506 2521 2522
f 2507 2522 2540
f 2507 2540 2523
f 2508 2523 2524
f 2508 2524 2525
f 2509 2525 2526
f 2509 2526 2527
f 2510 2527 2541
f 2510 2541 2542
f 2511 2542 2528
f 2511 2528 2543
f 2512 2543 2529
f 2512 2529 2544
f 2513 2544 2545
f 2513 2545 2530
f 2514 2530 2546
f 2514 2546 2531
f 2515 2531 2532
f 2515 2532 2533
f 2516 2533 2547
f 2516 2547 2534
f 2501 2534 2548
f 2501 2548 2517
f 2582 2510 2581
f 2584 2508 2583
f 2586 2506 2585
f 2586 2504 2505
f 2588 2504 2587
f 2590 2502 2589
f 2591 2501 2590
f 2592 2516 2591
f 2594 2514 2593
f 2596 2512 2595
f 2581 2511 2596
f 2579 2517 2548
f 2578 2548 2534
f 2577 2534 2547
f 2576 2547 2533
f 2575 2533 2532
f 2574 2532 2531
f 2573 2531 2546
f 2572 2546 2530
f 2571 2530 2545
f 2570 2545 2544
f 2569 2544 2529
f 2568 2529 2543
f 2567 2543 2528
f 2566 2528 2542
f 2541 2566 2542
f 2564 2541 2527
f 2563 2527 2526
f 2525 2563 2526
f 2561 2525 2524
f 2560 2524 2523
f 2559 2523 2540
f 2558 2540 2522
f 2557 2522 2521
f 2556 2521 2520
f 2555 2520 2519
f 2554 2519 2539
f 2553 2539 2538
f 2552 2538 2537
f 2551 2537 2518
f 2550 2518 2536
f 2535 2550 2536
f 2580 2535 2517
f 2512 2594 2595
f 2515 2593 2514
f 2502 2588 2589
f 2507 2585 2506
f 2509 2583 2508
f 2583 2581 2589
f 2502 2501 2517
f 2503 2502 2536
f 2504 2503 2537
f 2505 2504 2539
f 2506 2505 2520
f 2507 2506 2522
f 2508 2507 2523
f 2509 2508 2525
f 2510 2509 2527
f 2511 2510 2542
f 2512 2511 2543
f 2513 2512 2544
f 2514 2513 2530
f 2515 2514 2531
f 2516 2515 2533
f 2501 2516 2534
f 2582 2509 2510
f 2584 2507 2508
f 2586 2505 2506
f 2586 2587 2504
f 2588 2503 2504
f 2590 2501 2502
f 2591 2516 2501
f 2592 2515 2516
f 2594 2513 2514
f 2596 2511 2512
f 2581 2510 2511
f 2579 2580 2517
f 2578 2579 2548
f 2577 2578 2534
f 2576 2577 2547
f 2575 2576 2533
f 2574 2575 2532
f 2573 2574 2531
f 2572 2573 2546
f 2571 2572 2530
f 2570 2571 2545
f 2569 2570 2544
f 2568 2569 2529
f 2567 2568 2543
f 2566 2567 2528
f 2541 2565 2566
f 2564 2565 2541
f 2563 2564 2527
f 2525 2562 2563
f 2561 2562 2525
f 2560 2561 2524
f 2559 2560 2523
f 2558 2559 2540
f 2557 2558 2522
f 2556 2557 2521
f 2555 2556 2520
f 2554 2555 2519
f 2553 2554 2539
f 2552 2553 2538
f 2551 2552 2537
f 2550 2551 2518
f 2535 2549 2550
f 2580 2549 2535
f 2512 2513 2594
f 2515 2592 2593
f 2502 2503 2588
f 2507 2584 2585
f 2509 2582 2583
f 2581 2596 2595
f 2595 2594 2593
f 2593 2592 2591
f 2591 2590 2589
f 2589 2588 2587
f 2587 2586 2589
f 2586 2585 2589
f 2585 2584 2583
f 2583 2582 2581
f 2581 2595 2589
f 2595 2593 2589
f 2593 2591 2589
f 2585 2583 2589
f 2598 2618 2613
f 2610 2615 2619
f 2604 2623 2625
f 2606 2621 2623
f 2600 2627 2618
f 2602 2625 2627
f 2669 2645 2668
f 2644 2670 2671
f 2609 2612 2610
f 2607 2610 2608
f 2605 2608 2606
f 2603 2606 2604
f 2601 2604 2602
f 2601 2600 2599
f 2607 2677 2676
f 2597 2600 2598
f 2629 2670 2633
f 2608 2619 2621
f 2627 2617 2618
f 2627 2626 2628
f 2625 2624 2626
f 2623 2622 2624
f 2619 2622 2621
f 2615 2620 2619
f 2617 2613 2618
f 2620 2703 2704
f 2637 2615 2640
f 2667 2632 2636
f 2636 2631 2635
f 2631 2634 2635
f 2630 2633 2634
f 2680 2643 2681
f 2639 2642 2643
f 2642 2638 2641
f 2638 2640 2641
f 2640 2649 2657
f 2653 2652 2655
f 2641 2660 2642
f 2655 2661 2659
f 2642 2662 2643
f 2664 2659 2661
f 2634 2658 2635
f 2643 2682 2681
f 2664 2645 2669
f 2633 2665 2634
f 2667 2650 2651
f 2636 2658 2650
f 2685 2653 2684
f 2644 2686 2665
f 2656 2687 2688
f 2690 2663 2689
f 2660 2688 2691
f 2692 2651 2693
f 2693 2650 2694
f 2694 2658 2686
f 2684 2655 2695
f 2657 2696 2687
f 2664 2661 2697
f 2661 2698 2697
f 2654 2699 2698
f 2652 2700 2699
f 2647 2692 2700
f 2649 2685 2696
f 2695 2659 2690
f 2689 2663 2683
f 2662 2691 2682
f 2666 2612 2611
f 2612 2651 2646
f 2673 2679 2674
f 2677 2703 2676
f 2674 2702 2675
f 2675 2704 2677
f 2700 2692 2676
f 2722 2598 2613
f 2719 2716 2723
f 2727 2710 2729
f 2725 2712 2727
f 2731 2706 2722
f 2729 2708 2731
f 2773 2772 2749
f 2748 2774 2737
f 2715 2718 2717
f 2713 2716 2715
f 2711 2714 2713
f 2709 2712 2711
f 2707 2710 2709
f 2706 2707 2705
f 2779 2780 2713
f 2597 2706 2705
f 2774 2733 2737
f 2723 2714 2725
f 2721 2731 2722
f 2731 2730 2729
f 2729 2728 2727
f 2727 2726 2725
f 2726 2723 2725
f 2724 2719 2723
f 2721 2613 2614
f 2804 2730 2782
f 2741 2719 2720
f 2771 2736 2770
f 2740 2735 2736
f 2738 2735 2739
f 2737 2734 2738
f 2783 2784 2747
f 2747 2746 2743
f 2746 2742 2743
f 2744 2742 2745
f 2761 2744 2760
f 2757 2756 2752
f 2764 2745 2746
f 2765 2759 2763
f 2766 2746 2747
f 2768 2763 2767
f 2762 2738 2739
f 2747 2785 2766
f 2773 2749 2768
f 2769 2737 2738
f 2754 2771 2755
f 2762 2740 2754
f 2788 2757 2752
f 2769 2789 2748
f 2790 2760 2791
f 2793 2767 2763
f 2791 2764 2794
f 2795 2755 2750
f 2796 2754 2755
f 2797 2762 2754
f 2787 2759 2757
f 2799 2761 2790
f 2800 2765 2768
f 2765 2801 2758
f 2802 2758 2801
f 2756 2803 2751
f 2751 2795 2750
f 2788 2753 2799
f 2798 2763 2759
f 2792 2786 2767
f 2794 2766 2785
f 2718 2770 2717
f 2750 2755 2718
f 2782 2673 2777
f 2805 2780 2779
f 2804 2777 2778
f 2806 2778 2780
f 2779 2795 2803
f 2598 2600 2618
f 2610 2612 2615
f 2604 2606 2623
f 2606 2608 2621
f 2600 2602 2627
f 2602 2604 2625
f 2644 2633 2670
f 2609 2611 2612
f 2607 2609 2610
f 2605 2607 2608
f 2603 2605 2606
f 2601 2603 2604
f 2601 2602 2600
f 2672 2629 2666
f 2629 2630 2666
f 2630 2631 2666
f 2631 2632 2666
f 2666 2611 2676
f 2611 2609 2676
f 2609 2607 2676
f 2607 2605 2677
f 2605 2603 2675
f 2603 2601 2674
f 2601 2599 2674
f 2599 2597 2673
f 2599 2673 2674
f 2605 2675 2677
f 2666 2676 2672
f 2603 2674 2675
f 2597 2599 2600
f 2629 2672 2670
f 2608 2610 2619
f 2627 2628 2617
f 2627 2625 2626
f 2625 2623 2624
f 2623 2621 2622
f 2619 2620 2622
f 2615 2616 2620
f 2617 2614 2613
f 2679 2701 2617
f 2701 2614 2617
f 2617 2628 2679
f 2628 2626 2679
f 2626 2624 2702
f 2624 2622 2704
f 2622 2620 2704
f 2620 2616 2703
f 2616 2637 2703
f 2637 2638 2678
f 2638 2639 2678
f 2678 2703 2637
f 2626 2702 2679
f 2704 2702 2624
f 2637 2616 2615
f 2667 2666 2632
f 2636 2632 2631
f 2631 2630 2634
f 2630 2629 2633
f 2680 2678 2643
f 2678 2639 2643
f 2642 2639 2638
f 2638 2637 2640
f 2657 2656 2640
f 2656 2641 2640
f 2653 2648 2652
f 2648 2647 2652
f 2652 2654 2655
f 2641 2656 2660
f 2655 2654 2661
f 2642 2660 2662
f 2664 2663 2659
f 2634 2665 2658
f 2643 2662 2682
f 2683 2663 2669
f 2663 2664 2669
f 2633 2644 2665
f 2667 2636 2650
f 2636 2635 2658
f 2685 2648 2653
f 2671 2686 2644
f 2686 2658 2665
f 2656 2657 2687
f 2690 2659 2663
f 2660 2656 2688
f 2692 2646 2651
f 2693 2651 2650
f 2694 2650 2658
f 2684 2653 2655
f 2657 2649 2696
f 2668 2645 2697
f 2645 2664 2697
f 2661 2654 2698
f 2654 2652 2699
f 2652 2647 2700
f 2647 2646 2692
f 2649 2648 2685
f 2695 2655 2659
f 2662 2660 2691
f 2666 2667 2612
f 2640 2615 2649
f 2615 2612 2648
f 2649 2615 2648
f 2612 2667 2651
f 2646 2647 2612
f 2647 2648 2612
f 2673 2701 2679
f 2677 2704 2703
f 2674 2679 2702
f 2675 2702 2704
f 2683 2669 2689
f 2669 2668 2697
f 2669 2697 2698
f 2689 2669 2690
f 2669 2698 2699
f 2690 2669 2695
f 2669 2699 2684
f 2695 2669 2684
f 2699 2700 2684
f 2685 2684 2700
f 2696 2685 2703
f 2685 2700 2676
f 2703 2685 2676
f 2681 2682 2691
f 2678 2680 2681
f 2670 2672 2686
f 2672 2676 2694
f 2686 2671 2670
f 2694 2686 2672
f 2703 2678 2688
f 2678 2681 2688
f 2681 2691 2688
f 2688 2687 2703
f 2693 2694 2676
f 2703 2687 2696
f 2692 2693 2676
f 2722 2706 2598
f 2719 2718 2716
f 2727 2712 2710
f 2725 2714 2712
f 2731 2708 2706
f 2729 2710 2708
f 2748 2775 2774
f 2715 2716 2718
f 2713 2714 2716
f 2711 2712 2714
f 2709 2710 2712
f 2707 2708 2710
f 2706 2708 2707
f 2734 2733 2770
f 2733 2776 2770
f 2776 2779 2770
f 2734 2770 2735
f 2736 2735 2770
f 2717 2770 2779
f 2713 2715 2779
f 2715 2717 2779
f 2709 2711 2778
f 2711 2713 2780
f 2778 2711 2780
f 2705 2707 2777
f 2707 2709 2777
f 2673 2597 2705
f 2777 2673 2705
f 2777 2709 2778
f 2597 2598 2706
f 2774 2776 2733
f 2723 2716 2714
f 2721 2732 2731
f 2731 2732 2730
f 2729 2730 2728
f 2727 2728 2726
f 2726 2724 2723
f 2724 2720 2719
f 2721 2722 2613
f 2614 2701 2721
f 2701 2782 2721
f 2730 2732 2782
f 2732 2721 2782
f 2726 2728 2806
f 2728 2730 2804
f 2720 2724 2805
f 2724 2726 2806
f 2805 2724 2806
f 2742 2741 2781
f 2741 2720 2805
f 2781 2743 2742
f 2805 2781 2741
f 2728 2804 2806
f 2741 2744 2719
f 2771 2740 2736
f 2740 2739 2735
f 2738 2734 2735
f 2737 2733 2734
f 2743 2781 2747
f 2781 2783 2747
f 2746 2745 2742
f 2744 2741 2742
f 2761 2753 2744
f 2744 2745 2760
f 2757 2759 2756
f 2759 2758 2756
f 2756 2751 2752
f 2764 2760 2745
f 2765 2758 2759
f 2766 2764 2746
f 2768 2765 2763
f 2762 2769 2738
f 2747 2784 2785
f 2768 2767 2773
f 2767 2786 2773
f 2769 2748 2737
f 2754 2740 2771
f 2762 2739 2740
f 2788 2787 2757
f 2762 2789 2769
f 2789 2775 2748
f 2790 2761 2760
f 2793 2792 2767
f 2791 2760 2764
f 2795 2796 2755
f 2796 2797 2754
f 2797 2789 2762
f 2787 2798 2759
f 2799 2753 2761
f 2768 2749 2800
f 2749 2772 2800
f 2765 2800 2801
f 2802 2756 2758
f 2756 2802 2803
f 2751 2803 2795
f 2788 2752 2753
f 2798 2793 2763
f 2794 2764 2766
f 2718 2771 2770
f 2718 2719 2752
f 2719 2744 2753
f 2753 2752 2719
f 2752 2751 2718
f 2755 2771 2718
f 2751 2750 2718
f 2782 2701 2673
f 2805 2806 2780
f 2804 2782 2777
f 2806 2804 2778
f 2772 2773 2800
f 2773 2786 2792
f 2773 2792 2793
f 2800 2773 2801
f 2773 2793 2798
f 2801 2773 2802
f 2773 2798 2787
f 2802 2773 2787
f 2803 2802 2788
f 2802 2787 2788
f 2803 2788 2779
f 2788 2799 2805
f 2774 2775 2789
f 2779 2776 2797
f 2776 2774 2789
f 2797 2776 2789
f 2783 2781 2784
f 2781 2805 2791
f 2785 2784 2794
f 2794 2784 2791
f 2791 2784 2781
f 2779 2797 2796
f 2779 2796 2795
f 2790 2791 2805
f 2799 2790 2805
f 2805 2779 2788
f 2807 2810 2809
f 2809 2812 2811
f 2811 2814 2813
f 2813 2816 2815
f 2815 2818 2817
f 2818 2819 2817
f 2820 2821 2819
f 2822 2823 2821
f 2824 2825 2823
f 2826 2827 2825
f 2828 2829 2827
f 2830 2831 2829
f 2832 2833 2831
f 2834 2835 2833
f 2830 2849 2850
f 2835 2838 2837
f 2837 2808 2807
f 2853 2870 2854
f 2838 2840 2808
f 2814 2843 2816
f 2826 2847 2848
f 2834 2853 2836
f 2810 2841 2812
f 2822 2845 2846
f 2832 2850 2851
f 2818 2843 2844
f 2828 2848 2849
f 2836 2854 2838
f 2812 2842 2814
f 2824 2846 2847
f 2808 2839 2810
f 2832 2852 2834
f 2820 2844 2845
f 2868 2871 2869
f 2846 2863 2847
f 2839 2856 2855
f 2840 2870 2856
f 2847 2864 2848
f 2841 2855 2857
f 2848 2865 2849
f 2842 2857 2858
f 2849 2866 2850
f 2843 2858 2859
f 2850 2867 2851
f 2844 2859 2860
f 2851 2868 2852
f 2845 2860 2861
f 2852 2869 2853
f 2846 2861 2862
f 2867 2874 2871
f 2865 2874 2866
f 2864 2877 2865
f 2869 2872 2870
f 2871 2875 2872
f 2877 2875 2874
f 2863 2878 2877
f 2872 2856 2870
f 2875 2873 2872
f 2875 2879 2876
f 2878 2861 2879
f 2873 2855 2856
f 2876 2857 2873
f 2876 2859 2858
f 2879 2860 2859
f 2807 2808 2810
f 2809 2810 2812
f 2811 2812 2814
f 2813 2814 2816
f 2815 2816 2818
f 2818 2820 2819
f 2820 2822 2821
f 2822 2824 2823
f 2824 2826 2825
f 2826 2828 2827
f 2828 2830 2829
f 2830 2832 2831
f 2832 2834 2833
f 2834 2836 2835
f 2830 2828 2849
f 2835 2836 2838
f 2837 2838 2808
f 2853 2869 2870
f 2838 2854 2840
f 2814 2842 2843
f 2826 2824 2847
f 2834 2852 2853
f 2810 2839 2841
f 2822 2820 2845
f 2832 2830 2850
f 2818 2816 2843
f 2828 2826 2848
f 2836 2853 2854
f 2812 2841 2842
f 2824 2822 2846
f 2808 2840 2839
f 2832 2851 2852
f 2820 2818 2844
f 2868 2867 2871
f 2846 2862 2863
f 2839 2840 2856
f 2840 2854 2870
f 2847 2863 2864
f 2841 2839 2855
f 2848 2864 2865
f 2842 2841 2857
f 2849 2865 2866
f 2843 2842 2858
f 2850 2866 2867
f 2844 2843 2859
f 2851 2867 2868
f 2845 2844 2860
f 2852 2868 2869
f 2846 2845 2861
f 2867 2866 2874
f 2865 2877 2874
f 2864 2863 2877
f 2869 2871 2872
f 2871 2874 2875
f 2877 2878 2875
f 2863 2862 2878
f 2872 2873 2856
f 2875 2876 2873
f 2875 2878 2879
f 2878 2862 2861
f 2873 2857 2855
f 2876 2858 2857
f 2876 2879 2859
f 2879 2861 2860
f 2885 2909 2906
f 2886 2933 2888
f 2882 2903 2915
f 2895 2897 2896
f 2921 2881 2900
f 2884 2912 2909
f 2883 2915 2912
f 2891 2918 2887
f 2880 2936 2903
f 2890 2924 2891
f 2942 2893 2894
f 2933 2889 2888
f 2930 2890 2889
f 2951 2887 2918
f 2932 2920 2917
f 2961 2942 2894
f 2896 2954 2948
f 2939 2896 2948
f 2897 2951 2957
f 2898 2957 2954
f 2892 2945 2961
f 2899 2907 2905
f 2901 2906 2907
f 2905 2910 2908
f 2907 2909 2910
f 2911 2910 2913
f 2913 2909 2912
f 2914 2913 2916
f 2913 2915 2916
f 2914 2904 2902
f 2916 2903 2904
f 2920 2934 2922
f 2922 2933 2921
f 2932 2931 2934
f 2934 2930 2933
f 2926 2931 2929
f 2928 2930 2931
f 2923 2928 2926
f 2928 2924 2927
f 2917 2925 2923
f 2925 2918 2924
f 2920 2901 2899
f 2922 2900 2901
f 2944 2940 2938
f 2946 2939 2940
f 2941 2946 2944
f 2943 2945 2946
f 2941 2937 2943
f 2943 2936 2942
f 2953 2949 2955
f 2955 2948 2954
f 2956 2955 2958
f 2955 2957 2958
f 2956 2952 2950
f 2958 2951 2952
f 2938 2949 2947
f 2949 2939 2948
f 2935 2904 2937
f 2937 2903 2936
f 2918 2952 2951
f 2919 2950 2952
f 2881 2906 2900
f 2889 2890 2891
f 2959 2892 2960
f 2881 2960 2885
f 2960 2880 2882
f 2982 2983 2981
f 2969 2963 2967
f 2978 2979 2977
f 2972 2964 2975
f 2965 2962 2963
f 2985 2966 2984
f 2967 2971 2969
f 2968 2970 2971
f 2968 2967 2972
f 2971 2975 2969
f 2974 2972 2975
f 2892 2961 2894
f 2977 2982 2980
f 2979 2983 2982
f 2978 2981 2983
f 2887 2980 2959
f 2960 2984 2880
f 2885 2884 2909
f 2886 2921 2933
f 2882 2880 2903
f 2898 2896 2897
f 2896 2981 2895
f 2981 2976 2895
f 2921 2886 2881
f 2884 2883 2912
f 2883 2882 2915
f 2891 2924 2918
f 2880 2893 2936
f 2890 2927 2924
f 2942 2936 2893
f 2933 2930 2889
f 2930 2927 2890
f 2951 2895 2887
f 2920 2899 2902
f 2899 2905 2914
f 2902 2899 2914
f 2905 2908 2914
f 2908 2911 2914
f 2902 2935 2950
f 2935 2941 2938
f 2950 2935 2938
f 2941 2944 2938
f 2938 2947 2950
f 2947 2953 2950
f 2953 2956 2950
f 2950 2917 2902
f 2917 2923 2932
f 2902 2917 2920
f 2923 2926 2932
f 2926 2929 2932
f 2961 2945 2942
f 2896 2898 2954
f 2939 2892 2896
f 2897 2895 2951
f 2898 2897 2957
f 2892 2939 2945
f 2899 2901 2907
f 2901 2900 2906
f 2905 2907 2910
f 2907 2906 2909
f 2911 2908 2910
f 2913 2910 2909
f 2914 2911 2913
f 2913 2912 2915
f 2914 2916 2904
f 2916 2915 2903
f 2920 2932 2934
f 2922 2934 2933
f 2932 2929 2931
f 2934 2931 2930
f 2926 2928 2931
f 2928 2927 2930
f 2923 2925 2928
f 2928 2925 2924
f 2917 2919 2925
f 2925 2919 2918
f 2920 2922 2901
f 2922 2921 2900
f 2944 2946 2940
f 2946 2945 2939
f 2941 2943 2946
f 2943 2942 2945
f 2941 2935 2937
f 2943 2937 2936
f 2953 2947 2949
f 2955 2949 2948
f 2956 2953 2955
f 2955 2954 2957
f 2956 2958 2952
f 2958 2957 2951
f 2938 2940 2949
f 2949 2940 2939
f 2935 2902 2904
f 2937 2904 2903
f 2918 2919 2952
f 2919 2917 2950
f 2881 2885 2906
f 2887 2959 2891
f 2959 2889 2891
f 2959 2896 2892
f 2881 2886 2960
f 2886 2888 2960
f 2888 2889 2959
f 2959 2960 2888
f 2960 2884 2885
f 2883 2884 2882
f 2884 2960 2882
f 2981 2896 2959
f 2959 2980 2981
f 2980 2982 2981
f 2969 2965 2963
f 2977 2887 2976
f 2887 2895 2976
f 2976 2978 2977
f 2972 2962 2964
f 2965 2964 2962
f 2985 2970 2966
f 2967 2968 2971
f 2968 2966 2970
f 2894 2893 2973
f 2893 2880 2973
f 2880 2984 2973
f 2973 2984 2966
f 2963 2962 2967
f 2962 2972 2967
f 2972 2973 2966
f 2972 2966 2968
f 2985 2960 2974
f 2960 2892 2974
f 2970 2985 2974
f 2975 2964 2969
f 2964 2965 2969
f 2970 2974 2975
f 2971 2970 2975
f 2974 2973 2972
f 2973 2974 2894
f 2974 2892 2894
f 2977 2979 2982
f 2979 2978 2983
f 2978 2976 2981
f 2887 2977 2980
f 2960 2985 2984
f 3005 3102 3007
f 2991 3088 3043
f 3105 3019 3099
f 3058 2995 2996
f 3079 3015 3018
f 2988 3075 3072
f 2995 3006 2989
f 3137 3016 3017
f 3124 3110 3131
f 2998 3047 2992
f 3043 2999 2991
f 3034 2997 2994
f 2992 3142 3143
f 3029 2994 2993
f 2996 3053 3058
f 3029 2986 3001
f 2998 3068 3063
f 3016 3134 3127
f 3097 3019 2990
f 3041 3152 3144
f 3169 3000 3002
f 3041 3149 3151
f 3160 3146 3159
f 3098 3022 3101
f 3101 3021 3103
f 3103 3020 3105
f 3007 3104 3008
f 3090 3042 3044
f 3092 3044 3045
f 3094 3045 3046
f 3014 3093 3013
f 3115 3019 3020
f 3021 3115 3020
f 3022 3118 3021
f 3133 3113 3128
f 3130 3018 3015
f 3139 3119 3136
f 3098 3121 3022
f 3011 3091 3014
f 3083 3017 3016
f 3077 3016 3127
f 3131 3116 3139
f 3136 3122 3133
f 3040 3147 3149
f 3076 3014 3082
f 3082 3013 3080
f 3080 3012 3078
f 3078 3010 3074
f 3140 3017 3018
f 3104 3009 3008
f 3106 3006 3009
f 3170 3002 3003
f 3142 3174 3143
f 3173 3003 3004
f 3167 3004 3001
f 3049 3041 3144
f 3049 3040 3041
f 3050 3039 3040
f 3051 3038 3039
f 3034 3032 3037
f 3037 3031 3036
f 3036 3030 3035
f 3035 3028 3033
f 3012 3089 3010
f 3013 3095 3012
f 3088 3046 3043
f 3023 3009 3006
f 3025 3008 3009
f 3026 3007 3008
f 3027 3005 3007
f 3144 3179 3142
f 3150 3177 3153
f 3163 3148 3160
f 3062 3033 3156
f 3029 3004 3032
f 3032 3003 3031
f 3031 3002 3030
f 3030 3000 3028
f 3057 3054 3052
f 3059 3055 3054
f 3060 3056 3055
f 3061 3053 3056
f 3063 3071 3066
f 3071 3065 3066
f 3070 3064 3065
f 3069 3062 3064
f 3048 3064 3062
f 3051 3065 3064
f 3050 3066 3065
f 3049 3063 3066
f 3042 3069 3044
f 3044 3070 3045
f 3045 3071 3046
f 3046 3068 3043
f 3024 3059 3057
f 3027 3060 3059
f 3026 3061 3060
f 3025 3058 3061
f 3052 3035 3033
f 3054 3036 3035
f 3055 3037 3036
f 3056 3034 3037
f 3081 3018 3017
f 3083 3076 3082
f 3081 3082 3080
f 3079 3080 3078
f 3079 3074 3075
f 3072 3074 3073
f 2987 3074 3010
f 3090 3087 3086
f 3092 3091 3090
f 3092 3095 3093
f 3088 3095 3094
f 3088 3084 3089
f 2987 3089 3084
f 3101 3005 3098
f 3103 3102 3101
f 3105 3104 3103
f 3099 3106 3105
f 3097 3100 3099
f 3096 3006 3100
f 3111 3117 3112
f 3117 3110 3112
f 3118 3117 3115
f 3120 3116 3117
f 3118 3123 3120
f 3123 3119 3120
f 3121 3114 3123
f 3114 3122 3123
f 3107 3112 3109
f 3112 3108 3109
f 2990 3111 3107
f 3130 3141 3140
f 3141 3131 3139
f 3140 3138 3137
f 3138 3139 3136
f 3137 3135 3134
f 3135 3136 3133
f 3127 3135 3129
f 3129 3133 3128
f 3125 3132 3130
f 3132 3124 3131
f 3130 2988 3125
f 3144 3152 3153
f 3146 3038 3145
f 3148 3147 3146
f 3150 3149 3148
f 3153 3151 3150
f 3147 3039 3038
f 3159 3145 3156
f 3162 3160 3161
f 3169 3171 3168
f 3166 3155 3154
f 3170 3172 3171
f 3176 3163 3162
f 3158 3156 3157
f 3164 3157 3156
f 3164 3168 3165
f 3161 3159 3158
f 3166 3173 3167
f 3181 3178 3179
f 3178 3174 3179
f 3181 3176 3180
f 2986 3167 3001
f 3187 3189 3278
f 2991 3266 3085
f 3281 3201 3202
f 2995 3240 2996
f 3197 3259 3200
f 3255 2988 3072
f 3188 2995 2989
f 3198 3307 3199
f 3283 3124 3301
f 2998 3229 3245
f 2999 3225 2991
f 2997 3216 2994
f 2992 3312 3229
f 2994 3211 2993
f 3235 2996 3240
f 2986 3211 3183
f 3250 2998 3245
f 3198 3297 3304
f 3201 3097 2990
f 3321 3223 3313
f 3182 3336 3184
f 3318 3223 3320
f 3327 3315 3317
f 3274 3277 3204
f 3277 3203 3204
f 3279 3202 3203
f 3189 3280 3278
f 3224 3268 3226
f 3226 3270 3227
f 3227 3272 3228
f 3196 3271 3269
f 3201 3288 3202
f 3203 3288 3291
f 3204 3291 3294
f 3303 3286 3295
f 3200 3300 3197
f 3309 3292 3289
f 3274 3204 3294
f 3193 3269 3265
f 3199 3263 3198
f 3198 3257 3297
f 3301 3289 3283
f 3306 3295 3292
f 3316 3222 3318
f 3256 3196 3193
f 3262 3195 3196
f 3260 3194 3195
f 3258 3192 3194
f 3199 3310 3200
f 3191 3280 3190
f 3188 3282 3191
f 3184 3337 3185
f 3174 3312 3143
f 3185 3340 3186
f 3186 3334 3183
f 3313 3223 3231
f 3222 3231 3223
f 3221 3232 3222
f 3220 3233 3221
f 3216 3214 3211
f 3219 3213 3214
f 3218 3212 3213
f 3217 3210 3212
f 3194 3267 3273
f 3195 3273 3271
f 3228 3266 3225
f 3191 3205 3188
f 3190 3207 3191
f 3189 3208 3190
f 3187 3209 3189
f 3344 3313 3312
f 3319 3342 3330
f 3330 3317 3319
f 3297 3257 3193
f 3211 3186 3183
f 3214 3185 3186
f 3213 3184 3185
f 3212 3182 3184
f 3236 3239 3234
f 3237 3241 3236
f 3238 3242 3237
f 3235 3243 3238
f 3245 3253 3250
f 3247 3253 3248
f 3246 3252 3247
f 3244 3251 3246
f 3246 3230 3244
f 3247 3233 3246
f 3248 3232 3247
f 3245 3231 3248
f 3224 3251 3249
f 3226 3252 3251
f 3227 3253 3252
f 3228 3250 3253
f 3241 3206 3239
f 3242 3209 3241
f 3243 3208 3242
f 3240 3207 3243
f 3217 3234 3215
f 3218 3236 3217
f 3219 3237 3218
f 3216 3238 3219
f 3200 3261 3199
f 3263 3256 3257
f 3261 3262 3263
f 3259 3260 3261
f 3254 3259 3255
f 3072 3254 3255
f 2987 3254 3073
f 3265 3268 3264
f 3269 3270 3268
f 3270 3273 3272
f 3273 3266 3272
f 3267 3085 3266
f 3267 2987 3084
f 3187 3277 3274
f 3278 3279 3277
f 3280 3281 3279
f 3282 3275 3281
f 3276 3097 3275
f 3096 3188 2989
f 3284 3290 3288
f 3283 3290 3285
f 3290 3291 3288
f 3289 3293 3290
f 3291 3296 3294
f 3292 3296 3293
f 3294 3287 3274
f 3295 3287 3296
f 3107 3285 3284
f 3108 3285 3109
f 3284 2990 3107
f 3311 3300 3310
f 3311 3301 3302
f 3308 3310 3307
f 3308 3309 3311
f 3305 3307 3304
f 3305 3306 3308
f 3297 3305 3304
f 3299 3303 3305
f 3302 3125 3300
f 3302 3124 3126
f 2988 3300 3125
f 3322 3321 3313
f 3220 3315 3314
f 3316 3317 3315
f 3318 3319 3317
f 3320 3322 3319
f 3316 3220 3221
f 3326 3314 3315
f 3327 3329 3328
f 3336 3338 3337
f 3155 3333 3154
f 3337 3339 3340
f 3330 3341 3329
f 3323 3325 3324
f 3324 3331 3323
f 3331 3335 3336
f 3326 3328 3325
f 3333 3340 3339
f 3343 3346 3344
f 3343 3174 3175
f 3346 3341 3342
f 2986 3334 3155
f 2991 3085 3088
f 3105 3020 3019
f 3058 3023 2995
f 3079 3075 3015
f 2988 3015 3075
f 2995 3023 3006
f 3137 3134 3016
f 3124 3108 3110
f 2998 3063 3047
f 3043 3068 2999
f 3034 3053 2997
f 2992 3047 3142
f 3029 3034 2994
f 2996 2997 3053
f 3029 2993 2986
f 2998 2999 3068
f 3097 3099 3019
f 3041 3151 3152
f 3169 3164 3000
f 3041 3040 3149
f 3160 3148 3146
f 3101 3022 3021
f 3103 3021 3020
f 3007 3102 3104
f 3090 3086 3042
f 3092 3090 3044
f 3094 3092 3045
f 3014 3091 3093
f 3115 3111 3019
f 3021 3118 3115
f 3022 3121 3118
f 3133 3122 3113
f 3130 3140 3018
f 3139 3116 3119
f 3011 3087 3091
f 3083 3081 3017
f 3077 3083 3016
f 3131 3110 3116
f 3136 3119 3122
f 3040 3039 3147
f 3076 3011 3014
f 3082 3014 3013
f 3080 3013 3012
f 3078 3012 3010
f 3140 3137 3017
f 3104 3106 3009
f 3106 3100 3006
f 3170 3169 3002
f 3142 3179 3174
f 3173 3170 3003
f 3167 3173 3004
f 3142 3047 3144
f 3047 3049 3144
f 3049 3050 3040
f 3050 3051 3039
f 3051 3048 3038
f 3034 3029 3032
f 3037 3032 3031
f 3036 3031 3030
f 3035 3030 3028
f 3012 3095 3089
f 3013 3093 3095
f 3088 3094 3046
f 3023 3025 3009
f 3025 3026 3008
f 3026 3027 3007
f 3027 3024 3005
f 3144 3181 3179
f 3150 3163 3177
f 3163 3150 3148
f 3087 3011 3127
f 3011 3076 3077
f 3127 3011 3077
f 3127 3129 3087
f 3129 3128 3086
f 3113 3114 3005
f 3114 3098 3005
f 3129 3086 3087
f 3128 3113 3086
f 3086 3113 3005
f 3005 3024 3086
f 3086 3024 3042
f 3024 3057 3042
f 3042 3057 3052
f 3067 3042 3052
f 3033 3028 3164
f 3028 3000 3164
f 3067 3052 3062
f 3052 3033 3062
f 3038 3048 3145
f 3048 3062 3156
f 3145 3048 3156
f 3164 3156 3033
f 3029 3001 3004
f 3032 3004 3003
f 3031 3003 3002
f 3030 3002 3000
f 3057 3059 3054
f 3059 3060 3055
f 3060 3061 3056
f 3061 3058 3053
f 3063 3068 3071
f 3071 3070 3065
f 3070 3069 3064
f 3069 3067 3062
f 3048 3051 3064
f 3051 3050 3065
f 3050 3049 3066
f 3049 3047 3063
f 3042 3067 3069
f 3044 3069 3070
f 3045 3070 3071
f 3046 3071 3068
f 3024 3027 3059
f 3027 3026 3060
f 3026 3025 3061
f 3025 3023 3058
f 3052 3054 3035
f 3054 3055 3036
f 3055 3056 3037
f 3056 3053 3034
f 3081 3079 3018
f 3083 3077 3076
f 3081 3083 3082
f 3079 3081 3080
f 3079 3078 3074
f 3072 3075 3074
f 2987 3073 3074
f 3090 3091 3087
f 3092 3093 3091
f 3092 3094 3095
f 3088 3089 3095
f 3088 3085 3084
f 2987 3010 3089
f 3101 3102 3005
f 3103 3104 3102
f 3105 3106 3104
f 3099 3100 3106
f 3097 3096 3100
f 3096 2989 3006
f 3111 3115 3117
f 3117 3116 3110
f 3118 3120 3117
f 3120 3119 3116
f 3118 3121 3123
f 3123 3122 3119
f 3121 3098 3114
f 3114 3113 3122
f 3107 3111 3112
f 3112 3110 3108
f 2990 3019 3111
f 3130 3132 3141
f 3141 3132 3131
f 3140 3141 3138
f 3138 3141 3139
f 3137 3138 3135
f 3135 3138 3136
f 3127 3134 3135
f 3129 3135 3133
f 3125 3126 3132
f 3132 3126 3124
f 3130 3015 2988
f 3177 3181 3153
f 3181 3144 3153
f 3146 3147 3038
f 3148 3149 3147
f 3150 3151 3149
f 3153 3152 3151
f 3159 3146 3145
f 3162 3163 3160
f 3169 3170 3171
f 3166 3167 3155
f 3170 3173 3172
f 3176 3177 3163
f 3158 3159 3156
f 3164 3165 3157
f 3164 3169 3168
f 3161 3160 3159
f 3166 3172 3173
f 3181 3180 3178
f 3178 3175 3174
f 3181 3177 3176
f 2986 3155 3167
f 2991 3225 3266
f 3281 3275 3201
f 2995 3205 3240
f 3197 3255 3259
f 3255 3197 2988
f 3188 3205 2995
f 3198 3304 3307
f 3283 3108 3124
f 2998 2992 3229
f 2999 3250 3225
f 2997 3235 3216
f 2992 3143 3312
f 2994 3216 3211
f 3235 2997 2996
f 2986 2993 3211
f 3250 2999 2998
f 3201 3275 3097
f 3321 3320 3223
f 3182 3331 3336
f 3318 3222 3223
f 3327 3326 3315
f 3277 3279 3203
f 3279 3281 3202
f 3189 3190 3280
f 3224 3264 3268
f 3226 3268 3270
f 3227 3270 3272
f 3196 3195 3271
f 3201 3284 3288
f 3203 3202 3288
f 3204 3203 3291
f 3303 3298 3286
f 3200 3310 3300
f 3309 3306 3292
f 3193 3196 3269
f 3199 3261 3263
f 3198 3263 3257
f 3301 3309 3289
f 3306 3303 3295
f 3316 3221 3222
f 3256 3262 3196
f 3262 3260 3195
f 3260 3258 3194
f 3258 3254 3192
f 3199 3307 3310
f 3191 3282 3280
f 3188 3276 3282
f 3184 3336 3337
f 3174 3344 3312
f 3185 3337 3340
f 3186 3340 3334
f 3231 3229 3313
f 3229 3312 3313
f 3222 3232 3231
f 3221 3233 3232
f 3220 3230 3233
f 3216 3219 3214
f 3219 3218 3213
f 3218 3217 3212
f 3217 3215 3210
f 3194 3192 3267
f 3195 3194 3273
f 3228 3272 3266
f 3191 3207 3205
f 3190 3208 3207
f 3189 3209 3208
f 3187 3206 3209
f 3344 3346 3313
f 3319 3322 3342
f 3330 3327 3317
f 3244 3230 3323
f 3230 3220 3314
f 3323 3230 3314
f 3323 3331 3215
f 3331 3182 3210
f 3215 3331 3210
f 3249 3244 3234
f 3244 3323 3215
f 3234 3244 3215
f 3234 3239 3224
f 3249 3234 3224
f 3206 3187 3264
f 3187 3274 3287
f 3239 3206 3224
f 3187 3287 3286
f 3187 3286 3264
f 3264 3224 3206
f 3256 3193 3257
f 3193 3265 3297
f 3265 3264 3299
f 3298 3264 3286
f 3298 3299 3264
f 3299 3297 3265
f 3211 3214 3186
f 3214 3213 3185
f 3213 3212 3184
f 3212 3210 3182
f 3236 3241 3239
f 3237 3242 3241
f 3238 3243 3242
f 3235 3240 3243
f 3245 3248 3253
f 3247 3252 3253
f 3246 3251 3252
f 3244 3249 3251
f 3246 3233 3230
f 3247 3232 3233
f 3248 3231 3232
f 3245 3229 3231
f 3224 3226 3251
f 3226 3227 3252
f 3227 3228 3253
f 3228 3225 3250
f 3241 3209 3206
f 3242 3208 3209
f 3243 3207 3208
f 3240 3205 3207
f 3217 3236 3234
f 3218 3237 3236
f 3219 3238 3237
f 3216 3235 3238
f 3200 3259 3261
f 3263 3262 3256
f 3261 3260 3262
f 3259 3258 3260
f 3254 3258 3259
f 3072 3073 3254
f 2987 3192 3254
f 3265 3269 3268
f 3269 3271 3270
f 3270 3271 3273
f 3273 3267 3266
f 3267 3084 3085
f 3267 3192 2987
f 3187 3278 3277
f 3278 3280 3279
f 3280 3282 3281
f 3282 3276 3275
f 3276 3096 3097
f 3096 3276 3188
f 3284 3285 3290
f 3283 3289 3290
f 3290 3293 3291
f 3289 3292 3293
f 3291 3293 3296
f 3292 3295 3296
f 3294 3296 3287
f 3295 3286 3287
f 3107 3109 3285
f 3108 3283 3285
f 3284 3201 2990
f 3311 3302 3300
f 3311 3309 3301
f 3308 3311 3310
f 3308 3306 3309
f 3305 3308 3307
f 3305 3303 3306
f 3297 3299 3305
f 3299 3298 3303
f 3302 3126 3125
f 3302 3301 3124
f 2988 3197 3300
f 3313 3346 3322
f 3346 3342 3322
f 3220 3316 3315
f 3316 3318 3317
f 3318 3320 3319
f 3320 3321 3322
f 3326 3323 3314
f 3327 3330 3329
f 3336 3335 3338
f 3155 3334 3333
f 3337 3338 3339
f 3330 3342 3341
f 3323 3326 3325
f 3324 3332 3331
f 3331 3332 3335
f 3326 3327 3328
f 3333 3334 3340
f 3343 3345 3346
f 3343 3344 3174
f 3346 3345 3341
f 2986 3183 3334
f 3358 3398 3395
f 3347 3395 3396
f 3443 3427 3402
f 3370 3401 3399
f 3499 3584 3582
f 3401 3363 3393
f 3463 3434 3471
f 3348 3359 3351
f 3351 3360 3350
f 3360 3361 3349
f 3349 3358 3347
f 3352 3354 3359
f 3354 3355 3360
f 3360 3356 3361
f 3361 3353 3358
f 3585 3520 3586
f 3379 3373 3383
f 3383 3374 3382
f 3382 3375 3380
f 3380 3371 3377
f 3363 3383 3368
f 3368 3382 3366
f 3366 3380 3365
f 3365 3377 3362
f 3445 3429 3466
f 3466 3431 3467
f 3467 3432 3469
f 3469 3428 3463
f 3461 3425 3427
f 3396 3454 3347
f 3352 3375 3354
f 3354 3374 3355
f 3355 3373 3356
f 3356 3370 3353
f 3492 3420 3497
f 3497 3419 3495
f 3505 3538 3527
f 3513 3483 3480
f 3488 3413 3486
f 3489 3418 3529
f 3399 3389 3398
f 3534 3436 3542
f 3473 3441 3478
f 3399 3353 3370
f 3392 3393 3384
f 3390 3401 3392
f 3396 3387 3386
f 3387 3398 3389
f 3456 3441 3422
f 3458 3422 3424
f 3589 3434 3591
f 3462 3350 3459
f 3459 3349 3457
f 3457 3347 3454
f 3493 3419 3418
f 3514 3549 3547
f 3363 3532 3535
f 3366 3503 3368
f 3416 3492 3502
f 3475 3589 3476
f 3523 3487 3485
f 3522 3481 3487
f 3484 3413 3411
f 3480 3517 3513
f 3460 3424 3425
f 3386 3477 3396
f 3510 3366 3365
f 3442 3351 3462
f 3445 3407 3404
f 3448 3407 3451
f 3450 3443 3448
f 3453 3448 3451
f 3447 3451 3445
f 3467 3465 3466
f 3469 3468 3467
f 3463 3470 3469
f 3460 3462 3459
f 3458 3459 3457
f 3456 3457 3454
f 3478 3454 3477
f 3464 3471 3472
f 3590 3471 3589
f 3461 3442 3462
f 3478 3474 3473
f 3445 3465 3447
f 3448 3402 3405
f 3507 3365 3362
f 3482 3414 3488
f 3348 3450 3552
f 3359 3354 3360
f 3350 3360 3349
f 3357 3352 3359
f 3497 3491 3492
f 3495 3498 3497
f 3493 3496 3495
f 3489 3494 3493
f 3484 3480 3483
f 3484 3485 3486
f 3486 3487 3488
f 3482 3487 3481
f 3482 3585 3582
f 3492 3501 3502
f 3490 3528 3538
f 3502 3480 3479
f 3479 3411 3409
f 3508 3501 3491
f 3512 3494 3504
f 3368 3506 3363
f 3509 3496 3512
f 3516 3485 3483
f 3465 3572 3573
f 3447 3573 3574
f 3470 3571 3570
f 3491 3509 3508
f 3518 3362 3549
f 3468 3570 3572
f 3508 3510 3507
f 3505 3503 3504
f 3504 3511 3512
f 3509 3511 3510
f 3514 3516 3513
f 3524 3522 3523
f 3515 3523 3516
f 3513 3518 3514
f 3521 3520 3522
f 3517 3507 3518
f 3506 3527 3534
f 3583 3525 3586
f 3504 3490 3505
f 3528 3489 3529
f 3531 3543 3539
f 3534 3541 3533
f 3532 3543 3535
f 3533 3540 3532
f 3527 3530 3436
f 3536 3545 3544
f 3537 3539 3545
f 3530 3528 3529
f 3551 3521 3524
f 3548 3519 3521
f 3547 3515 3514
f 3546 3524 3515
f 3547 3549 3556
f 3552 3450 3568
f 3552 3357 3348
f 3352 3553 3371
f 3377 3371 3553
f 3552 3549 3553
f 3362 3553 3549
f 3412 3440 3417
f 3421 3430 3417
f 3391 3567 3565
f 3430 3426 3423
f 3557 3372 3566
f 3426 3412 3423
f 3444 3560 3562
f 3446 3439 3435
f 3559 3444 3562
f 3452 3449 3446
f 3403 3569 3567
f 3440 3455 3452
f 3555 3378 3558
f 3376 3367 3364
f 3421 3555 3554
f 3378 3381 3385
f 3449 3559 3563
f 3369 3385 3381
f 3566 3391 3565
f 3397 3406 3394
f 3397 3564 3568
f 3406 3403 3400
f 3403 3388 3400
f 3426 3556 3561
f 3364 3421 3417
f 3415 3561 3560
f 3408 3568 3569
f 3372 3388 3391
f 3564 3449 3563
f 3397 3435 3439
f 3558 3385 3557
f 3444 3412 3415
f 3433 3554 3556
f 3572 3570 3603
f 3570 3602 3603
f 3574 3578 3579
f 3573 3577 3578
f 3453 3574 3555
f 3578 3551 3546
f 3579 3546 3547
f 3575 3550 3548
f 3577 3548 3551
f 3574 3554 3555
f 3588 3580 3581
f 3583 3581 3526
f 3519 3588 3583
f 3550 3587 3588
f 3519 3586 3520
f 3582 3500 3499
f 3500 3586 3525
f 3582 3410 3482
f 3594 3587 3576
f 3476 3591 3699
f 3601 3600 3472
f 3593 3580 3587
f 3575 3602 3576
f 3577 3603 3575
f 3605 3601 3607
f 3599 3605 3604
f 3598 3604 3606
f 3597 3598 3606
f 3610 3595 3596
f 3595 3609 3594
f 3592 3609 3608
f 3593 3608 3611
f 3597 3612 3596
f 3596 3612 3610
f 3613 3597 3606
f 3597 3602 3571
f 3571 3598 3597
f 3599 3571 3464
f 3659 3625 3656
f 3656 3614 3657
f 3703 3688 3721
f 3662 3637 3660
f 3832 3499 3830
f 3662 3630 3646
f 3695 3723 3731
f 3615 3626 3624
f 3618 3627 3626
f 3627 3616 3628
f 3616 3625 3628
f 3619 3626 3621
f 3621 3627 3622
f 3627 3623 3622
f 3628 3620 3623
f 3833 3774 3737
f 3646 3640 3637
f 3650 3641 3640
f 3649 3642 3641
f 3647 3638 3642
f 3630 3650 3646
f 3635 3649 3650
f 3633 3647 3649
f 3632 3644 3647
f 3690 3705 3726
f 3692 3726 3727
f 3693 3727 3729
f 3689 3729 3723
f 3721 3686 3720
f 3714 3657 3614
f 3619 3642 3638
f 3621 3641 3642
f 3622 3640 3641
f 3623 3637 3640
f 3681 3748 3753
f 3680 3753 3751
f 3789 3759 3779
f 3739 3767 3736
f 3674 3744 3742
f 3745 3679 3749
f 3660 3389 3390
f 3786 3697 3779
f 3701 3473 3734
f 3620 3660 3637
f 3392 3654 3662
f 3390 3662 3660
f 3387 3657 3386
f 3387 3659 3656
f 3716 3701 3734
f 3718 3683 3716
f 3837 3695 3731
f 3722 3617 3618
f 3719 3616 3617
f 3717 3614 3616
f 3749 3680 3751
f 3799 3768 3797
f 3654 3788 3783
f 3633 3757 3765
f 3670 3735 3756
f 3475 3837 3838
f 3743 3777 3741
f 3737 3776 3743
f 3740 3674 3742
f 3771 3736 3767
f 3720 3685 3718
f 3733 3386 3657
f 3633 3764 3632
f 3702 3618 3615
f 3705 3668 3711
f 3668 3708 3711
f 3710 3703 3702
f 3713 3708 3710
f 3707 3711 3713
f 3725 3727 3726
f 3728 3729 3727
f 3730 3723 3729
f 3720 3722 3721
f 3718 3719 3720
f 3716 3717 3718
f 3734 3714 3716
f 3731 3724 3732
f 3838 3731 3732
f 3721 3702 3703
f 3474 3734 3473
f 3705 3725 3726
f 3708 3663 3703
f 3632 3761 3629
f 3675 3738 3744
f 3710 3615 3802
f 3626 3627 3621
f 3617 3616 3627
f 3624 3626 3619
f 3747 3753 3748
f 3754 3751 3753
f 3752 3749 3751
f 3750 3745 3749
f 3740 3736 3735
f 3741 3740 3742
f 3743 3742 3744
f 3738 3743 3744
f 3833 3738 3830
f 3755 3748 3756
f 3746 3780 3745
f 3736 3756 3735
f 3735 3672 3740
f 3762 3755 3771
f 3766 3750 3752
f 3635 3760 3757
f 3763 3752 3754
f 3741 3770 3739
f 3822 3725 3823
f 3823 3707 3824
f 3821 3730 3820
f 3763 3747 3762
f 3629 3772 3799
f 3820 3728 3822
f 3762 3764 3763
f 3757 3759 3758
f 3765 3758 3766
f 3763 3765 3766
f 3768 3770 3769
f 3778 3776 3775
f 3769 3777 3778
f 3767 3772 3771
f 3775 3774 3773
f 3771 3761 3762
f 3760 3779 3759
f 3831 3525 3526
f 3758 3746 3750
f 3780 3781 3745
f 3783 3794 3787
f 3792 3786 3785
f 3794 3784 3787
f 3791 3785 3784
f 3779 3782 3789
f 3536 3795 3788
f 3788 3790 3783
f 3780 3782 3781
f 3775 3801 3778
f 3773 3798 3775
f 3769 3797 3768
f 3778 3796 3769
f 3806 3799 3797
f 3818 3710 3802
f 3802 3624 3619
f 3803 3619 3638
f 3644 3803 3638
f 3802 3803 3799
f 3803 3629 3799
f 3678 3696 3700
f 3691 3682 3678
f 3817 3653 3815
f 3691 3687 3694
f 3639 3807 3816
f 3673 3687 3684
f 3704 3810 3676
f 3706 3698 3709
f 3809 3704 3715
f 3712 3709 3715
f 3819 3664 3817
f 3700 3715 3704
f 3805 3645 3634
f 3643 3634 3645
f 3805 3682 3804
f 3648 3645 3651
f 3809 3709 3813
f 3636 3651 3639
f 3816 3653 3639
f 3667 3658 3655
f 3814 3658 3818
f 3667 3664 3669
f 3664 3652 3653
f 3806 3687 3811
f 3682 3631 3678
f 3811 3676 3810
f 3818 3669 3819
f 3652 3639 3653
f 3814 3709 3698
f 3658 3696 3655
f 3808 3651 3645
f 3704 3673 3700
f 3804 3694 3806
f 3822 3849 3820
f 3848 3820 3849
f 3828 3824 3829
f 3827 3823 3828
f 3713 3824 3707
f 3801 3828 3796
f 3796 3829 3797
f 3800 3825 3798
f 3798 3827 3801
f 3804 3824 3805
f 3836 3580 3835
f 3831 3581 3836
f 3773 3836 3800
f 3800 3835 3826
f 3773 3834 3831
f 3500 3830 3499
f 3500 3834 3833
f 3671 3830 3738
f 3826 3841 3842
f 3476 3839 3837
f 3847 3601 3732
f 3835 3593 3840
f 3825 3848 3849
f 3827 3849 3822
f 3851 3601 3847
f 3846 3851 3847
f 3845 3850 3846
f 3844 3852 3845
f 3855 3843 3842
f 3854 3842 3841
f 3840 3854 3841
f 3593 3853 3840
f 3856 3844 3843
f 3843 3855 3856
f 3857 3852 3844
f 3848 3844 3821
f 3821 3844 3845
f 3821 3845 3846
f 3358 3353 3398
f 3347 3358 3395
f 3443 3461 3427
f 3370 3379 3401
f 3499 3438 3584
f 3401 3379 3363
f 3463 3428 3434
f 3348 3357 3359
f 3351 3359 3360
f 3349 3361 3358
f 3360 3355 3356
f 3361 3356 3353
f 3585 3481 3520
f 3379 3370 3373
f 3383 3373 3374
f 3382 3374 3375
f 3380 3375 3371
f 3363 3379 3383
f 3368 3383 3382
f 3366 3382 3380
f 3365 3380 3377
f 3445 3404 3429
f 3466 3429 3431
f 3467 3431 3432
f 3469 3432 3428
f 3461 3460 3425
f 3396 3477 3454
f 3352 3371 3375
f 3354 3375 3374
f 3355 3374 3373
f 3356 3373 3370
f 3492 3416 3420
f 3497 3420 3419
f 3505 3490 3538
f 3513 3516 3483
f 3488 3414 3413
f 3489 3493 3418
f 3399 3390 3389
f 3534 3527 3436
f 3473 3437 3441
f 3399 3398 3353
f 3392 3401 3393
f 3390 3399 3401
f 3396 3395 3387
f 3387 3395 3398
f 3456 3478 3441
f 3458 3456 3422
f 3589 3471 3434
f 3462 3351 3350
f 3459 3350 3349
f 3457 3349 3347
f 3493 3495 3419
f 3514 3518 3549
f 3537 3536 3384
f 3393 3363 3531
f 3363 3506 3532
f 3537 3384 3393
f 3531 3537 3393
f 3506 3534 3533
f 3506 3533 3532
f 3535 3531 3363
f 3366 3511 3503
f 3502 3479 3409
f 3409 3416 3502
f 3475 3590 3589
f 3523 3522 3487
f 3522 3520 3481
f 3484 3486 3413
f 3480 3501 3517
f 3460 3458 3424
f 3386 3474 3477
f 3510 3511 3366
f 3442 3348 3351
f 3445 3451 3407
f 3448 3405 3407
f 3450 3442 3443
f 3453 3450 3448
f 3447 3453 3451
f 3467 3468 3465
f 3469 3470 3468
f 3463 3464 3470
f 3460 3461 3462
f 3458 3460 3459
f 3456 3458 3457
f 3478 3456 3454
f 3464 3463 3471
f 3590 3472 3471
f 3461 3443 3442
f 3478 3477 3474
f 3445 3466 3465
f 3448 3443 3402
f 3507 3510 3365
f 3482 3410 3414
f 3348 3442 3450
f 3497 3498 3491
f 3495 3496 3498
f 3493 3494 3496
f 3489 3490 3494
f 3484 3479 3480
f 3484 3483 3485
f 3486 3485 3487
f 3482 3488 3487
f 3482 3481 3585
f 3492 3491 3501
f 3490 3489 3528
f 3502 3501 3480
f 3479 3484 3411
f 3508 3517 3501
f 3512 3496 3494
f 3368 3503 3506
f 3509 3498 3496
f 3516 3523 3485
f 3465 3468 3572
f 3447 3465 3573
f 3470 3464 3571
f 3491 3498 3509
f 3518 3507 3362
f 3468 3470 3570
f 3508 3509 3510
f 3505 3506 3503
f 3504 3503 3511
f 3509 3512 3511
f 3514 3515 3516
f 3524 3521 3522
f 3515 3524 3523
f 3513 3517 3518
f 3521 3519 3520
f 3517 3508 3507
f 3506 3505 3527
f 3583 3526 3525
f 3504 3494 3490
f 3531 3535 3543
f 3534 3542 3541
f 3532 3540 3543
f 3533 3541 3540
f 3527 3538 3530
f 3536 3537 3545
f 3537 3531 3539
f 3530 3538 3528
f 3551 3548 3521
f 3548 3550 3519
f 3547 3546 3515
f 3546 3551 3524
f 3554 3579 3556
f 3579 3547 3556
f 3561 3556 3549
f 3453 3555 3558
f 3453 3558 3557
f 3561 3549 3560
f 3549 3552 3562
f 3560 3549 3562
f 3450 3453 3565
f 3453 3557 3566
f 3453 3566 3565
f 3559 3562 3552
f 3450 3565 3567
f 3563 3559 3552
f 3564 3563 3552
f 3450 3567 3569
f 3568 3564 3552
f 3450 3569 3568
f 3552 3352 3357
f 3352 3552 3553
f 3362 3377 3553
f 3440 3452 3435
f 3452 3446 3435
f 3435 3394 3417
f 3440 3435 3417
f 3394 3406 3400
f 3400 3388 3394
f 3388 3369 3394
f 3369 3381 3364
f 3381 3376 3364
f 3364 3417 3394
f 3369 3364 3394
f 3417 3430 3423
f 3423 3412 3417
f 3421 3433 3430
f 3391 3403 3567
f 3430 3433 3426
f 3557 3385 3372
f 3426 3415 3412
f 3444 3415 3560
f 3446 3449 3439
f 3559 3455 3444
f 3452 3455 3449
f 3403 3408 3569
f 3440 3444 3455
f 3555 3367 3378
f 3376 3378 3367
f 3421 3367 3555
f 3378 3376 3381
f 3449 3455 3559
f 3369 3372 3385
f 3566 3372 3391
f 3397 3408 3406
f 3397 3439 3564
f 3406 3408 3403
f 3403 3391 3388
f 3426 3433 3556
f 3364 3367 3421
f 3415 3426 3561
f 3408 3397 3568
f 3372 3369 3388
f 3564 3439 3449
f 3397 3394 3435
f 3558 3378 3385
f 3444 3440 3412
f 3433 3421 3554
f 3570 3571 3602
f 3574 3573 3578
f 3573 3572 3577
f 3453 3447 3574
f 3578 3577 3551
f 3579 3578 3546
f 3575 3576 3550
f 3577 3575 3548
f 3574 3579 3554
f 3588 3587 3580
f 3583 3588 3581
f 3519 3550 3588
f 3550 3576 3587
f 3519 3583 3586
f 3582 3585 3500
f 3500 3585 3586
f 3582 3584 3410
f 3576 3602 3595
f 3602 3596 3595
f 3595 3594 3576
f 3476 3589 3591
f 3590 3475 3601
f 3600 3599 3472
f 3590 3601 3472
f 3587 3594 3592
f 3592 3593 3587
f 3575 3603 3602
f 3577 3572 3603
f 3605 3600 3601
f 3599 3600 3605
f 3598 3599 3604
f 3595 3610 3609
f 3592 3594 3609
f 3593 3592 3608
f 3597 3613 3612
f 3597 3596 3602
f 3464 3472 3599
f 3599 3598 3571
f 3659 3620 3625
f 3656 3625 3614
f 3703 3663 3688
f 3662 3646 3637
f 3832 3438 3499
f 3662 3654 3630
f 3695 3689 3723
f 3615 3618 3626
f 3618 3617 3627
f 3616 3614 3625
f 3627 3628 3623
f 3628 3625 3620
f 3833 3834 3774
f 3646 3650 3640
f 3650 3649 3641
f 3649 3647 3642
f 3647 3644 3638
f 3630 3635 3650
f 3635 3633 3649
f 3633 3632 3647
f 3632 3629 3644
f 3690 3665 3705
f 3692 3690 3726
f 3693 3692 3727
f 3689 3693 3729
f 3721 3688 3686
f 3714 3733 3657
f 3619 3621 3642
f 3621 3622 3641
f 3622 3623 3640
f 3623 3620 3637
f 3681 3677 3748
f 3680 3681 3753
f 3789 3746 3759
f 3739 3770 3767
f 3674 3675 3744
f 3745 3781 3679
f 3660 3659 3389
f 3786 3793 3697
f 3701 3437 3473
f 3620 3659 3660
f 3392 3384 3654
f 3390 3392 3662
f 3387 3656 3657
f 3387 3389 3659
f 3716 3683 3701
f 3718 3685 3683
f 3837 3839 3695
f 3722 3719 3617
f 3719 3717 3616
f 3717 3714 3614
f 3749 3679 3680
f 3799 3772 3768
f 3785 3786 3760
f 3760 3630 3784
f 3630 3654 3783
f 3784 3630 3787
f 3654 3384 3788
f 3384 3536 3788
f 3785 3760 3784
f 3787 3630 3783
f 3633 3635 3757
f 3756 3748 3677
f 3677 3670 3756
f 3475 3476 3837
f 3743 3776 3777
f 3737 3774 3776
f 3740 3672 3674
f 3771 3755 3736
f 3720 3686 3685
f 3733 3474 3386
f 3633 3765 3764
f 3702 3722 3618
f 3705 3665 3668
f 3668 3666 3708
f 3710 3708 3703
f 3713 3711 3708
f 3707 3705 3711
f 3725 3728 3727
f 3728 3730 3729
f 3730 3724 3723
f 3720 3719 3722
f 3718 3717 3719
f 3716 3714 3717
f 3734 3733 3714
f 3731 3723 3724
f 3838 3837 3731
f 3721 3722 3702
f 3474 3733 3734
f 3705 3707 3725
f 3708 3666 3663
f 3632 3764 3761
f 3675 3671 3738
f 3710 3702 3615
f 3747 3754 3753
f 3754 3752 3751
f 3752 3750 3749
f 3750 3746 3745
f 3740 3739 3736
f 3741 3739 3740
f 3743 3741 3742
f 3738 3737 3743
f 3833 3737 3738
f 3755 3747 3748
f 3746 3789 3780
f 3736 3755 3756
f 3735 3670 3672
f 3762 3747 3755
f 3766 3758 3750
f 3635 3630 3760
f 3763 3766 3752
f 3741 3777 3770
f 3822 3728 3725
f 3823 3725 3707
f 3821 3724 3730
f 3763 3754 3747
f 3629 3761 3772
f 3820 3730 3728
f 3762 3761 3764
f 3757 3760 3759
f 3765 3757 3758
f 3763 3764 3765
f 3768 3767 3770
f 3778 3777 3776
f 3769 3770 3777
f 3767 3768 3772
f 3775 3776 3774
f 3771 3772 3761
f 3760 3786 3779
f 3831 3834 3525
f 3758 3759 3746
f 3783 3790 3794
f 3792 3793 3786
f 3794 3791 3784
f 3791 3792 3785
f 3779 3697 3782
f 3536 3544 3795
f 3788 3795 3790
f 3780 3789 3782
f 3775 3798 3801
f 3773 3800 3798
f 3769 3796 3797
f 3778 3801 3796
f 3797 3829 3806
f 3829 3804 3806
f 3808 3805 3713
f 3799 3806 3811
f 3799 3811 3810
f 3808 3713 3807
f 3713 3710 3815
f 3807 3713 3816
f 3816 3713 3815
f 3802 3799 3812
f 3799 3810 3812
f 3802 3812 3809
f 3802 3809 3813
f 3817 3815 3710
f 3819 3817 3710
f 3802 3813 3814
f 3818 3819 3710
f 3802 3814 3818
f 3802 3615 3624
f 3803 3802 3619
f 3803 3644 3629
f 3706 3712 3696
f 3712 3700 3696
f 3678 3700 3673
f 3673 3684 3678
f 3684 3691 3678
f 3678 3631 3655
f 3631 3643 3648
f 3655 3631 3636
f 3648 3636 3631
f 3655 3636 3652
f 3652 3661 3655
f 3661 3667 3655
f 3655 3696 3678
f 3691 3694 3682
f 3817 3664 3653
f 3691 3684 3687
f 3639 3651 3807
f 3673 3676 3687
f 3704 3812 3810
f 3706 3696 3698
f 3809 3812 3704
f 3712 3706 3709
f 3819 3669 3664
f 3700 3712 3715
f 3805 3808 3645
f 3643 3631 3634
f 3805 3634 3682
f 3648 3643 3645
f 3809 3715 3709
f 3636 3648 3651
f 3816 3815 3653
f 3667 3669 3658
f 3814 3698 3658
f 3667 3661 3664
f 3664 3661 3652
f 3806 3694 3687
f 3682 3634 3631
f 3811 3687 3676
f 3818 3658 3669
f 3652 3636 3639
f 3814 3813 3709
f 3658 3698 3696
f 3808 3807 3651
f 3704 3676 3673
f 3804 3682 3694
f 3848 3821 3820
f 3828 3823 3824
f 3827 3822 3823
f 3713 3805 3824
f 3801 3827 3828
f 3796 3828 3829
f 3800 3826 3825
f 3798 3825 3827
f 3804 3829 3824
f 3836 3581 3580
f 3831 3526 3581
f 3773 3831 3836
f 3800 3836 3835
f 3773 3774 3834
f 3500 3833 3830
f 3500 3525 3834
f 3671 3832 3830
f 3843 3848 3842
f 3848 3826 3842
f 3826 3835 3841
f 3476 3699 3839
f 3601 3475 3838
f 3838 3732 3601
f 3732 3846 3847
f 3840 3841 3835
f 3835 3580 3593
f 3825 3826 3848
f 3827 3825 3849
f 3851 3607 3601
f 3846 3850 3851
f 3845 3852 3850
f 3854 3855 3842
f 3840 3853 3854
f 3593 3611 3853
f 3856 3857 3844
f 3848 3843 3844
f 3846 3732 3724
f 3724 3821 3846
f 3881 3862 3861
f 3883 3863 3862
f 3885 3864 3863
f 3889 3864 3887
f 3889 3866 3865
f 3893 3866 3891
f 3893 3868 3867
f 3897 3868 3895
f 3899 3869 3897
f 3901 3870 3899
f 3903 3871 3901
f 3903 3873 3872
f 3875 3873 3905
f 3879 3859 3877
f 3879 3861 3860
f 3877 3874 3876
f 3879 3876 3878
f 3881 3878 3880
f 3881 3882 3883
f 3885 3882 3884
f 3885 3886 3887
f 3887 3888 3889
f 3889 3890 3891
f 3891 3892 3893
f 3893 3894 3895
f 3895 3896 3897
f 3897 3898 3899
f 3901 3898 3900
f 3903 3900 3902
f 3903 3904 3905
f 3875 3904 3874
f 3906 3892 3890
f 3875 3859 3858
f 3909 3892 3906
f 3909 3896 3894
f 3912 3900 3898
f 3907 3888 3886
f 3910 3906 3907
f 3910 3912 3909
f 3913 3900 3912
f 3884 3907 3886
f 3908 3910 3907
f 3914 3910 3911
f 3904 3913 3914
f 3882 3880 3908
f 3880 3911 3908
f 3876 3911 3878
f 3874 3904 3914
f 3888 3906 3890
f 3884 3882 3908
f 3876 3874 3914
f 3896 3912 3898
f 3916 3917 3915
f 3918 3919 3917
f 3919 3922 3921
f 3922 3923 3921
f 3924 3925 3923
f 3926 3927 3925
f 3928 3929 3927
f 3930 3931 3929
f 3932 3933 3931
f 3933 3936 3935
f 3936 3937 3935
f 3938 3939 3937
f 3940 3941 3939
f 3942 3943 3941
f 3920 3944 3936
f 3944 3945 3943
f 3945 3916 3915
f 3945 3921 3929
f 3947 3950 3949
f 3949 3952 3951
f 3951 3954 3953
f 3953 3956 3955
f 3955 3958 3957
f 3957 3960 3959
f 3959 3962 3961
f 3962 3963 3961
f 3964 3965 3963
f 3966 3967 3965
f 3968 3969 3967
f 3970 3971 3969
f 3972 3973 3971
f 3974 3975 3973
f 3968 3960 3952
f 3976 3977 3975
f 3977 3948 3947
f 3953 3961 3969
f 3979 3982 3981
f 3981 3984 3983
f 3983 3986 3985
f 3985 3988 3987
f 3987 3990 3989
f 3989 3992 3991
f 3991 3994 3993
f 3994 3995 3993
f 3996 3997 3995
f 3998 3999 3997
f 4000 4001 3999
f 4002 4003 4001
f 4004 4005 4003
f 4006 4007 4005
f 3984 4008 4000
f 4008 4009 4007
f 4010 3979 4009
f 3993 4001 4009
f 3881 3883 3862
f 3883 3885 3863
f 3885 3887 3864
f 3889 3865 3864
f 3889 3891 3866
f 3893 3867 3866
f 3893 3895 3868
f 3897 3869 3868
f 3899 3870 3869
f 3901 3871 3870
f 3903 3872 3871
f 3903 3905 3873
f 3875 3858 3873
f 3879 3860 3859
f 3879 3881 3861
f 3877 3875 3874
f 3879 3877 3876
f 3881 3879 3878
f 3881 3880 3882
f 3885 3883 3882
f 3885 3884 3886
f 3887 3886 3888
f 3889 3888 3890
f 3891 3890 3892
f 3893 3892 3894
f 3895 3894 3896
f 3897 3896 3898
f 3901 3899 3898
f 3903 3901 3900
f 3903 3902 3904
f 3875 3905 3904
f 3875 3877 3859
f 3909 3894 3892
f 3909 3912 3896
f 3907 3906 3888
f 3910 3909 3906
f 3910 3913 3912
f 3913 3902 3900
f 3884 3908 3907
f 3908 3911 3910
f 3914 3913 3910
f 3904 3902 3913
f 3880 3878 3911
f 3876 3914 3911
f 3916 3918 3917
f 3918 3920 3919
f 3919 3920 3922
f 3922 3924 3923
f 3924 3926 3925
f 3926 3928 3927
f 3928 3930 3929
f 3930 3932 3931
f 3932 3934 3933
f 3933 3934 3936
f 3936 3938 3937
f 3938 3940 3939
f 3940 3942 3941
f 3942 3944 3943
f 3920 3918 3944
f 3918 3916 3944
f 3916 3946 3944
f 3944 3942 3936
f 3942 3940 3936
f 3940 3938 3936
f 3936 3934 3932
f 3932 3930 3928
f 3928 3926 3924
f 3924 3922 3920
f 3936 3932 3920
f 3932 3928 3920
f 3928 3924 3920
f 3944 3946 3945
f 3945 3946 3916
f 3945 3915 3921
f 3915 3917 3921
f 3917 3919 3921
f 3921 3923 3925
f 3925 3927 3921
f 3927 3929 3921
f 3929 3931 3933
f 3933 3935 3929
f 3935 3937 3929
f 3937 3939 3941
f 3941 3943 3945
f 3937 3941 3929
f 3941 3945 3929
f 3947 3948 3950
f 3949 3950 3952
f 3951 3952 3954
f 3953 3954 3956
f 3955 3956 3958
f 3957 3958 3960
f 3959 3960 3962
f 3962 3964 3963
f 3964 3966 3965
f 3966 3968 3967
f 3968 3970 3969
f 3970 3972 3971
f 3972 3974 3973
f 3974 3976 3975
f 3952 3950 3948
f 3948 3978 3952
f 3978 3976 3952
f 3976 3974 3972
f 3972 3970 3976
f 3970 3968 3976
f 3968 3966 3964
f 3964 3962 3968
f 3962 3960 3968
f 3960 3958 3956
f 3956 3954 3952
f 3960 3956 3952
f 3952 3976 3968
f 3976 3978 3977
f 3977 3978 3948
f 3977 3947 3949
f 3949 3951 3953
f 3953 3955 3957
f 3957 3959 3961
f 3961 3963 3969
f 3963 3965 3969
f 3965 3967 3969
f 3969 3971 3977
f 3971 3973 3977
f 3973 3975 3977
f 3977 3949 3953
f 3953 3957 3961
f 3977 3953 3969
f 3979 3980 3982
f 3981 3982 3984
f 3983 3984 3986
f 3985 3986 3988
f 3987 3988 3990
f 3989 3990 3992
f 3991 3992 3994
f 3994 3996 3995
f 3996 3998 3997
f 3998 4000 3999
f 4000 4002 4001
f 4002 4004 4003
f 4004 4006 4005
f 4006 4008 4007
f 3984 3982 4008
f 3982 3980 4008
f 3980 4010 4008
f 4008 4006 4004
f 4004 4002 4000
f 4000 3998 3996
f 3996 3994 3992
f 3992 3990 3988
f 3988 3986 3984
f 4008 4004 4000
f 4000 3996 3992
f 3992 3988 4000
f 3988 3984 4000
f 4008 4010 4009
f 4010 3980 3979
f 4009 3979 3981
f 3981 3983 3985
f 3985 3987 3989
f 3989 3991 3985
f 3991 3993 3985
f 3993 3995 3997
f 3997 3999 4001
f 4001 4003 4005
f 4005 4007 4009
f 4009 3981 3993
f 3981 3985 3993
f 3993 3997 4001
f 4001 4005 4009
f 4028 4011 4036
f 4091 4011 4089
f 4075 4077 4065
f 4037 4024 4031
f 4042 4148 4147
f 4015 4031 4014
f 4019 4036 4018
f 4061 4049 4057
f 4095 4042 4041
f 4197 4224 4196
f 4026 4283 4285
f 4042 4040 4047
f 4062 4053 4064
f 4053 4054 4058
f 4084 4081 4059
f 4078 4080 4060
f 4067 4071 4070
f 4049 4040 4045
f 4041 4082 4058
f 4067 4085 4071
f 4064 4072 4087
f 4064 4087 4088
f 4017 4082 4041
f 4021 4084 4017
f 4081 4029 4075
f 4033 4075 4029
f 4039 4088 4087
f 4070 4071 4085
f 4048 4070 4044
f 4048 4078 4069
f 4050 4080 4078
f 4051 4079 4080
f 4039 4033 4041
f 4030 4089 4092
f 4022 4027 4095
f 4020 4038 4022
f 4022 4034 4027
f 4034 4095 4027
f 4030 4091 4089
f 4016 4237 4238
f 4016 4200 4296
f 4013 4199 4237
f 4016 4295 4013
f 4025 4239 4240
f 4025 4202 4299
f 4023 4201 4239
f 4025 4297 4023
f 4035 4241 4242
f 4035 4204 4301
f 4032 4203 4241
f 4035 4298 4032
f 4046 4243 4244
f 4046 4206 4302
f 4043 4205 4243
f 4046 4300 4043
f 4056 4245 4246
f 4056 4208 4276
f 4207 4052 4275
f 4056 4275 4052
f 4066 4247 4248
f 4066 4210 4278
f 4209 4063 4279
f 4066 4279 4063
f 4076 4249 4250
f 4076 4212 4282
f 4211 4073 4277
f 4076 4277 4073
f 4086 4251 4252
f 4086 4214 4280
f 4213 4083 4281
f 4086 4281 4083
f 4096 4254 4255
f 4096 4216 4285
f 4215 4093 4283
f 4096 4283 4093
f 4098 4256 4253
f 4098 4218 4287
f 4217 4097 4284
f 4098 4284 4097
f 4100 4191 4192
f 4100 4220 4289
f 4219 4099 4286
f 4100 4286 4099
f 4102 4193 4194
f 4102 4222 4290
f 4221 4101 4288
f 4102 4288 4101
f 4104 4195 4196
f 4104 4224 4292
f 4223 4103 4291
f 4104 4291 4103
f 4106 4197 4198
f 4106 4226 4293
f 4225 4105 4294
f 4106 4294 4105
f 4107 4236 4235
f 4108 4155 4236
f 4107 4156 4135
f 4107 4137 4108
f 4109 4258 4257
f 4110 4158 4258
f 4109 4157 4136
f 4109 4143 4110
f 4111 4260 4259
f 4112 4160 4260
f 4111 4159 4139
f 4111 4138 4112
f 4113 4262 4261
f 4114 4162 4262
f 4113 4161 4140
f 4113 4141 4114
f 4115 4264 4263
f 4116 4163 4264
f 4115 4170 4142
f 4115 4144 4116
f 4117 4266 4265
f 4118 4165 4266
f 4117 4164 4145
f 4117 4146 4118
f 4119 4268 4267
f 4120 4167 4268
f 4119 4166 4147
f 4119 4148 4120
f 4121 4270 4269
f 4122 4169 4270
f 4121 4168 4154
f 4121 4150 4122
f 4123 4272 4271
f 4124 4171 4272
f 4123 4172 4149
f 4123 4151 4124
f 4125 4274 4273
f 4126 4175 4274
f 4125 4173 4152
f 4125 4153 4126
f 4127 4234 4233
f 4128 4178 4234
f 4127 4174 4176
f 4127 4177 4128
f 4129 4231 4230
f 4130 4179 4231
f 4129 4190 4180
f 4129 4184 4130
f 4131 4229 4232
f 4132 4182 4229
f 4131 4181 4183
f 4131 4186 4132
f 4133 4227 4228
f 4134 4187 4227
f 4133 4189 4185
f 4133 4188 4134
f 4028 4012 4011
f 4091 4090 4015
f 4015 4014 4091
f 4014 4011 4091
f 4011 4012 4089
f 4012 4092 4089
f 4077 4072 4065
f 4065 4055 4075
f 4055 4059 4074
f 4075 4055 4074
f 4037 4026 4024
f 4140 4161 4160
f 4140 4160 4138
f 4170 4162 4141
f 4142 4170 4141
f 4164 4163 4144
f 4145 4164 4144
f 4166 4165 4146
f 4147 4166 4146
f 4168 4167 4148
f 4154 4168 4148
f 4172 4169 4150
f 4149 4172 4150
f 4173 4171 4151
f 4152 4173 4151
f 4174 4175 4153
f 4176 4174 4153
f 4190 4178 4177
f 4180 4190 4177
f 4181 4179 4184
f 4183 4181 4184
f 4189 4182 4186
f 4185 4189 4186
f 4018 4187 4188
f 4019 4018 4188
f 4156 4040 4135
f 4040 4042 4135
f 4042 4019 4148
f 4019 4188 4185
f 4019 4185 4186
f 4137 4135 4042
f 4157 4155 4137
f 4136 4157 4137
f 4019 4186 4183
f 4019 4183 4184
f 4136 4137 4042
f 4159 4158 4143
f 4143 4136 4042
f 4019 4184 4180
f 4019 4180 4177
f 4139 4159 4143
f 4019 4177 4176
f 4019 4176 4153
f 4139 4143 4042
f 4138 4139 4042
f 4019 4153 4152
f 4019 4152 4151
f 4140 4138 4042
f 4141 4140 4042
f 4019 4151 4149
f 4019 4149 4150
f 4142 4141 4042
f 4144 4142 4042
f 4019 4150 4154
f 4019 4154 4148
f 4145 4144 4042
f 4146 4145 4042
f 4147 4146 4042
f 4015 4037 4031
f 4019 4028 4036
f 4057 4060 4061
f 4061 4047 4049
f 4094 4092 4028
f 4092 4012 4028
f 4028 4019 4094
f 4019 4042 4094
f 4015 4090 4037
f 4090 4095 4037
f 4095 4094 4042
f 4041 4026 4095
f 4026 4037 4095
f 4215 4214 4252
f 4251 4213 4212
f 4254 4215 4252
f 4251 4212 4250
f 4249 4211 4210
f 4249 4210 4248
f 4247 4209 4208
f 4247 4208 4246
f 4245 4207 4206
f 4245 4206 4244
f 4243 4205 4204
f 4243 4204 4242
f 4241 4203 4202
f 4241 4202 4240
f 4239 4201 4200
f 4239 4200 4238
f 4237 4199 4045
f 4045 4040 4235
f 4040 4156 4235
f 4237 4045 4235
f 4236 4155 4157
f 4237 4235 4236
f 4238 4237 4236
f 4236 4157 4257
f 4258 4158 4159
f 4238 4236 4257
f 4258 4159 4259
f 4238 4257 4239
f 4257 4258 4239
f 4239 4258 4240
f 4258 4259 4240
f 4260 4160 4161
f 4240 4259 4241
f 4259 4260 4241
f 4260 4161 4261
f 4262 4162 4170
f 4241 4260 4242
f 4260 4261 4242
f 4262 4170 4263
f 4261 4262 4243
f 4242 4261 4243
f 4262 4263 4244
f 4243 4262 4244
f 4264 4163 4164
f 4263 4264 4245
f 4244 4263 4245
f 4264 4164 4265
f 4266 4165 4166
f 4264 4265 4246
f 4245 4264 4246
f 4266 4166 4267
f 4265 4266 4247
f 4246 4265 4247
f 4266 4267 4248
f 4247 4266 4248
f 4268 4167 4168
f 4267 4268 4249
f 4248 4267 4249
f 4268 4168 4269
f 4270 4169 4172
f 4268 4269 4250
f 4270 4172 4271
f 4269 4270 4251
f 4249 4268 4250
f 4270 4271 4252
f 4250 4269 4251
f 4272 4171 4173
f 4271 4272 4254
f 4251 4270 4252
f 4272 4173 4273
f 4274 4175 4174
f 4272 4273 4255
f 4274 4174 4233
f 4252 4271 4254
f 4273 4274 4256
f 4254 4272 4255
f 4274 4233 4253
f 4234 4178 4190
f 4255 4273 4256
f 4233 4234 4191
f 4234 4190 4230
f 4231 4179 4181
f 4256 4274 4253
f 4234 4230 4192
f 4231 4181 4232
f 4230 4231 4193
f 4253 4233 4191
f 4217 4216 4255
f 4231 4232 4194
f 4191 4234 4192
f 4256 4217 4255
f 4219 4218 4253
f 4191 4219 4253
f 4229 4182 4189
f 4192 4230 4193
f 4232 4229 4195
f 4229 4189 4228
f 4227 4187 4018
f 4193 4231 4194
f 4229 4228 4196
f 4227 4018 4036
f 4228 4227 4036
f 4194 4232 4195
f 4221 4220 4192
f 4036 4011 4014
f 4195 4229 4196
f 4193 4221 4192
f 4223 4222 4194
f 4195 4223 4194
f 4036 4014 4031
f 4031 4024 4198
f 4024 4226 4198
f 4196 4228 4197
f 4036 4031 4197
f 4197 4228 4036
f 4031 4198 4197
f 4197 4225 4224
f 4285 4216 4217
f 4285 4217 4284
f 4214 4215 4283
f 4280 4214 4283
f 4212 4213 4281
f 4282 4212 4281
f 4210 4211 4277
f 4278 4210 4277
f 4208 4209 4279
f 4276 4208 4279
f 4206 4207 4275
f 4302 4206 4275
f 4204 4205 4300
f 4301 4204 4300
f 4202 4203 4298
f 4299 4202 4298
f 4200 4201 4297
f 4296 4200 4297
f 4045 4199 4295
f 4041 4045 4295
f 4226 4024 4293
f 4024 4026 4293
f 4026 4041 4282
f 4041 4295 4296
f 4041 4296 4297
f 4294 4293 4026
f 4224 4225 4294
f 4292 4224 4294
f 4041 4297 4299
f 4041 4299 4298
f 4292 4294 4026
f 4222 4223 4291
f 4291 4292 4026
f 4041 4298 4301
f 4041 4301 4300
f 4290 4222 4291
f 4041 4300 4302
f 4041 4302 4275
f 4290 4291 4026
f 4220 4221 4288
f 4288 4290 4026
f 4041 4275 4276
f 4041 4276 4279
f 4289 4220 4288
f 4041 4279 4278
f 4041 4278 4277
f 4289 4288 4026
f 4218 4219 4286
f 4286 4289 4026
f 4041 4277 4282
f 4287 4218 4286
f 4026 4282 4281
f 4026 4281 4280
f 4287 4286 4026
f 4284 4287 4026
f 4026 4280 4283
f 4285 4284 4026
f 4047 4061 4042
f 4061 4079 4042
f 4062 4067 4057
f 4057 4049 4062
f 4049 4053 4062
f 4053 4055 4064
f 4055 4065 4064
f 4058 4059 4055
f 4055 4053 4058
f 4081 4074 4059
f 4059 4058 4084
f 4058 4082 4084
f 4080 4079 4061
f 4061 4060 4080
f 4060 4068 4078
f 4069 4068 4057
f 4068 4060 4057
f 4057 4067 4069
f 4069 4067 4070
f 4054 4053 4045
f 4053 4049 4045
f 4049 4047 4040
f 4058 4054 4041
f 4054 4045 4041
f 4067 4062 4085
f 4064 4065 4072
f 4088 4085 4062
f 4062 4064 4088
f 4017 4084 4082
f 4021 4081 4084
f 4075 4074 4081
f 4081 4021 4029
f 4033 4077 4075
f 4087 4072 4077
f 4077 4033 4087
f 4033 4039 4087
f 4085 4088 4039
f 4039 4044 4085
f 4044 4070 4085
f 4048 4069 4070
f 4050 4078 4048
f 4078 4068 4069
f 4050 4051 4080
f 4051 4042 4079
f 4033 4029 4041
f 4029 4021 4041
f 4021 4017 4041
f 4041 4042 4039
f 4042 4051 4050
f 4039 4042 4044
f 4050 4048 4042
f 4048 4044 4042
f 4092 4094 4030
f 4094 4034 4038
f 4030 4094 4038
f 4095 4090 4020
f 4090 4091 4020
f 4020 4022 4095
f 4020 4030 4038
f 4022 4038 4034
f 4034 4094 4095
f 4030 4020 4091
f 4016 4013 4237
f 4016 4238 4200
f 4013 4295 4199
f 4016 4296 4295
f 4025 4023 4239
f 4025 4240 4202
f 4023 4297 4201
f 4025 4299 4297
f 4035 4032 4241
f 4035 4242 4204
f 4032 4298 4203
f 4035 4301 4298
f 4046 4043 4243
f 4046 4244 4206
f 4043 4300 4205
f 4046 4302 4300
f 4056 4052 4245
f 4056 4246 4208
f 4207 4245 4052
f 4056 4276 4275
f 4066 4063 4247
f 4066 4248 4210
f 4209 4247 4063
f 4066 4278 4279
f 4076 4073 4249
f 4076 4250 4212
f 4211 4249 4073
f 4076 4282 4277
f 4086 4083 4251
f 4086 4252 4214
f 4213 4251 4083
f 4086 4280 4281
f 4096 4093 4254
f 4096 4255 4216
f 4215 4254 4093
f 4096 4285 4283
f 4098 4097 4256
f 4098 4253 4218
f 4217 4256 4097
f 4098 4287 4284
f 4100 4099 4191
f 4100 4192 4220
f 4219 4191 4099
f 4100 4289 4286
f 4102 4101 4193
f 4102 4194 4222
f 4221 4193 4101
f 4102 4290 4288
f 4104 4103 4195
f 4104 4196 4224
f 4223 4195 4103
f 4104 4292 4291
f 4106 4105 4197
f 4106 4198 4226
f 4225 4197 4105
f 4106 4293 4294
f 4107 4108 4236
f 4108 4137 4155
f 4107 4235 4156
f 4107 4135 4137
f 4109 4110 4258
f 4110 4143 4158
f 4109 4257 4157
f 4109 4136 4143
f 4111 4112 4260
f 4112 4138 4160
f 4111 4259 4159
f 4111 4139 4138
f 4113 4114 4262
f 4114 4141 4162
f 4113 4261 4161
f 4113 4140 4141
f 4115 4116 4264
f 4116 4144 4163
f 4115 4263 4170
f 4115 4142 4144
f 4117 4118 4266
f 4118 4146 4165
f 4117 4265 4164
f 4117 4145 4146
f 4119 4120 4268
f 4120 4148 4167
f 4119 4267 4166
f 4119 4147 4148
f 4121 4122 4270
f 4122 4150 4169
f 4121 4269 4168
f 4121 4154 4150
f 4123 4124 4272
f 4124 4151 4171
f 4123 4271 4172
f 4123 4149 4151
f 4125 4126 4274
f 4126 4153 4175
f 4125 4273 4173
f 4125 4152 4153
f 4127 4128 4234
f 4128 4177 4178
f 4127 4233 4174
f 4127 4176 4177
f 4129 4130 4231
f 4130 4184 4179
f 4129 4230 4190
f 4129 4180 4184
f 4131 4132 4229
f 4132 4186 4182
f 4131 4232 4181
f 4131 4183 4186
f 4133 4134 4227
f 4134 4188 4187
f 4133 4228 4189
f 4133 4185 4188
f 4304 4303 4305
f 4306 4305 4307
f 4308 4307 4309
f 4310 4309 4311
f 4312 4311 4313
f 4314 4313 4315
f 4316 4315 4317
f 4318 4317 4319
f 4320 4319 4321
f 4322 4321 4323
f 4324 4323 4325
f 4326 4325 4303
f 4317 4325 4321
f 4304 4305 4306
f 4306 4307 4308
f 4308 4309 4310
f 4310 4311 4312
f 4312 4313 4314
f 4314 4315 4316
f 4316 4317 4318
f 4318 4319 4320
f 4320 4321 4322
f 4322 4323 4324
f 4324 4325 4326
f 4326 4303 4304
f 4325 4305 4303
f 4305 4309 4307
f 4309 4313 4311
f 4313 4317 4315
f 4317 4321 4319
f 4321 4325 4323
f 4325 4317 4305
f 4305 4317 4309
f 4309 4317 4313
f 4360 5097 4388
f 4380 4403 4382
f 4377 4405 4387
f 5091 4402 4329
f 4362 4365 4366
f 4370 4371 4372
f 4350 4359 4349
f 4343 4396 4398
f 4395 4396 4392
f 4373 4372 4371
f 4360 4357 4359
f 4327 4682 4680
f 4397 4395 4393
f 4377 4349 4375
f 4400 4404 4403
f 4366 4367 4368
f 4352 4347 4351
f 4358 4355 4357
f 4378 4375 4376
f 4379 4361 4362
f 4354 4351 4353
f 5100 4378 4396
f 4367 4357 4347
f 4330 4329 4328
f 4380 4381 4379
f 4378 4392 4396
f 4384 4375 4381
f 4368 4369 4370
f 4344 4380 4379
f 4385 4384 4382
f 4394 4393 4395
f 4356 4353 4355
f 4404 4399 4402
f 4374 4363 4364
f 4363 4348 4364
f 4376 5092 4394
f 4402 4385 4404
f 4407 4346 4718
f 4693 4333 4407
f 4333 4696 4407
f 4407 4401 4743
f 4731 5098 4334
f 4331 4693 4407
f 4718 4332 4407
f 4734 5056 4362
f 4352 5093 4390
f 4408 4731 4736
f 4332 4331 4407
f 4370 4391 4368
f 4372 5095 4370
f 4390 4348 4352
f 5099 4364 4348
f 4389 4356 4358
f 4743 4400 4698
f 4408 4368 4391
f 5094 4374 4386
f 4354 5096 5093
f 4386 4364 4406
f 4388 4358 4360
f 4380 4698 4400
f 4398 4702 4343
f 4387 4350 4377
f 4399 4345 4328
f 4413 4411 4410
f 4583 4413 4410
f 4586 4411 4415
f 4413 4584 4589
f 4801 4824 4833
f 4855 4815 4844
f 4620 4618 4787
f 4842 4767 4843
f 4565 4612 4557
f 4560 4475 4470
f 4823 4530 4522
f 4821 4856 4869
f 4797 4859 4883
f 4993 4996 4881
f 4428 4441 4436
f 4432 4438 4441
f 4438 4426 4434
f 4563 4466 4473
f 4566 4473 4475
f 4567 4621 4565
f 4576 4523 4580
f 4580 4520 4573
f 4418 4453 4421
f 4453 4424 4421
f 4449 4420 4424
f 4479 4461 4481
f 4461 4485 4481
f 4463 4480 4485
f 4479 4494 4488
f 4481 4495 4494
f 4485 4490 4495
f 4488 4504 4498
f 4494 4505 4504
f 4495 4500 4505
f 4498 4510 4506
f 4504 4512 4510
f 4505 4509 4512
f 4506 4517 4514
f 4510 4519 4517
f 4512 4515 4519
f 4514 4473 4466
f 4517 4475 4473
f 4519 4470 4475
f 4550 4527 4525
f 4527 4554 4528
f 4528 4551 4526
f 4550 4546 4553
f 4553 4547 4554
f 4554 4545 4551
f 4542 4540 4546
f 4546 4541 4547
f 4547 4538 4545
f 4537 4535 4540
f 4540 4536 4541
f 4541 4534 4538
f 4533 4531 4535
f 4535 4532 4536
f 4536 4530 4534
f 4529 4523 4531
f 4531 4524 4532
f 4532 4522 4530
f 4577 4640 4633
f 4460 4528 4526
f 4528 4461 4527
f 4527 4455 4525
f 5072 4620 5071
f 4570 4524 4576
f 4506 4533 4455
f 4436 4418 4428
f 4563 4557 4556
f 4614 4453 4446
f 4563 4567 4565
f 4803 4853 4818
f 4566 4561 4567
f 4624 4442 4449
f 4580 4574 4581
f 4630 4441 4638
f 4580 4577 4576
f 4638 4438 4635
f 4576 4571 4570
f 4635 4434 4627
f 4861 4674 4648
f 4567 4618 4625
f 4587 4586 4573
f 4581 4631 4640
f 4411 4587 4615
f 4583 4446 4436
f 4810 5000 5002
f 4837 5008 5004
f 4812 4851 4824
f 4986 4596 4866
f 4577 4628 4571
f 4877 4804 4878
f 5010 4847 4791
f 4865 5012 5014
f 4819 5018 5016
f 4622 4449 4453
f 4574 4586 4589
f 4614 4615 4617
f 4621 4617 4612
f 4623 4614 4617
f 4619 4626 4620
f 4620 4625 4618
f 4633 4629 4628
f 4636 4627 4629
f 4630 4641 4632
f 4632 4640 4631
f 4651 5072 5071
f 5078 5077 4619
f 4420 5074 5080
f 4633 4641 4636
f 4641 4635 4636
f 4625 4623 4621
f 4623 4624 4622
f 4615 4557 4612
f 4630 4589 4584
f 4421 4679 4418
f 4418 4329 4428
f 4426 4685 4328
f 4333 4749 4696
f 4808 5069 4872
f 4655 4706 4337
f 4660 4337 4339
f 4663 4341 4340
f 4420 4682 4424
f 4432 4329 4330
f 4332 4750 4331
f 4693 4753 4333
f 4659 4338 4706
f 4658 4340 4338
f 4671 4713 4342
f 4664 4715 4341
f 4677 4343 5101
f 4424 4327 4421
f 4429 4330 4685
f 4764 4332 4718
f 4833 4802 4801
f 4652 4336 4335
f 4666 4702 4710
f 4669 4710 4713
f 4671 4715 4672
f 4649 4343 4676
f 4748 4345 4696
f 4745 4748 4761
f 4654 4339 4336
f 4677 4702 4651
f 4722 4727 4725
f 4725 4698 4344
f 4726 4744 4727
f 4727 4743 4698
f 4736 4735 4734
f 4735 4737 4733
f 4746 4761 4762
f 4985 4732 4987
f 4732 4988 4987
f 4744 4756 4743
f 4736 4732 4738
f 4738 4730 4737
f 5051 4741 5053
f 5053 4740 5052
f 5054 4741 5055
f 4741 5056 5055
f 4761 4751 4750
f 5050 4629 4627
f 4747 4328 4345
f 4758 4760 4757
f 4760 4346 4757
f 4346 4755 4757
f 4757 4754 4758
f 4742 4755 4744
f 4331 4751 4693
f 4515 4825 4470
f 5020 4846 5021
f 4570 4789 4834
f 4816 4881 4874
f 4787 4843 4767
f 4765 4762 4766
f 4603 4862 4604
f 4591 4879 4603
f 4850 4534 4530
f 4982 4649 5070
f 4858 4598 4606
f 4560 4843 4561
f 4834 4522 4570
f 4768 4762 4761
f 4811 4733 4737
f 4861 4608 4593
f 4875 4609 4598
f 4788 4571 4628
f 4857 4600 4594
f 4882 4606 4600
f 4830 4551 4545
f 5066 4759 4758
f 4628 5049 4788
f 4832 4538 4534
f 5070 4676 5071
f 4492 4437 4476
f 4444 4780 4440
f 4437 4444 4440
f 4444 4777 4776
f 4465 4779 4778
f 4775 4465 4778
f 4458 4465 4468
f 4785 4769 4786
f 4773 4784 4774
f 4770 4782 4771
f 4781 4772 4783
f 4476 4502 4492
f 4502 4773 4772
f 4769 4440 4780
f 4486 4437 4440
f 4471 4770 4779
f 4471 4492 4497
f 4777 4468 4775
f 4447 4458 4468
f 4426 4780 4776
f 4627 4778 4779
f 4476 4486 4785
f 4782 4497 4492
f 4782 4783 4771
f 4786 4784 4785
f 4807 4853 4831
f 4878 4817 4863
f 4763 4789 4788
f 4805 4831 4851
f 4793 4869 4860
f 5026 4790 4877
f 4863 4808 4872
f 4814 4874 4859
f 5067 4722 5052
f 4480 4845 4490
f 4490 4835 4500
f 4868 4594 4608
f 4852 4545 4538
f 4480 5029 5027
f 4500 4848 4509
f 4509 4828 4515
f 4561 4787 4618
f 4460 5037 5036
f 4840 5033 5035
f 4470 4841 4560
f 4815 4836 4844
f 4798 4826 4827
f 4799 4883 4856
f 4836 4796 4849
f 4849 4798 4827
f 5040 5039 4794
f 4826 4792 4842
f 4871 5046 5043
f 4610 4866 4596
f 4604 4873 4610
f 5047 4880 5042
f 4591 4717 5048
f 4980 4793 4767
f 4976 4834 4789
f 4978 4842 4843
f 4809 4910 4908
f 4831 4923 4851
f 4849 4942 4941
f 4881 4956 4959
f 4873 4975 4866
f 4791 4909 4810
f 4989 4988 4990
f 4832 4922 4921
f 4854 4939 4845
f 4880 4957 4871
f 5057 4801 4802
f 4872 4974 4966
f 4790 4908 4892
f 4879 4964 4862
f 4814 4905 4907
f 4795 4910 4819
f 4855 4938 4937
f 4856 4955 4869
f 4878 4965 4970
f 4794 4911 4918
f 4980 4884 4981
f 4876 4972 4968
f 4813 4904 4796
f 4794 4916 4815
f 4824 4888 4833
f 4857 4954 4953
f 4877 4973 4865
f 4796 4900 4798
f 4795 4917 4919
f 4823 4889 4928
f 4797 4901 4905
f 4839 4934 4930
f 4874 4951 4859
f 4879 4968 4971
f 4816 4907 4917
f 4840 4935 4838
f 4798 4903 4822
f 4875 4950 4949
f 4878 4969 4877
f 4815 4906 4813
f 4853 4920 4831
f 4799 4902 4901
f 4806 4912 4811
f 4791 4829 4803
f 4893 4895 4892
f 4897 4899 4896
f 4901 4903 4900
f 4901 4904 4905
f 4906 4905 4904
f 4892 4909 4893
f 4910 4909 4908
f 4886 4913 4887
f 4899 4895 4894
f 4903 4885 4884
f 4915 4896 4914
f 4914 4912 4915
f 4906 4917 4907
f 4917 4918 4919
f 4911 4919 4918
f 4922 4920 4921
f 4926 4924 4925
f 4922 4929 4923
f 4932 4930 4931
f 4925 4933 4932
f 4921 4927 4926
f 4931 4934 4935
f 4928 4977 4929
f 4938 4936 4937
f 4942 4940 4941
f 4941 4944 4945
f 4945 4939 4938
f 4946 4947 4891
f 4937 4935 4934
f 4947 4943 4942
f 4949 4951 4948
f 4953 4955 4952
f 4957 4959 4956
f 4950 4961 4951
f 4960 4952 4961
f 4958 4948 4959
f 4963 4954 4962
f 4966 4964 4965
f 4970 4968 4969
f 4969 4972 4973
f 4965 4971 4970
f 4974 4967 4966
f 4973 4957 4956
f 4865 4956 4870
f 4976 4888 4977
f 4858 4960 4950
f 4864 4957 4972
f 4848 4943 4828
f 4830 4926 4925
f 4810 4911 4820
f 4859 4961 4883
f 4811 4886 4800
f 4978 4890 4979
f 4882 4953 4960
f 4836 4941 4945
f 4829 4927 4853
f 4883 4952 4856
f 4835 4940 4848
f 4850 4928 4922
f 4812 4887 4913
f 4880 4949 4958
f 4844 4945 4938
f 4803 4899 4894
f 4803 4893 4791
f 4881 4948 4874
f 4845 4944 4835
f 4851 4929 4824
f 4804 4898 4817
f 4868 4962 4954
f 4822 4884 4792
f 4804 4892 4895
f 4983 4963 4984
f 4826 4891 4947
f 4846 4931 4840
f 4821 4885 4902
f 4869 4963 4860
f 4825 4890 4841
f 4817 4897 4808
f 4855 4934 4837
f 4847 4930 4933
f 4808 4915 4806
f 4863 4966 4965
f 4854 4935 4936
f 4830 4932 4846
f 4807 4914 4896
f 4818 4896 4899
f 4827 4947 4942
f 4829 4933 4924
f 4805 4913 4914
f 4862 4967 4873
f 4828 4946 4825
f 4852 4921 4926
f 4976 4889 4834
f 4833 4976 4789
f 4978 4891 4842
f 4841 4978 4843
f 4980 4885 4793
f 4792 4980 4767
f 4982 4860 4983
f 4793 4982 4767
f 4983 4962 4861
f 4861 4982 4983
f 4729 4990 4334
f 5069 4737 4730
f 4974 4992 4975
f 4989 4991 4987
f 4986 4729 4728
f 4867 4991 4974
f 4992 4866 4975
f 4989 4986 4992
f 4991 4985 4987
f 4452 4445 4499
f 4445 4462 4448
f 4448 5031 5036
f 4459 4456 4462
f 4462 5029 5031
f 4452 4443 4456
f 4456 5027 5029
f 4464 4477 4474
f 5032 4467 5033
f 4474 4482 4478
f 4477 5030 4482
f 4478 4472 4469
f 4482 5028 4472
f 4513 4507 4516
f 4516 5021 5022
f 4518 4516 4521
f 4521 5022 5034
f 4508 4521 4511
f 4511 5034 5035
f 4483 4496 4493
f 5038 4487 5037
f 4493 4501 4499
f 5019 4496 5038
f 4499 4491 4489
f 5020 4501 5019
f 4469 4443 4439
f 4443 5028 5027
f 4445 4487 4483
f 4487 5036 5037
f 4507 5020 5021
f 4507 4489 4491
f 4467 5035 5033
f 4467 4508 4511
f 4549 4544 4595
f 4544 4558 4548
f 4548 5003 5004
f 4555 4552 4558
f 4558 4998 5003
f 4549 4543 4552
f 4552 5040 4998
f 4559 4572 4569
f 4997 4562 5000
f 4569 4578 4575
f 4572 4999 4578
f 4575 4568 4564
f 4578 5039 4568
f 4607 4601 4611
f 4611 5009 5007
f 4613 4611 4616
f 4616 5007 5001
f 4602 4616 4605
f 4605 5001 5002
f 4579 4592 4590
f 5005 4582 5008
f 4590 4597 4595
f 5006 4592 5005
f 4595 4588 4585
f 5010 4597 5006
f 4539 4568 4543
f 4568 5040 4543
f 4544 4582 4579
f 4582 5004 5008
f 4601 5010 5009
f 4601 4585 4588
f 4562 5002 5000
f 4562 4602 4605
f 4643 4639 4681
f 4639 4646 4642
f 4642 5015 5016
f 4645 4644 4646
f 4646 4995 5015
f 4643 4637 4644
f 4644 4993 4995
f 4647 4661 4657
f 5011 4650 5012
f 4657 4665 4662
f 4661 4994 4665
f 4662 4656 4653
f 4665 4996 4656
f 4689 4686 4690
f 4690 5024 5025
f 4691 4690 4692
f 4692 5025 5013
f 4687 4692 4688
f 4688 5013 5014
f 4667 4678 4675
f 5017 4668 5018
f 4675 4683 4681
f 5023 4678 5017
f 4681 4673 4670
f 5026 4683 5023
f 4653 4637 4634
f 4637 4996 4993
f 4639 4668 4667
f 4668 5016 5018
f 4686 5026 5024
f 4686 4670 4673
f 4650 5014 5012
f 4650 4687 4688
f 4700 4697 4714
f 4697 4704 4699
f 4699 5041 5043
f 4703 4701 4704
f 4704 5042 5041
f 4700 4695 4701
f 4701 5047 5042
f 4705 4712 4711
f 5044 4707 5046
f 4711 4716 4714
f 5045 4712 5044
f 4714 4709 4708
f 5048 4716 5045
f 4697 4707 4705
f 4707 5043 5046
f 4719 4708 4709
f 4717 4709 5048
f 4695 4724 5047
f 4694 4723 4695
f 4745 5049 5050
f 4788 5049 4746
f 4725 5052 4722
f 4344 5053 4725
f 4763 4746 4765
f 5055 4734 4735
f 5054 4735 4733
f 4740 4811 4800
f 5065 5057 5058
f 5063 5058 5059
f 5062 5059 5068
f 5068 5066 5062
f 4765 5058 4763
f 5063 4754 4742
f 5062 4758 4754
f 4742 5065 5063
f 5067 4726 4722
f 5057 4763 5058
f 5064 5060 5061
f 4766 5059 4765
f 4768 5068 4766
f 5061 4768 4764
f 4886 4887 5057
f 4886 5067 4800
f 4806 4737 5069
f 4867 4730 4985
f 4671 4672 5072
f 4652 4680 4420
f 4431 4409 4425
f 4414 5086 4412
f 4409 4414 4412
f 4414 5085 5084
f 4419 5081 5083
f 5082 4419 5083
f 4417 4419 4422
f 5079 4457 4430
f 5073 4454 5074
f 4451 5078 4433
f 4450 5075 5076
f 4425 4435 4431
f 4435 5073 5075
f 5079 4412 5086
f 4430 4409 4412
f 4423 5078 5081
f 4423 4431 4433
f 5085 4422 5082
f 4416 4417 4422
f 4425 4457 4454
f 4431 4435 4450
f 4451 5076 5077
f 4454 5080 5074
f 5083 5072 4664
f 4654 5084 5085
f 5082 4658 4659
f 4747 4745 4774
f 5050 4770 4771
f 5088 5089 5087
f 5089 4383 5087
f 5088 4384 5090
f 5089 5090 4384
f 5092 5088 5087
f 4719 4717 4406
f 4603 5095 5094
f 4723 4721 5099
f 4724 4723 5099
f 4604 4391 5095
f 4728 4729 5098
f 4591 5094 4386
f 4717 4386 4406
f 4593 5097 4387
f 4674 4387 4405
f 4724 4390 4609
f 4729 4334 5098
f 4600 4388 4594
f 4608 4388 5097
f 4596 4728 5098
f 4596 4391 4610
f 4720 5099 4721
f 4720 4719 4406
f 4598 5096 4606
f 4609 5093 4598
f 4648 4674 4405
f 4606 4389 4600
f 4648 5100 4649
f 4756 4346 4407
f 4340 4397 4338
f 4345 4407 4696
f 4393 4383 4679
f 5091 4679 4383
f 4360 4350 5097
f 4380 4400 4403
f 4377 4378 4405
f 4362 4361 4365
f 4370 4369 4371
f 4350 4360 4359
f 4343 5100 4396
f 4395 4398 4396
f 4373 4374 4372
f 4360 4358 4357
f 4680 4397 4393
f 4393 4679 4680
f 4679 4327 4680
f 4397 4398 4395
f 4377 4350 4349
f 4400 4401 4404
f 4366 4365 4367
f 4352 4348 4347
f 4358 4356 4355
f 4378 4377 4375
f 4379 4381 4361
f 4354 4352 4351
f 5100 4405 4378
f 4373 4371 4363
f 4371 4369 4363
f 4369 4367 4363
f 4367 4365 4357
f 4365 4361 4349
f 4361 4381 4349
f 4381 4375 4349
f 4349 4359 4365
f 4359 4357 4365
f 4357 4355 4347
f 4355 4353 4347
f 4353 4351 4347
f 4347 4363 4367
f 4399 4328 4402
f 4328 4685 4330
f 4402 4328 4329
f 4380 4382 4381
f 4378 4376 4392
f 5092 4376 4375
f 4381 4382 4384
f 4384 5092 4375
f 4368 4367 4369
f 4379 4739 5051
f 5051 4344 4379
f 4382 4403 4385
f 4403 4404 4385
f 4394 4383 4393
f 4356 4354 4353
f 4404 4401 4399
f 4374 4373 4363
f 4363 4347 4348
f 4394 4395 4392
f 4392 4376 4394
f 4402 5091 4385
f 4743 4756 4407
f 4407 4399 4401
f 4731 4408 5098
f 5056 4739 4362
f 4739 4379 4362
f 4362 4736 4734
f 4352 4354 5093
f 4736 4362 4366
f 4366 4408 4736
f 4370 5095 4391
f 4372 5094 5095
f 4390 5099 4348
f 5099 4406 4364
f 4389 5096 4356
f 4743 4401 4400
f 4391 5098 4408
f 4408 4366 4368
f 5094 4372 4374
f 4354 4356 5096
f 4386 4374 4364
f 4388 4389 4358
f 4380 4344 4698
f 4397 4702 4398
f 4702 5101 4343
f 4387 5097 4350
f 4399 4407 4345
f 4413 4415 4411
f 4583 4584 4413
f 4586 4587 4411
f 4589 4586 4415
f 4415 4413 4589
f 4801 4812 4824
f 4855 4794 4815
f 5070 5071 4787
f 5071 4620 4787
f 4842 4792 4767
f 4565 4621 4612
f 4560 4566 4475
f 4823 4850 4530
f 4821 4799 4856
f 4797 4814 4859
f 4996 4994 4881
f 4994 4870 4881
f 4795 4819 4995
f 4795 4995 4993
f 4795 4993 4881
f 4428 4432 4441
f 4432 4429 4438
f 4438 4429 4426
f 4563 4556 4466
f 4566 4563 4473
f 4567 4625 4621
f 4576 4524 4523
f 4580 4523 4520
f 4418 4446 4453
f 4453 4449 4424
f 4449 4442 4420
f 4479 4455 4461
f 4461 4463 4485
f 4463 4460 4480
f 4479 4481 4494
f 4481 4485 4495
f 4485 4480 4490
f 4488 4494 4504
f 4494 4495 4505
f 4495 4490 4500
f 4498 4504 4510
f 4504 4505 4512
f 4505 4500 4509
f 4506 4510 4517
f 4510 4512 4519
f 4512 4509 4515
f 4514 4517 4473
f 4517 4519 4475
f 4519 4515 4470
f 4550 4553 4527
f 4527 4553 4554
f 4528 4554 4551
f 4550 4542 4546
f 4553 4546 4547
f 4554 4547 4545
f 4542 4537 4540
f 4546 4540 4541
f 4547 4541 4538
f 4537 4533 4535
f 4540 4535 4536
f 4541 4536 4534
f 4533 4529 4531
f 4535 4531 4532
f 4536 4532 4530
f 4529 4520 4523
f 4531 4523 4524
f 4532 4524 4522
f 4577 4581 4640
f 4460 4463 4528
f 4528 4463 4461
f 4527 4461 4455
f 5072 4619 4620
f 4570 4522 4524
f 4537 4542 4525
f 4542 4550 4525
f 4525 4455 4533
f 4537 4525 4533
f 4455 4479 4488
f 4488 4498 4455
f 4498 4506 4455
f 4506 4514 4529
f 4514 4466 4529
f 4466 4556 4573
f 4573 4520 4466
f 4520 4529 4466
f 4529 4533 4506
f 4436 4446 4418
f 4563 4565 4557
f 4614 4622 4453
f 4563 4566 4567
f 4803 4829 4853
f 4566 4560 4561
f 4624 4619 4442
f 4580 4573 4574
f 4630 4436 4441
f 4580 4581 4577
f 4638 4441 4438
f 4576 4577 4571
f 4635 4438 4434
f 4648 4982 4861
f 4861 4593 4674
f 4567 4561 4618
f 4586 4574 4573
f 4573 4556 4587
f 4556 4557 4587
f 4581 4574 4631
f 4615 4583 4410
f 4410 4411 4615
f 4583 4614 4446
f 4436 4630 4584
f 4584 4583 4436
f 5001 5007 4810
f 4810 4820 5000
f 4820 4999 4997
f 4820 4997 5000
f 5002 5001 4810
f 5003 4998 4837
f 4837 4839 5008
f 4839 5006 5005
f 4839 5005 5008
f 5004 5003 4837
f 4812 4805 4851
f 4986 4728 4596
f 4577 4633 4628
f 4877 4790 4804
f 5010 5006 4847
f 5006 4839 4847
f 4791 4810 5007
f 4791 5007 5009
f 4791 5009 5010
f 5013 5025 4865
f 4865 4870 5012
f 4870 4994 5011
f 4870 5011 5012
f 5014 5013 4865
f 5015 4995 4819
f 4819 4809 5018
f 4809 5023 5017
f 4809 5017 5018
f 5016 5015 4819
f 4622 4624 4449
f 4632 4631 4589
f 4631 4574 4589
f 4614 4583 4615
f 4621 4623 4617
f 4623 4622 4614
f 4619 4624 4626
f 4620 4626 4625
f 4633 4636 4629
f 4636 4635 4627
f 4630 4638 4641
f 4632 4641 4640
f 5071 4676 4651
f 4676 4677 4651
f 4619 5072 5081
f 4619 5081 5078
f 5077 5076 4619
f 5086 5084 4652
f 5084 4654 4652
f 4652 4420 5079
f 5086 4652 5079
f 4420 4442 5074
f 4442 4619 5074
f 5074 4619 5073
f 4619 5076 5075
f 4619 5075 5073
f 5080 5079 4420
f 4633 4640 4641
f 4641 4638 4635
f 4625 4626 4623
f 4623 4626 4624
f 4612 4617 4615
f 4615 4587 4557
f 4630 4632 4589
f 4421 4327 4679
f 4418 4679 4329
f 4426 4429 4685
f 4333 4753 4749
f 4806 5069 4808
f 5069 4867 4872
f 4655 4659 4706
f 4660 4655 4337
f 4663 4664 4341
f 4420 4680 4682
f 4432 4428 4329
f 4332 4752 4750
f 4693 4751 4753
f 4659 4658 4338
f 4658 4663 4340
f 4671 4669 4713
f 4664 4672 4715
f 4677 4676 4343
f 4424 4682 4327
f 4429 4432 4330
f 4759 5064 4718
f 5064 5061 4764
f 4764 4752 4332
f 5064 4764 4718
f 4718 4760 4759
f 4833 4789 4802
f 4652 4654 4336
f 4666 4651 4702
f 4669 4666 4710
f 4671 4342 4715
f 4649 5100 4343
f 4696 4749 4748
f 4748 4747 4345
f 4745 4747 4748
f 4654 4660 4339
f 4677 5101 4702
f 4722 4726 4727
f 4725 4727 4698
f 4726 4742 4744
f 4727 4744 4743
f 4736 4738 4735
f 4735 4738 4737
f 4746 4745 4761
f 4985 4730 4732
f 4732 4731 4988
f 4744 4755 4756
f 4736 4731 4732
f 4738 4732 4730
f 5051 4739 4741
f 5053 4741 4740
f 5054 4740 4741
f 4741 4739 5056
f 4761 4748 4753
f 4748 4749 4753
f 4764 4768 4752
f 4768 4761 4752
f 4761 4753 4751
f 4750 4752 4761
f 5050 5049 4629
f 4747 4426 4328
f 4758 4759 4760
f 4760 4718 4346
f 4346 4756 4755
f 4757 4755 4754
f 4742 4754 4755
f 4331 4750 4751
f 4515 4828 4825
f 5020 5019 4551
f 5019 4526 4551
f 4551 4846 5020
f 4846 4840 5022
f 4846 5022 5021
f 4570 4571 4789
f 4816 4795 4881
f 4982 5070 4767
f 5070 4787 4767
f 4765 4746 4762
f 4603 4879 4862
f 4591 4876 4879
f 4850 4832 4534
f 4982 4648 4649
f 4858 4875 4598
f 4560 4841 4843
f 4834 4823 4522
f 4768 4766 4762
f 4811 5054 4733
f 4861 4868 4608
f 4875 4880 4609
f 4788 4789 4571
f 4857 4882 4600
f 4882 4858 4606
f 4830 4846 4551
f 5066 5064 4759
f 4628 4629 5049
f 4832 4852 4538
f 5070 4649 4676
f 4492 4458 4437
f 4444 4776 4780
f 4437 4447 4444
f 4444 4447 4777
f 4465 4471 4779
f 4775 4468 4465
f 4458 4471 4465
f 4785 4486 4769
f 4773 4484 4784
f 4770 4497 4782
f 4781 4502 4772
f 4476 4484 4502
f 4502 4484 4773
f 4769 4486 4440
f 4486 4476 4437
f 4471 4497 4770
f 4471 4458 4492
f 4777 4447 4468
f 4447 4437 4458
f 4775 4778 4627
f 4627 4434 4775
f 4434 4426 4776
f 4775 4434 4777
f 4426 4747 4780
f 4747 4769 4780
f 4777 4434 4776
f 4770 5050 4779
f 5050 4627 4779
f 4785 4784 4476
f 4784 4484 4476
f 4502 4781 4492
f 4781 4782 4492
f 4782 4781 4783
f 4786 4774 4784
f 4807 4818 4853
f 4878 4804 4817
f 4763 4802 4789
f 4805 4807 4831
f 4793 4821 4869
f 5026 5023 4790
f 5023 4809 4790
f 4877 4865 5025
f 4877 5025 5024
f 4877 5024 5026
f 4863 4817 4808
f 4814 4816 4874
f 4740 4800 5052
f 4800 5067 5052
f 4480 4854 4845
f 4490 4845 4835
f 4868 4857 4594
f 4852 4830 4545
f 5028 5030 4854
f 5030 4838 4854
f 4854 4480 5027
f 5028 4854 5027
f 4480 4460 5029
f 4500 4835 4848
f 4509 4848 4828
f 4561 4843 4787
f 5031 5029 4460
f 4460 4526 5037
f 4526 5019 5038
f 4526 5038 5037
f 5036 5031 4460
f 5034 5022 4840
f 4840 4838 5033
f 4838 5030 5032
f 4838 5032 5033
f 5035 5034 4840
f 4470 4825 4841
f 4815 4813 4836
f 4798 4822 4826
f 4799 4797 4883
f 4836 4813 4796
f 4849 4796 4798
f 5039 4999 4794
f 4999 4820 4794
f 4855 4837 4998
f 4855 4998 5040
f 4855 5040 4794
f 4826 4822 4792
f 5041 5042 4871
f 4871 4864 5046
f 4864 5045 5044
f 4864 5044 5046
f 5043 5041 4871
f 4610 4873 4866
f 4604 4862 4873
f 5047 4724 4609
f 4609 4880 5047
f 4880 4871 5042
f 5048 5045 4876
f 5045 4864 4876
f 4876 4591 5048
f 4809 4819 4910
f 4831 4920 4923
f 4849 4827 4942
f 4881 4870 4956
f 4873 4967 4975
f 4791 4893 4909
f 4989 4987 4988
f 4832 4850 4922
f 4854 4936 4939
f 4880 4958 4957
f 5057 4887 4801
f 4872 4867 4974
f 4790 4809 4908
f 4879 4971 4964
f 4814 4797 4905
f 4795 4919 4910
f 4855 4844 4938
f 4856 4952 4955
f 4878 4863 4965
f 4794 4820 4911
f 4980 4792 4884
f 4876 4864 4972
f 4813 4906 4904
f 4794 4918 4916
f 4824 4929 4888
f 4857 4868 4954
f 4877 4969 4973
f 4796 4904 4900
f 4795 4816 4917
f 4823 4834 4889
f 4797 4799 4901
f 4839 4837 4934
f 4874 4948 4951
f 4879 4876 4968
f 4816 4814 4907
f 4840 4931 4935
f 4798 4900 4903
f 4875 4858 4950
f 4878 4970 4969
f 4815 4916 4906
f 4853 4927 4920
f 4799 4821 4902
f 4806 4915 4912
f 4791 4847 4829
f 4893 4894 4895
f 4897 4898 4899
f 4901 4902 4903
f 4901 4900 4904
f 4906 4907 4905
f 4892 4908 4909
f 4910 4911 4909
f 4886 4912 4913
f 4899 4898 4895
f 4902 4885 4903
f 4885 4981 4884
f 4915 4897 4896
f 4914 4913 4912
f 4906 4916 4917
f 4917 4916 4918
f 4911 4910 4919
f 4922 4923 4920
f 4926 4927 4924
f 4922 4928 4929
f 4932 4933 4930
f 4925 4924 4933
f 4921 4920 4927
f 4931 4930 4934
f 4889 4977 4928
f 4977 4888 4929
f 4938 4939 4936
f 4942 4943 4940
f 4941 4940 4944
f 4945 4944 4939
f 4891 4979 4890
f 4890 4946 4891
f 4937 4936 4935
f 4947 4946 4943
f 4949 4950 4951
f 4953 4954 4955
f 4957 4958 4959
f 4950 4960 4961
f 4960 4953 4952
f 4958 4949 4948
f 4962 4984 4963
f 4963 4955 4954
f 4966 4967 4964
f 4970 4971 4968
f 4969 4968 4972
f 4965 4964 4971
f 4974 4975 4967
f 4973 4972 4957
f 4865 4973 4956
f 4976 4833 4888
f 4858 4882 4960
f 4864 4871 4957
f 4848 4940 4943
f 4830 4852 4926
f 4810 4909 4911
f 4859 4951 4961
f 4811 4912 4886
f 4978 4841 4890
f 4882 4857 4953
f 4836 4849 4941
f 4829 4924 4927
f 4883 4961 4952
f 4835 4944 4940
f 4850 4823 4928
f 4812 4801 4887
f 4880 4875 4949
f 4844 4836 4945
f 4803 4818 4899
f 4803 4894 4893
f 4881 4959 4948
f 4845 4939 4944
f 4851 4923 4929
f 4804 4895 4898
f 4868 4861 4962
f 4822 4903 4884
f 4804 4790 4892
f 4983 4860 4963
f 4826 4842 4891
f 4846 4932 4931
f 4821 4793 4885
f 4869 4955 4963
f 4825 4946 4890
f 4817 4898 4897
f 4855 4937 4934
f 4847 4839 4930
f 4808 4897 4915
f 4863 4872 4966
f 4854 4838 4935
f 4830 4925 4932
f 4807 4805 4914
f 4818 4807 4896
f 4827 4826 4947
f 4829 4847 4933
f 4805 4812 4913
f 4862 4964 4967
f 4828 4943 4946
f 4852 4832 4921
f 4976 4977 4889
f 4978 4979 4891
f 4980 4981 4885
f 4793 4860 4982
f 4983 4984 4962
f 4729 4989 4990
f 4974 4991 4992
f 4989 4992 4991
f 4986 4989 4729
f 4867 4985 4991
f 4992 4986 4866
f 4513 4518 4508
f 4508 4464 4478
f 4464 4474 4478
f 4478 4469 4513
f 4469 4439 4489
f 4439 4452 4489
f 4452 4459 4445
f 4445 4483 4499
f 4483 4493 4499
f 4499 4489 4452
f 4489 4503 4469
f 4503 4513 4469
f 4513 4508 4478
f 4445 4459 4462
f 4448 4462 5031
f 4459 4452 4456
f 4462 4456 5029
f 4452 4439 4443
f 4456 4443 5027
f 4464 4467 4477
f 5032 4477 4467
f 4474 4477 4482
f 4477 5032 5030
f 4478 4482 4472
f 4482 5030 5028
f 4513 4503 4507
f 4516 4507 5021
f 4518 4513 4516
f 4521 4516 5022
f 4508 4518 4521
f 4511 4521 5034
f 4483 4487 4496
f 5038 4496 4487
f 4493 4496 4501
f 5019 4501 4496
f 4499 4501 4491
f 5020 4491 4501
f 4469 4472 4443
f 4443 4472 5028
f 4445 4448 4487
f 4487 4448 5036
f 4507 4491 5020
f 4507 4503 4489
f 4467 4511 5035
f 4467 4464 4508
f 4607 4613 4602
f 4602 4559 4575
f 4559 4569 4575
f 4575 4564 4607
f 4564 4539 4585
f 4539 4549 4585
f 4549 4555 4544
f 4544 4579 4595
f 4579 4590 4595
f 4595 4585 4549
f 4585 4599 4564
f 4599 4607 4564
f 4607 4602 4575
f 4544 4555 4558
f 4548 4558 5003
f 4555 4549 4552
f 4558 4552 4998
f 4549 4539 4543
f 4552 4543 5040
f 4559 4562 4572
f 4997 4572 4562
f 4569 4572 4578
f 4572 4997 4999
f 4575 4578 4568
f 4578 4999 5039
f 4607 4599 4601
f 4611 4601 5009
f 4613 4607 4611
f 4616 4611 5007
f 4602 4613 4616
f 4605 4616 5001
f 4579 4582 4592
f 5005 4592 4582
f 4590 4592 4597
f 5006 4597 4592
f 4595 4597 4588
f 5010 4588 4597
f 4539 4564 4568
f 4568 5039 5040
f 4544 4548 4582
f 4582 4548 5004
f 4601 4588 5010
f 4601 4599 4585
f 4562 4605 5002
f 4562 4559 4602
f 4689 4691 4687
f 4687 4647 4662
f 4647 4657 4662
f 4662 4653 4689
f 4653 4634 4670
f 4634 4643 4670
f 4643 4645 4639
f 4639 4667 4681
f 4667 4675 4681
f 4681 4670 4643
f 4670 4684 4653
f 4684 4689 4653
f 4689 4687 4662
f 4639 4645 4646
f 4642 4646 5015
f 4645 4643 4644
f 4646 4644 4995
f 4643 4634 4637
f 4644 4637 4993
f 4647 4650 4661
f 5011 4661 4650
f 4657 4661 4665
f 4661 5011 4994
f 4662 4665 4656
f 4665 4994 4996
f 4689 4684 4686
f 4690 4686 5024
f 4691 4689 4690
f 4692 4690 5025
f 4687 4691 4692
f 4688 4692 5013
f 4667 4668 4678
f 5017 4678 4668
f 4675 4678 4683
f 5023 4683 4678
f 4681 4683 4673
f 5026 4673 4683
f 4653 4656 4637
f 4637 4656 4996
f 4639 4642 4668
f 4668 4642 5016
f 4686 4673 5026
f 4686 4684 4670
f 4650 4688 5014
f 4650 4647 4687
f 4708 4720 4721
f 4721 4694 4708
f 4694 4700 4708
f 4700 4703 4697
f 4697 4705 4714
f 4705 4711 4714
f 4714 4708 4700
f 4697 4703 4704
f 4699 4704 5041
f 4703 4700 4701
f 4704 4701 5042
f 4700 4694 4695
f 4701 4695 5047
f 4705 4707 4712
f 5044 4712 4707
f 4711 4712 4716
f 5045 4716 4712
f 4714 4716 4709
f 5048 4709 4716
f 4697 4699 4707
f 4707 4699 5043
f 4719 4720 4708
f 4717 4719 4709
f 4695 4723 4724
f 4694 4721 4723
f 4745 4746 5049
f 4725 5053 5052
f 4344 5051 5053
f 4763 4788 4746
f 5055 5056 4734
f 5054 5055 4735
f 4740 5054 4811
f 5065 5067 5057
f 5063 5065 5058
f 5062 5063 5059
f 5068 5060 5066
f 4765 5059 5058
f 5063 5062 4754
f 5062 5066 4758
f 4742 4726 5065
f 5067 5065 4726
f 5057 4802 4763
f 5064 5066 5060
f 4766 5068 5059
f 4768 5060 5068
f 5061 5060 4768
f 4886 5057 5067
f 4806 4811 4737
f 4867 5069 4730
f 5072 4651 4671
f 4651 4666 4669
f 4671 4651 4669
f 4652 4335 4680
f 4431 4417 4409
f 4414 5084 5086
f 4409 4416 4414
f 4414 4416 5085
f 4419 4423 5081
f 5082 4422 4419
f 4417 4423 4419
f 5079 5080 4457
f 5073 4427 4454
f 4451 5077 5078
f 4450 4435 5075
f 4425 4427 4435
f 4435 4427 5073
f 5079 4430 4412
f 4430 4425 4409
f 4423 4433 5078
f 4423 4417 4431
f 5085 4416 4422
f 4416 4409 4417
f 4454 4427 4425
f 4425 4430 4457
f 4450 4451 4431
f 4451 4433 4431
f 4451 4450 5076
f 4454 4457 5080
f 4663 4658 5083
f 4658 5082 5083
f 5083 5081 5072
f 5072 4672 4664
f 4664 4663 5083
f 5085 4655 4654
f 4655 4660 4654
f 4659 4655 5085
f 5085 5082 4659
f 4786 4769 4747
f 4745 4783 4772
f 4772 4773 4745
f 4773 4774 4745
f 4774 4786 4747
f 4771 4783 5050
f 4783 4745 5050
f 5088 5090 5089
f 5089 5091 4383
f 5088 5092 4384
f 4384 4385 5089
f 4385 5091 5089
f 4383 4394 5087
f 4394 5092 5087
f 4603 4604 5095
f 4604 4610 4391
f 4591 4603 5094
f 4717 4591 4386
f 4593 4608 5097
f 4674 4593 4387
f 4724 5099 4390
f 4600 4389 4388
f 4608 4594 4388
f 4596 5098 4391
f 4720 4406 5099
f 4598 5093 5096
f 4609 4390 5093
f 4606 5096 4389
f 4648 4405 5100
f 4713 4710 4702
f 4702 4397 4715
f 4397 4680 4335
f 4715 4397 4341
f 4335 4336 4337
f 4706 4335 4337
f 4336 4339 4337
f 4342 4713 4702
f 4715 4342 4702
f 4335 4706 4338
f 4335 4338 4397
f 4341 4397 4340
f 5091 4329 4679
f 5103 5102 5104
f 5105 5104 5106
f 5107 5106 5108
f 5109 5108 5110
f 5111 5110 5112
f 5113 5112 5114
f 5115 5114 5116
f 5117 5116 5118
f 5119 5118 5120
f 5121 5120 5122
f 5123 5122 5124
f 5125 5124 5126
f 5127 5126 5128
f 5129 5128 5130
f 5123 5107 5115
f 5131 5130 5132
f 5133 5132 5102
f 5116 5132 5124
f 5103 5104 5105
f 5105 5106 5107
f 5107 5108 5109
f 5109 5110 5111
f 5111 5112 5113
f 5113 5114 5115
f 5115 5116 5117
f 5117 5118 5119
f 5119 5120 5121
f 5121 5122 5123
f 5123 5124 5125
f 5125 5126 5127
f 5127 5128 5129
f 5129 5130 5131
f 5107 5103 5105
f 5103 5107 5133
f 5133 5107 5131
f 5131 5123 5129
f 5129 5123 5127
f 5127 5123 5125
f 5123 5115 5121
f 5121 5115 5119
f 5119 5115 5117
f 5115 5111 5113
f 5111 5115 5109
f 5109 5115 5107
f 5107 5123 5131
f 5131 5132 5133
f 5133 5102 5103
f 5132 5104 5102
f 5104 5132 5106
f 5106 5132 5108
f 5108 5112 5110
f 5112 5108 5114
f 5114 5108 5116
f 5116 5120 5118
f 5120 5116 5122
f 5122 5116 5124
f 5124 5128 5126
f 5128 5124 5130
f 5130 5124 5132
f 5132 5116 5108
f 5135 5136 5134
f 5137 5138 5136
f 5138 5141 5140
f 5140 5143 5142
f 5143 5144 5142
f 5144 5147 5146
f 5147 5148 5146
f 5149 5150 5148
f 5151 5152 5150
f 5153 5154 5152
f 5155 5147 5139
f 5154 5157 5156
f 5157 5134 5156
f 5160 5159 5158
f 5162 5161 5160
f 5162 5165 5163
f 5166 5165 5164
f 5168 5167 5166
f 5170 5169 5168
f 5172 5171 5170
f 5172 5175 5173
f 5176 5175 5174
f 5176 5179 5177
f 5175 5179 5159
f 5180 5179 5178
f 5158 5181 5180
f 5135 5137 5136
f 5137 5139 5138
f 5138 5139 5141
f 5140 5141 5143
f 5143 5145 5144
f 5144 5145 5147
f 5147 5149 5148
f 5149 5151 5150
f 5151 5153 5152
f 5153 5155 5154
f 5139 5137 5135
f 5135 5157 5139
f 5157 5155 5139
f 5155 5153 5151
f 5151 5149 5155
f 5149 5147 5155
f 5147 5145 5143
f 5143 5141 5139
f 5147 5143 5139
f 5154 5155 5157
f 5157 5135 5134
f 5160 5161 5159
f 5162 5163 5161
f 5162 5164 5165
f 5166 5167 5165
f 5168 5169 5167
f 5170 5171 5169
f 5172 5173 5171
f 5172 5174 5175
f 5176 5177 5175
f 5176 5178 5179
f 5159 5161 5163
f 5163 5165 5167
f 5167 5169 5175
f 5169 5171 5175
f 5171 5173 5175
f 5175 5177 5179
f 5179 5181 5159
f 5159 5163 5175
f 5163 5167 5175
f 5180 5181 5179
f 5158 5159 5181
f 5192 5227 5182
f 5205 5209 5204
f 5411 5207 5211
f 5211 5206 5209
f 5405 5203 5207
f 5207 5202 5206
f 5221 5421 5214
f 5220 5214 5212
f 5223 5418 5221
f 5222 5221 5220
f 5218 5403 5223
f 5216 5223 5222
f 5187 5423 5183
f 5186 5183 5182
f 5189 5430 5187
f 5188 5187 5186
f 5185 5436 5189
f 5184 5189 5188
f 5427 5201 5194
f 5194 5199 5192
f 5433 5197 5201
f 5201 5195 5199
f 5439 5191 5197
f 5197 5190 5195
f 5183 5415 5205
f 5183 5204 5182
f 5442 5226 5448
f 5226 5190 5191
f 5409 5224 5397
f 5192 5214 5194
f 5226 5445 5448
f 5224 5202 5203
f 5216 5224 5218
f 5224 5399 5397
f 5184 5226 5185
f 5427 5214 5421
f 5228 5263 5238
f 5250 5247 5246
f 5249 5469 5251
f 5260 5451 5454
f 5248 5251 5250
f 5245 5466 5249
f 5244 5249 5248
f 5471 5257 5253
f 5463 5255 5259
f 5256 5253 5257
f 5259 5460 5463
f 5258 5257 5259
f 5254 5259 5255
f 5478 5233 5229
f 5262 5495 5237
f 5232 5229 5233
f 5487 5235 5233
f 5241 5483 5243
f 5234 5233 5235
f 5493 5231 5235
f 5247 5478 5229
f 5230 5235 5231
f 5243 5481 5239
f 5242 5239 5238
f 5237 5489 5241
f 5240 5243 5242
f 5236 5241 5240
f 5228 5247 5229
f 5262 5502 5498
f 5262 5236 5263
f 5253 5238 5239
f 5260 5244 5261
f 5260 5254 5255
f 5260 5457 5245
f 5262 5230 5231
f 5239 5471 5253
f 5271 5276 5265
f 5281 5275 5276
f 5333 5281 5270
f 5271 5282 5280
f 5282 5273 5283
f 5283 5272 5284
f 5284 5270 5281
f 5265 5279 5267
f 5279 5268 5267
f 5278 5269 5268
f 5277 5266 5269
f 5383 5289 5305
f 5320 5286 5316
f 5327 5293 5323
f 5286 5317 5316
f 5288 5318 5317
f 5287 5319 5318
f 5346 5320 5347
f 5324 5315 5325
f 5325 5314 5326
f 5326 5312 5327
f 5330 5301 5303
f 5329 5303 5302
f 5328 5302 5300
f 5342 5327 5343
f 5341 5326 5342
f 5285 5331 5319
f 5295 5323 5293
f 5294 5322 5295
f 5292 5321 5294
f 5336 5325 5341
f 5340 5318 5319
f 5317 5350 5349
f 5316 5349 5348
f 5343 5323 5335
f 5328 5300 5332
f 5345 5321 5346
f 5335 5322 5345
f 5360 5289 5351
f 5344 5329 5328
f 5307 5359 5358
f 5306 5360 5359
f 5347 5366 5370
f 5334 5275 5332
f 5293 5333 5334
f 5514 5512 5368
f 5347 5320 5518
f 5338 5331 5330
f 5337 5330 5329
f 5355 5337 5344
f 5339 5319 5331
f 5356 5345 5361
f 5361 5346 5362
f 5348 5364 5363
f 5349 5365 5364
f 5351 5350 5340
f 5357 5341 5352
f 5352 5342 5353
f 5353 5343 5354
f 5362 5347 5370
f 5362 5297 5299
f 5311 5354 5309
f 5310 5353 5311
f 5310 5308 5506
f 5291 5351 5289
f 5290 5365 5291
f 5383 5364 5290
f 5354 5296 5309
f 5361 5299 5298
f 5356 5298 5296
f 5358 5355 5504
f 5372 5370 5366
f 5359 5339 5338
f 5358 5338 5337
f 5387 5389 5384
f 5367 5348 5363
f 5363 5371 5367
f 5366 5380 5372
f 5374 5379 5371
f 5368 5378 5369
f 5367 5379 5376
f 5373 5380 5381
f 5366 5378 5375
f 5367 5377 5368
f 5370 5386 5297
f 5386 5373 5391
f 5385 5363 5383
f 5390 5393 5389
f 5391 5381 5395
f 5388 5382 5374
f 5385 5388 5374
f 5389 5392 5388
f 5395 5390 5391
f 5388 5384 5389
f 5391 5387 5386
f 5385 5383 5297
f 5351 5340 5474
f 5415 5211 5205
f 5414 5424 5335
f 5426 5420 5343
f 5472 5480 5339
f 5396 5401 5400
f 5401 5397 5399
f 5399 5407 5401
f 5401 5406 5400
f 5409 5404 5403
f 5410 5402 5404
f 5405 5413 5407
f 5407 5412 5406
f 5408 5398 5396
f 5410 5397 5398
f 5403 5419 5418
f 5404 5417 5419
f 5411 5416 5413
f 5413 5414 5412
f 5418 5422 5421
f 5419 5420 5422
f 5415 5425 5416
f 5416 5424 5414
f 5420 5428 5422
f 5422 5427 5421
f 5430 5425 5423
f 5431 5424 5425
f 5433 5428 5434
f 5434 5426 5432
f 5439 5434 5440
f 5440 5432 5438
f 5436 5431 5430
f 5437 5429 5431
f 5442 5437 5436
f 5443 5435 5437
f 5445 5440 5446
f 5446 5438 5444
f 5447 5446 5444
f 5446 5448 5445
f 5441 5449 5447
f 5443 5448 5449
f 5450 5455 5452
f 5452 5454 5451
f 5454 5458 5457
f 5458 5453 5456
f 5465 5458 5456
f 5467 5457 5458
f 5459 5464 5461
f 5461 5463 5460
f 5466 5470 5469
f 5467 5468 5470
f 5460 5473 5461
f 5461 5472 5459
f 5474 5479 5476
f 5476 5478 5475
f 5480 5485 5484
f 5482 5483 5485
f 5486 5494 5488
f 5488 5493 5487
f 5484 5491 5490
f 5485 5489 5491
f 5502 5494 5503
f 5503 5492 5501
f 5490 5497 5496
f 5491 5495 5497
f 5498 5497 5495
f 5500 5496 5497
f 5451 5464 5452
f 5452 5462 5450
f 5474 5470 5468
f 5476 5469 5470
f 5471 5482 5473
f 5473 5480 5472
f 5487 5479 5488
f 5488 5477 5486
f 5501 5500 5503
f 5503 5498 5502
f 5251 5475 5247
f 5305 5506 5308
f 5336 5375 5378
f 5344 5376 5355
f 5377 5336 5378
f 5355 5505 5504
f 5357 5507 5375
f 5509 5508 5506
f 5376 5379 5382
f 5507 5508 5381
f 5509 5382 5392
f 5508 5393 5394
f 5395 5381 5508
f 5394 5395 5508
f 5393 5509 5392
f 5518 5196 5198
f 5210 5208 5215
f 5511 5196 5510
f 5516 5193 5200
f 5198 5517 5518
f 5514 5208 5512
f 5200 5520 5516
f 5215 5519 5520
f 5217 5514 5515
f 5513 5210 5511
f 5512 5213 5513
f 5216 5222 5212
f 5222 5220 5212
f 5212 5192 5182
f 5225 5204 5202
f 5192 5199 5190
f 5199 5195 5190
f 5190 5227 5192
f 5227 5184 5182
f 5184 5188 5186
f 5182 5184 5186
f 5182 5204 5212
f 5204 5209 5206
f 5212 5204 5225
f 5206 5202 5204
f 5225 5216 5212
f 5205 5211 5209
f 5411 5405 5207
f 5211 5207 5206
f 5405 5399 5203
f 5207 5203 5202
f 5221 5418 5421
f 5220 5221 5214
f 5223 5403 5418
f 5222 5223 5221
f 5218 5409 5403
f 5216 5218 5223
f 5187 5430 5423
f 5186 5187 5183
f 5189 5436 5430
f 5188 5189 5187
f 5185 5442 5436
f 5184 5185 5189
f 5427 5433 5201
f 5194 5201 5199
f 5433 5439 5197
f 5201 5197 5195
f 5439 5445 5191
f 5197 5191 5190
f 5183 5423 5415
f 5183 5205 5204
f 5442 5185 5226
f 5226 5227 5190
f 5409 5218 5224
f 5192 5212 5214
f 5226 5191 5445
f 5224 5225 5202
f 5216 5225 5224
f 5224 5203 5399
f 5184 5227 5226
f 5427 5194 5214
f 5244 5248 5246
f 5248 5250 5246
f 5246 5228 5238
f 5261 5252 5254
f 5228 5232 5230
f 5232 5234 5230
f 5230 5263 5228
f 5263 5236 5238
f 5236 5240 5242
f 5238 5236 5242
f 5238 5252 5246
f 5252 5256 5258
f 5246 5252 5261
f 5258 5254 5252
f 5261 5244 5246
f 5250 5251 5247
f 5249 5466 5469
f 5260 5255 5451
f 5248 5249 5251
f 5245 5457 5466
f 5244 5245 5249
f 5471 5460 5257
f 5463 5451 5255
f 5256 5252 5253
f 5259 5257 5460
f 5258 5256 5257
f 5254 5258 5259
f 5478 5487 5233
f 5262 5498 5495
f 5232 5228 5229
f 5487 5493 5235
f 5241 5489 5483
f 5234 5232 5233
f 5493 5502 5231
f 5247 5475 5478
f 5230 5234 5235
f 5243 5483 5481
f 5242 5243 5239
f 5237 5495 5489
f 5240 5241 5243
f 5236 5237 5241
f 5228 5246 5247
f 5262 5231 5502
f 5262 5237 5236
f 5253 5252 5238
f 5260 5245 5244
f 5260 5261 5254
f 5260 5454 5457
f 5262 5263 5230
f 5239 5481 5471
f 5271 5280 5276
f 5282 5283 5280
f 5283 5284 5280
f 5284 5281 5280
f 5281 5264 5275
f 5264 5332 5275
f 5275 5277 5276
f 5277 5278 5276
f 5278 5279 5276
f 5276 5280 5281
f 5333 5264 5281
f 5271 5274 5282
f 5282 5274 5273
f 5283 5273 5272
f 5284 5272 5270
f 5265 5276 5279
f 5279 5278 5268
f 5278 5277 5269
f 5277 5275 5266
f 5304 5306 5307
f 5307 5305 5304
f 5305 5308 5383
f 5304 5305 5289
f 5308 5310 5311
f 5311 5309 5308
f 5309 5296 5308
f 5296 5298 5299
f 5299 5297 5296
f 5297 5383 5308
f 5296 5297 5308
f 5383 5290 5291
f 5291 5289 5383
f 5320 5292 5286
f 5327 5312 5293
f 5286 5288 5317
f 5288 5287 5318
f 5287 5285 5319
f 5346 5321 5320
f 5324 5313 5315
f 5325 5315 5314
f 5326 5314 5312
f 5330 5331 5301
f 5329 5330 5303
f 5328 5329 5302
f 5342 5326 5327
f 5341 5325 5326
f 5285 5301 5331
f 5295 5322 5323
f 5294 5321 5322
f 5292 5320 5321
f 5336 5324 5325
f 5340 5350 5318
f 5317 5318 5350
f 5316 5317 5349
f 5343 5327 5323
f 5332 5264 5324
f 5264 5313 5324
f 5324 5328 5332
f 5345 5322 5321
f 5335 5323 5322
f 5360 5304 5289
f 5344 5337 5329
f 5307 5306 5359
f 5306 5304 5360
f 5347 5369 5366
f 5334 5266 5275
f 5312 5314 5313
f 5314 5315 5313
f 5313 5264 5333
f 5313 5333 5312
f 5293 5312 5333
f 5294 5295 5292
f 5295 5293 5292
f 5286 5292 5285
f 5285 5293 5334
f 5287 5288 5286
f 5301 5285 5334
f 5285 5287 5286
f 5302 5303 5300
f 5303 5301 5300
f 5332 5300 5334
f 5334 5300 5301
f 5293 5285 5292
f 5512 5513 5368
f 5513 5348 5368
f 5368 5515 5514
f 5519 5515 5368
f 5368 5369 5519
f 5369 5347 5517
f 5519 5369 5517
f 5348 5513 5511
f 5348 5511 5510
f 5517 5516 5520
f 5520 5519 5517
f 5316 5348 5510
f 5316 5510 5320
f 5510 5518 5320
f 5518 5517 5347
f 5338 5339 5331
f 5337 5338 5330
f 5355 5358 5337
f 5339 5340 5319
f 5356 5335 5345
f 5361 5345 5346
f 5348 5349 5364
f 5349 5350 5365
f 5351 5365 5350
f 5357 5336 5341
f 5352 5341 5342
f 5353 5342 5343
f 5362 5346 5347
f 5362 5370 5297
f 5311 5353 5354
f 5310 5352 5353
f 5506 5357 5352
f 5352 5310 5506
f 5291 5365 5351
f 5290 5364 5365
f 5383 5363 5364
f 5354 5356 5296
f 5361 5362 5299
f 5356 5361 5298
f 5504 5305 5307
f 5307 5358 5504
f 5372 5373 5370
f 5359 5360 5339
f 5358 5359 5338
f 5387 5390 5389
f 5367 5368 5348
f 5363 5374 5371
f 5366 5375 5380
f 5374 5382 5379
f 5368 5377 5378
f 5367 5371 5379
f 5373 5372 5380
f 5366 5369 5378
f 5367 5376 5377
f 5370 5373 5386
f 5385 5374 5363
f 5390 5394 5393
f 5391 5373 5381
f 5388 5392 5382
f 5389 5393 5392
f 5395 5394 5390
f 5388 5385 5384
f 5391 5390 5387
f 5297 5386 5385
f 5386 5387 5385
f 5387 5384 5385
f 5456 5453 5351
f 5340 5499 5501
f 5340 5501 5492
f 5465 5456 5351
f 5468 5465 5351
f 5340 5492 5486
f 5340 5486 5477
f 5474 5468 5351
f 5340 5477 5474
f 5415 5411 5211
f 5441 5447 5335
f 5356 5396 5400
f 5356 5400 5406
f 5435 5441 5335
f 5429 5435 5335
f 5356 5406 5412
f 5356 5412 5414
f 5424 5429 5335
f 5356 5414 5335
f 5408 5396 5354
f 5396 5356 5354
f 5343 5335 5444
f 5335 5447 5444
f 5402 5408 5354
f 5343 5444 5438
f 5343 5438 5432
f 5417 5402 5354
f 5420 5417 5354
f 5354 5343 5420
f 5343 5432 5426
f 5496 5499 5340
f 5360 5351 5453
f 5360 5453 5450
f 5496 5340 5339
f 5490 5496 5339
f 5360 5450 5462
f 5360 5462 5459
f 5484 5490 5339
f 5480 5484 5339
f 5339 5360 5472
f 5360 5459 5472
f 5396 5398 5401
f 5401 5398 5397
f 5399 5405 5407
f 5401 5407 5406
f 5409 5410 5404
f 5410 5408 5402
f 5405 5411 5413
f 5407 5413 5412
f 5408 5410 5398
f 5410 5409 5397
f 5403 5404 5419
f 5404 5402 5417
f 5411 5415 5416
f 5413 5416 5414
f 5418 5419 5422
f 5419 5417 5420
f 5415 5423 5425
f 5416 5425 5424
f 5420 5426 5428
f 5422 5428 5427
f 5430 5431 5425
f 5431 5429 5424
f 5433 5427 5428
f 5434 5428 5426
f 5439 5433 5434
f 5440 5434 5432
f 5436 5437 5431
f 5437 5435 5429
f 5442 5443 5437
f 5443 5441 5435
f 5445 5439 5440
f 5446 5440 5438
f 5447 5449 5446
f 5446 5449 5448
f 5441 5443 5449
f 5443 5442 5448
f 5450 5453 5455
f 5452 5455 5454
f 5454 5455 5458
f 5458 5455 5453
f 5465 5467 5458
f 5467 5466 5457
f 5459 5462 5464
f 5461 5464 5463
f 5466 5467 5470
f 5467 5465 5468
f 5460 5471 5473
f 5461 5473 5472
f 5474 5477 5479
f 5476 5479 5478
f 5480 5482 5485
f 5482 5481 5483
f 5486 5492 5494
f 5488 5494 5493
f 5484 5485 5491
f 5485 5483 5489
f 5502 5493 5494
f 5503 5494 5492
f 5490 5491 5497
f 5491 5489 5495
f 5498 5500 5497
f 5500 5499 5496
f 5451 5463 5464
f 5452 5464 5462
f 5474 5476 5470
f 5476 5475 5469
f 5471 5481 5482
f 5473 5482 5480
f 5487 5478 5479
f 5488 5479 5477
f 5501 5499 5500
f 5503 5500 5498
f 5251 5469 5475
f 5305 5504 5506
f 5336 5357 5375
f 5344 5377 5376
f 5377 5344 5336
f 5355 5376 5505
f 5357 5506 5507
f 5508 5507 5506
f 5506 5504 5509
f 5504 5505 5509
f 5509 5505 5382
f 5505 5376 5382
f 5381 5380 5375
f 5375 5507 5381
f 5508 5509 5393
f 5518 5510 5196
f 5200 5193 5198
f 5198 5196 5200
f 5196 5210 5200
f 5210 5213 5208
f 5208 5217 5215
f 5217 5219 5215
f 5215 5200 5210
f 5511 5210 5196
f 5516 5517 5193
f 5198 5193 5517
f 5514 5217 5208
f 5200 5215 5520
f 5215 5219 5519
f 5515 5519 5219
f 5219 5217 5515
f 5513 5213 5210
f 5512 5208 5213
f 5549 5572 5577
f 5682 5683 5560
f 5539 5578 5574
f 5525 5559 5565
f 5685 5568 5564
f 5568 5686 5688
f 5606 5690 5691
f 5693 5694 5586
f 5581 5551 5550
f 5601 5558 5614
f 5695 5689 5610
f 5614 5556 5610
f 5543 5599 5527
f 5623 5554 5601
f 5523 5565 5570
f 5521 5604 5596
f 5577 5550 5549
f 5570 5534 5523
f 5591 5536 5534
f 5608 5528 5613
f 5587 5538 5536
f 5541 5622 5543
f 5583 5533 5538
f 5539 5619 5542
f 5613 5527 5599
f 5564 5545 5546
f 5604 5530 5608
f 5559 5567 5565
f 5562 5564 5567
f 5570 5567 5571
f 5571 5564 5568
f 5586 5594 5592
f 5594 5587 5591
f 5581 5589 5586
f 5589 5583 5587
f 5577 5585 5581
f 5585 5578 5583
f 5595 5607 5606
f 5607 5596 5604
f 5606 5611 5610
f 5607 5608 5611
f 5610 5615 5614
f 5611 5613 5615
f 5614 5603 5601
f 5615 5599 5603
f 5572 5580 5577
f 5580 5574 5578
f 5623 5603 5624
f 5603 5622 5624
f 5572 5621 5575
f 5575 5619 5574
f 5559 5598 5562
f 5562 5595 5560
f 5623 5618 5616
f 5624 5617 5618
f 5568 5594 5571
f 5571 5591 5570
f 5524 5596 5559
f 5549 5648 5620
f 5696 5697 5640
f 5637 5652 5633
f 5628 5639 5627
f 5642 5645 5700
f 5702 5703 5645
f 5704 5705 5670
f 5707 5708 5657
f 5654 5551 5657
f 5558 5667 5676
f 5712 5673 5706
f 5556 5676 5673
f 5666 5638 5629
f 5679 5554 5616
f 5626 5643 5628
f 5669 5625 5664
f 5651 5550 5654
f 5634 5646 5626
f 5635 5660 5634
f 5672 5630 5631
f 5636 5658 5635
f 5678 5541 5638
f 5633 5655 5636
f 5619 5637 5542
f 5675 5629 5630
f 5642 5545 5640
f 5669 5631 5632
f 5644 5639 5643
f 5642 5641 5644
f 5646 5644 5643
f 5647 5642 5644
f 5662 5657 5661
f 5662 5658 5659
f 5659 5654 5657
f 5659 5655 5656
f 5656 5651 5654
f 5656 5652 5653
f 5671 5663 5670
f 5671 5664 5665
f 5674 5670 5673
f 5672 5671 5674
f 5677 5673 5676
f 5675 5674 5677
f 5668 5676 5667
f 5666 5677 5668
f 5653 5648 5651
f 5653 5649 5650
f 5679 5668 5667
f 5678 5668 5680
f 5648 5621 5620
f 5650 5619 5621
f 5639 5665 5664
f 5641 5663 5665
f 5618 5679 5616
f 5617 5680 5618
f 5645 5662 5661
f 5647 5660 5662
f 5627 5664 5625
f 5526 5709 5694
f 5529 5694 5693
f 5693 5532 5529
f 5692 5535 5532
f 5537 5687 5688
f 5540 5688 5686
f 5544 5686 5685
f 5547 5685 5684
f 5547 5700 5548
f 5703 5548 5700
f 5702 5552 5703
f 5701 5553 5702
f 5710 5555 5701
f 5708 5557 5710
f 5544 5553 5563
f 5707 5561 5708
f 5709 5563 5707
f 5569 5698 5683
f 5573 5683 5682
f 5576 5682 5681
f 5579 5681 5691
f 5582 5691 5690
f 5584 5690 5689
f 5588 5689 5695
f 5590 5695 5711
f 5712 5590 5711
f 5706 5593 5712
f 5705 5597 5706
f 5704 5600 5705
f 5699 5602 5704
f 5697 5605 5699
f 5576 5588 5600
f 5696 5609 5697
f 5698 5612 5696
f 5549 5620 5572
f 5683 5698 5545
f 5545 5560 5683
f 5560 5595 5681
f 5682 5560 5681
f 5539 5533 5578
f 5525 5524 5559
f 5564 5546 5685
f 5546 5684 5685
f 5692 5592 5687
f 5592 5568 5688
f 5687 5592 5688
f 5568 5685 5686
f 5681 5595 5691
f 5595 5606 5691
f 5606 5689 5690
f 5694 5709 5551
f 5551 5586 5694
f 5586 5592 5692
f 5693 5586 5692
f 5581 5586 5551
f 5601 5554 5558
f 5606 5610 5689
f 5610 5556 5695
f 5556 5711 5695
f 5614 5558 5556
f 5543 5622 5599
f 5623 5616 5554
f 5523 5525 5565
f 5521 5531 5604
f 5577 5581 5550
f 5570 5591 5534
f 5591 5587 5536
f 5608 5530 5528
f 5587 5583 5538
f 5541 5617 5622
f 5583 5578 5533
f 5539 5574 5619
f 5613 5528 5527
f 5564 5560 5545
f 5604 5531 5530
f 5559 5562 5567
f 5562 5560 5564
f 5570 5565 5567
f 5571 5567 5564
f 5586 5589 5594
f 5594 5589 5587
f 5581 5585 5589
f 5589 5585 5583
f 5577 5580 5585
f 5585 5580 5578
f 5595 5598 5607
f 5607 5598 5596
f 5606 5607 5611
f 5607 5604 5608
f 5610 5611 5615
f 5611 5608 5613
f 5614 5615 5603
f 5615 5613 5599
f 5572 5575 5580
f 5580 5575 5574
f 5623 5601 5603
f 5603 5599 5622
f 5572 5620 5621
f 5575 5621 5619
f 5559 5596 5598
f 5562 5598 5595
f 5623 5624 5618
f 5624 5622 5617
f 5568 5592 5594
f 5571 5594 5591
f 5524 5521 5596
f 5549 5651 5648
f 5697 5699 5640
f 5699 5663 5640
f 5640 5545 5696
f 5545 5698 5696
f 5637 5649 5652
f 5628 5643 5639
f 5700 5684 5546
f 5546 5642 5700
f 5703 5700 5645
f 5645 5661 5702
f 5661 5710 5701
f 5661 5701 5702
f 5705 5706 5670
f 5670 5663 5704
f 5663 5699 5704
f 5708 5710 5657
f 5710 5661 5657
f 5657 5551 5707
f 5551 5709 5707
f 5654 5550 5551
f 5558 5554 5667
f 5712 5711 5556
f 5556 5673 5712
f 5673 5670 5706
f 5556 5558 5676
f 5666 5678 5638
f 5679 5667 5554
f 5626 5646 5643
f 5669 5632 5625
f 5651 5549 5550
f 5634 5660 5646
f 5635 5658 5660
f 5672 5675 5630
f 5636 5655 5658
f 5678 5617 5541
f 5633 5652 5655
f 5619 5649 5637
f 5675 5666 5629
f 5642 5546 5545
f 5669 5672 5631
f 5644 5641 5639
f 5642 5640 5641
f 5646 5647 5644
f 5647 5645 5642
f 5662 5659 5657
f 5662 5660 5658
f 5659 5656 5654
f 5659 5658 5655
f 5656 5653 5651
f 5656 5655 5652
f 5671 5665 5663
f 5671 5669 5664
f 5674 5671 5670
f 5672 5669 5671
f 5677 5674 5673
f 5675 5672 5674
f 5668 5677 5676
f 5666 5675 5677
f 5653 5650 5648
f 5653 5652 5649
f 5679 5680 5668
f 5678 5666 5668
f 5648 5650 5621
f 5650 5649 5619
f 5639 5641 5665
f 5641 5640 5663
f 5618 5680 5679
f 5617 5678 5680
f 5645 5647 5662
f 5647 5646 5660
f 5627 5639 5664
f 5526 5522 5709
f 5529 5526 5694
f 5693 5692 5532
f 5692 5687 5535
f 5537 5535 5687
f 5540 5537 5688
f 5544 5540 5686
f 5547 5544 5685
f 5547 5684 5700
f 5703 5552 5548
f 5702 5553 5552
f 5701 5555 5553
f 5710 5557 5555
f 5708 5561 5557
f 5563 5522 5526
f 5526 5529 5563
f 5529 5532 5563
f 5532 5535 5544
f 5535 5537 5544
f 5537 5540 5544
f 5544 5547 5553
f 5547 5548 5553
f 5548 5552 5553
f 5553 5555 5557
f 5557 5561 5553
f 5561 5563 5553
f 5563 5532 5544
f 5707 5563 5561
f 5709 5522 5563
f 5569 5566 5698
f 5573 5569 5683
f 5576 5573 5682
f 5579 5576 5681
f 5582 5579 5691
f 5584 5582 5690
f 5588 5584 5689
f 5590 5588 5695
f 5712 5593 5590
f 5706 5597 5593
f 5705 5600 5597
f 5704 5602 5600
f 5699 5605 5602
f 5697 5609 5605
f 5612 5566 5576
f 5566 5569 5576
f 5569 5573 5576
f 5576 5579 5588
f 5579 5582 5588
f 5582 5584 5588
f 5588 5590 5593
f 5593 5597 5600
f 5600 5602 5612
f 5602 5605 5612
f 5605 5609 5612
f 5588 5593 5600
f 5612 5576 5600
f 5696 5612 5609
f 5698 5566 5612
f 5714 5715 5713
f 5716 5717 5715
f 5717 5720 5719
f 5719 5722 5721
f 5733 5732 5736
f 5713 5735 5714
f 5724 5725 5723
f 5726 5727 5725
f 5728 5729 5727
f 5730 5731 5729
f 5753 5766 5754
f 5754 5767 5755
f 5738 5763 5764
f 5748 5765 5753
f 5768 5755 5767
f 5750 5763 5761
f 5749 5761 5762
f 5764 5756 5768
f 5731 5748 5745
f 5747 5762 5734
f 5713 5747 5734
f 5727 5729 5745
f 5719 5721 5746
f 5757 5736 5759
f 5758 5734 5760
f 5737 5761 5739
f 5739 5763 5740
f 5743 5768 5767
f 5742 5766 5765
f 5743 5766 5744
f 5738 5772 5740
f 5757 5765 5733
f 5741 5764 5768
f 5760 5762 5737
f 5739 5769 5737
f 5742 5777 5774
f 5740 5771 5739
f 5738 5773 5770
f 5741 5775 5773
f 5737 5780 5760
f 5744 5774 5776
f 5743 5776 5775
f 5757 5779 5777
f 5760 5778 5758
f 5751 5764 5763
f 5783 5782 5781
f 5785 5784 5783
f 5785 5788 5786
f 5787 5722 5788
f 5797 5796 5795
f 5781 5799 5798
f 5789 5724 5723
f 5791 5790 5789
f 5793 5792 5791
f 5795 5794 5793
f 5753 5818 5817
f 5754 5819 5818
f 5802 5815 5804
f 5748 5817 5797
f 5755 5820 5819
f 5815 5750 5813
f 5813 5749 5814
f 5816 5756 5752
f 5795 5748 5797
f 5814 5747 5798
f 5747 5781 5798
f 5789 5723 5745
f 5785 5783 5746
f 5800 5809 5811
f 5798 5810 5812
f 5813 5801 5803
f 5815 5803 5804
f 5807 5820 5805
f 5806 5818 5808
f 5818 5807 5808
f 5772 5802 5804
f 5809 5817 5806
f 5805 5816 5802
f 5814 5812 5801
f 5769 5803 5801
f 5806 5777 5809
f 5771 5804 5803
f 5802 5773 5805
f 5805 5775 5807
f 5780 5801 5812
f 5808 5774 5806
f 5807 5776 5808
f 5809 5779 5811
f 5778 5812 5810
f 5816 5751 5815
f 5714 5716 5715
f 5716 5718 5717
f 5717 5718 5720
f 5719 5720 5722
f 5733 5731 5732
f 5713 5734 5735
f 5724 5726 5725
f 5726 5728 5727
f 5728 5730 5729
f 5730 5732 5731
f 5753 5765 5766
f 5754 5766 5767
f 5738 5740 5763
f 5748 5733 5765
f 5768 5756 5755
f 5750 5751 5763
f 5749 5750 5761
f 5764 5752 5756
f 5731 5733 5748
f 5747 5749 5762
f 5713 5746 5747
f 5729 5731 5745
f 5745 5723 5725
f 5725 5727 5745
f 5746 5713 5715
f 5715 5717 5746
f 5717 5719 5746
f 5757 5733 5736
f 5758 5735 5734
f 5737 5762 5761
f 5739 5761 5763
f 5743 5741 5768
f 5742 5744 5766
f 5743 5767 5766
f 5738 5770 5772
f 5757 5742 5765
f 5741 5738 5764
f 5760 5734 5762
f 5739 5771 5769
f 5742 5757 5777
f 5740 5772 5771
f 5738 5741 5773
f 5741 5743 5775
f 5737 5769 5780
f 5744 5742 5774
f 5743 5744 5776
f 5757 5759 5779
f 5760 5780 5778
f 5751 5752 5764
f 5783 5784 5782
f 5785 5786 5784
f 5785 5787 5788
f 5787 5721 5722
f 5797 5800 5796
f 5781 5782 5799
f 5789 5790 5724
f 5791 5792 5790
f 5793 5794 5792
f 5795 5796 5794
f 5753 5754 5818
f 5754 5755 5819
f 5802 5816 5815
f 5748 5753 5817
f 5755 5756 5820
f 5815 5751 5750
f 5813 5750 5749
f 5816 5820 5756
f 5795 5745 5748
f 5814 5749 5747
f 5747 5746 5781
f 5745 5795 5793
f 5793 5791 5745
f 5791 5789 5745
f 5783 5781 5746
f 5746 5721 5787
f 5787 5785 5746
f 5800 5797 5809
f 5798 5799 5810
f 5813 5814 5801
f 5815 5813 5803
f 5807 5819 5820
f 5806 5817 5818
f 5818 5819 5807
f 5772 5770 5802
f 5809 5797 5817
f 5805 5820 5816
f 5814 5798 5812
f 5769 5771 5803
f 5806 5774 5777
f 5771 5772 5804
f 5802 5770 5773
f 5805 5773 5775
f 5780 5769 5801
f 5808 5776 5774
f 5807 5775 5776
f 5809 5777 5779
f 5778 5780 5812
f 5816 5752 5751
f 5835 5829 5830
f 5845 5888 5844
f 5867 5892 5894
f 5860 5857 5821
f 5826 5828 5825
f 5833 5836 5835
f 5824 5881 5823
f 5839 5894 5838
f 5877 5875 5878
f 5870 5889 5891
f 5873 5886 5888
f 5876 5883 5885
f 5826 5853 5850
f 5835 5821 5823
f 5833 5895 5834
f 5846 5887 5848
f 5831 5829 5832
f 5837 5831 5832
f 5840 5865 5838
f 5825 5824 5822
f 5843 5862 5841
f 5846 5859 5844
f 5849 5856 5847
f 5865 5839 5838
f 5896 5868 5869
f 5859 5845 5844
f 5893 5871 5872
f 5876 5887 5878
f 5890 5874 5875
f 5856 5848 5847
f 5887 5877 5878
f 5879 5827 5882
f 5884 5880 5881
f 5862 5842 5841
f 5839 5864 5837
f 5870 5893 5872
f 5858 5843 5845
f 5873 5890 5875
f 5889 5874 5890
f 5853 5851 5850
f 5886 5877 5887
f 5879 5884 5881
f 5867 5896 5869
f 5843 5891 5889
f 5846 5888 5886
f 5849 5885 5883
f 5842 5891 5841
f 5840 5893 5842
f 5826 5882 5827
f 5843 5890 5845
f 5849 5884 5851
f 5848 5885 5847
f 5834 5829 5836
f 5851 5882 5850
f 5861 5840 5842
f 5821 5830 5863
f 5861 5866 5865
f 5830 5866 5863
f 5892 5871 5893
f 5854 5853 5825
f 5855 5860 5859
f 5858 5863 5862
f 5857 5854 5821
f 5821 5863 5860
f 5837 5896 5839
f 5840 5894 5892
f 5835 5823 5872
f 5822 5854 5825
f 5828 5879 5881
f 5869 5835 5872
f 5874 5872 5875
f 5872 5823 5875
f 5881 5878 5823
f 5875 5823 5878
f 5855 5846 5848
f 5883 5880 5884
f 5852 5849 5851
f 5896 5895 5868
f 5839 5866 5864
f 5842 5863 5861
f 5845 5860 5858
f 5848 5857 5855
f 5851 5854 5852
f 5837 5834 5895
f 5880 5878 5881
f 5852 5857 5856
f 5831 5866 5830
f 5869 5833 5835
f 5835 5836 5829
f 5845 5890 5888
f 5826 5827 5828
f 5833 5834 5836
f 5824 5828 5881
f 5839 5896 5894
f 5877 5873 5875
f 5826 5825 5853
f 5835 5830 5821
f 5833 5868 5895
f 5846 5886 5887
f 5831 5830 5829
f 5837 5864 5831
f 5825 5828 5824
f 5865 5866 5839
f 5859 5860 5845
f 5876 5885 5887
f 5856 5857 5848
f 5879 5828 5827
f 5862 5863 5842
f 5870 5891 5893
f 5858 5862 5843
f 5873 5888 5890
f 5889 5870 5874
f 5853 5854 5851
f 5886 5873 5877
f 5879 5882 5884
f 5867 5894 5896
f 5843 5841 5891
f 5846 5844 5888
f 5849 5847 5885
f 5842 5893 5891
f 5840 5892 5893
f 5826 5850 5882
f 5843 5889 5890
f 5849 5883 5884
f 5848 5887 5885
f 5834 5832 5829
f 5851 5884 5882
f 5861 5865 5840
f 5861 5863 5866
f 5892 5867 5871
f 5855 5857 5860
f 5858 5860 5863
f 5837 5895 5896
f 5840 5838 5894
f 5822 5821 5854
f 5872 5871 5869
f 5871 5867 5869
f 5874 5870 5872
f 5855 5859 5846
f 5883 5876 5880
f 5852 5856 5849
f 5837 5832 5834
f 5880 5876 5878
f 5852 5854 5857
f 5831 5864 5866
f 5869 5868 5833
f 5965 5939 5923
f 5939 5925 5923
f 5941 5927 5925
f 5943 5929 5927
f 5945 5931 5929
f 5899 5971 5968
f 5914 5982 5984
f 5958 5936 5951
f 5947 5949 5966
f 5932 5934 5958
f 5930 5948 5946
f 5928 5946 5944
f 5926 5944 5942
f 5924 5942 5940
f 5920 5957 5956
f 5918 5956 5955
f 5916 5955 5954
f 5901 5960 5953
f 5898 5953 5952
f 5936 5952 5951
f 5954 5962 5913
f 5959 5899 5897
f 5966 5935 5933
f 5964 5921 5919
f 5963 5919 5917
f 5962 5917 5915
f 5913 5912 5914
f 5911 5910 5912
f 5909 5908 5910
f 5907 5906 5908
f 5905 5904 5906
f 5903 5902 5904
f 5961 5897 5935
f 5994 6036 5996
f 5968 6007 5967
f 5928 5996 5998
f 5915 5983 5913
f 5900 5972 5902
f 5927 5999 5997
f 5916 5984 5986
f 5901 5973 5971
f 5928 6000 5930
f 5917 5985 5915
f 5902 5974 5904
f 5929 6001 5999
f 5918 5986 5988
f 5903 5975 5973
f 5930 6002 5932
f 5919 5987 5917
f 5904 5976 5906
f 5931 6003 6001
f 5920 5988 5990
f 5905 5977 5975
f 5932 6004 5934
f 5921 5989 5919
f 5906 5978 5908
f 5933 6005 6003
f 5922 5990 5992
f 5909 5977 5907
f 5934 6006 5936
f 5923 5991 5921
f 5910 5978 5980
f 5935 5967 6005
f 5924 5992 5994
f 5911 5979 5909
f 5936 5970 5898
f 5925 5993 5923
f 5912 5980 5982
f 5897 5968 5967
f 5926 5994 5996
f 5913 5981 5911
f 5898 5969 5900
f 5927 5995 5925
f 6036 6020 6012
f 6021 6037 6045
f 5983 6021 5981
f 5969 6010 6009
f 5997 6035 5995
f 5982 6024 5984
f 5971 6008 5968
f 5996 6038 5998
f 5985 6023 5983
f 5969 6012 5972
f 5999 6037 5997
f 5984 6026 5986
f 5973 6011 5971
f 5998 6040 6000
f 5987 6025 5985
f 5972 6014 5974
f 6001 6039 5999
f 5986 6028 5988
f 5973 6015 6013
f 6000 6042 6002
f 5987 6029 6027
f 5974 6016 5976
f 6003 6041 6001
f 5988 6030 5990
f 5977 6015 5975
f 6002 6044 6004
f 5991 6029 5989
f 5976 6018 5978
f 6005 6043 6003
f 5990 6032 5992
f 5977 6019 6017
f 6006 6044 6046
f 5993 6031 5991
f 5980 6018 6020
f 6005 6007 6045
f 5992 6034 5994
f 5979 6021 6019
f 5970 6046 6010
f 5995 6033 5993
f 5980 6022 5982
f 5950 5940 5944
f 5937 5947 5943
f 5962 5953 5960
f 5957 5924 5940
f 5950 5957 5938
f 5966 5937 5965
f 5965 5963 5960
f 5954 5956 5958
f 5923 5921 5965
f 5965 5937 5939
f 5939 5941 5925
f 5941 5943 5927
f 5943 5945 5929
f 5945 5947 5931
f 5899 5901 5971
f 5914 5912 5982
f 5958 5934 5936
f 5933 5931 5966
f 5931 5947 5966
f 5950 5948 5958
f 5948 5932 5958
f 5930 5932 5948
f 5928 5930 5946
f 5926 5928 5944
f 5924 5926 5942
f 5920 5922 5957
f 5918 5920 5956
f 5916 5918 5955
f 5900 5902 5953
f 5902 5901 5953
f 5901 5899 5960
f 5898 5900 5953
f 5936 5898 5952
f 5962 5915 5913
f 5913 5914 5954
f 5914 5916 5954
f 5959 5960 5899
f 5966 5961 5935
f 5964 5965 5921
f 5963 5964 5919
f 5962 5963 5917
f 5913 5911 5912
f 5911 5909 5910
f 5909 5907 5908
f 5907 5905 5906
f 5905 5903 5904
f 5903 5901 5902
f 5961 5959 5897
f 5994 6034 6036
f 5968 6008 6007
f 5928 5926 5996
f 5915 5985 5983
f 5900 5969 5972
f 5927 5929 5999
f 5916 5914 5984
f 5901 5903 5973
f 5928 5998 6000
f 5917 5987 5985
f 5902 5972 5974
f 5929 5931 6001
f 5918 5916 5986
f 5903 5905 5975
f 5930 6000 6002
f 5919 5989 5987
f 5904 5974 5976
f 5931 5933 6003
f 5920 5918 5988
f 5905 5907 5977
f 5932 6002 6004
f 5921 5991 5989
f 5906 5976 5978
f 5933 5935 6005
f 5922 5920 5990
f 5909 5979 5977
f 5934 6004 6006
f 5923 5993 5991
f 5910 5908 5978
f 5935 5897 5967
f 5924 5922 5992
f 5911 5981 5979
f 5936 6006 5970
f 5925 5995 5993
f 5912 5910 5980
f 5897 5899 5968
f 5926 5924 5994
f 5913 5983 5981
f 5898 5970 5969
f 5927 5997 5995
f 6012 6009 6010
f 6010 6046 6012
f 6046 6044 6012
f 6044 6042 6040
f 6040 6038 6044
f 6038 6036 6044
f 6036 6034 6028
f 6034 6032 6028
f 6032 6030 6028
f 6028 6026 6024
f 6024 6022 6028
f 6022 6020 6028
f 6020 6018 6016
f 6016 6014 6020
f 6014 6012 6020
f 6012 6044 6036
f 6036 6028 6020
f 6045 6007 6008
f 6008 6011 6013
f 6013 6015 6017
f 6017 6019 6021
f 6021 6023 6025
f 6025 6027 6021
f 6027 6029 6021
f 6029 6031 6037
f 6031 6033 6037
f 6033 6035 6037
f 6037 6039 6041
f 6041 6043 6045
f 6045 6008 6013
f 6013 6017 6021
f 6037 6041 6045
f 6045 6013 6021
f 6021 6029 6037
f 5983 6023 6021
f 5969 5970 6010
f 5997 6037 6035
f 5982 6022 6024
f 5971 6011 6008
f 5996 6036 6038
f 5985 6025 6023
f 5969 6009 6012
f 5999 6039 6037
f 5984 6024 6026
f 5973 6013 6011
f 5998 6038 6040
f 5987 6027 6025
f 5972 6012 6014
f 6001 6041 6039
f 5986 6026 6028
f 5973 5975 6015
f 6000 6040 6042
f 5987 5989 6029
f 5974 6014 6016
f 6003 6043 6041
f 5988 6028 6030
f 5977 6017 6015
f 6002 6042 6044
f 5991 6031 6029
f 5976 6016 6018
f 6005 6045 6043
f 5990 6030 6032
f 5977 5979 6019
f 6006 6004 6044
f 5993 6033 6031
f 5980 5978 6018
f 6005 5967 6007
f 5992 6032 6034
f 5979 5981 6021
f 5970 6006 6046
f 5995 6035 6033
f 5980 6020 6022
f 5946 5948 5944
f 5948 5950 5944
f 5950 5938 5940
f 5940 5942 5944
f 5937 5949 5947
f 5947 5945 5943
f 5943 5941 5939
f 5939 5937 5943
f 5962 5954 5953
f 5940 5938 5957
f 5957 5922 5924
f 5950 5958 5957
f 5966 5949 5937
f 5960 5959 5961
f 5961 5966 5965
f 5965 5964 5963
f 5963 5962 5960
f 5960 5961 5965
f 5958 5951 5952
f 5952 5953 5954
f 5954 5955 5956
f 5956 5957 5958
f 5958 5952 5954
f 6047 6052 6050
f 6052 6217 6055
f 6067 6273 6274
f 6073 6076 6067
f 6079 6084 6076
f 6085 6088 6084
f 6091 6093 6088
f 6094 6096 6093
f 6097 6099 6096
f 6100 6102 6099
f 6263 6264 6108
f 6217 6132 6073
f 6076 6135 6272
f 6066 6111 6110
f 6198 6105 6197
f 6106 6102 6103
f 6212 6208 6209
f 6066 6071 6062
f 6075 6078 6071
f 6081 6083 6078
f 6083 6141 6090
f 6136 6141 6142
f 6211 6114 6213
f 6170 6192 6188
f 6216 6214 6167
f 6125 6075 6127
f 6190 6233 6231
f 6145 6116 6119
f 6145 6139 6146
f 6127 6121 6128
f 6115 6118 6116
f 6071 6126 6128
f 6117 6126 6118
f 6130 6292 6124
f 6120 6284 6285
f 6125 6128 6126
f 6110 6248 6249
f 6133 6113 6190
f 6119 6136 6139
f 6140 6136 6137
f 6142 6145 6146
f 6147 6142 6146
f 6144 6149 6138
f 6140 6146 6139
f 6149 6151 6150
f 6151 6144 6152
f 6152 6143 6147
f 6150 6138 6149
f 6137 6153 6140
f 6141 6115 6145
f 6090 6116 6083
f 6153 6147 6140
f 6143 6136 6142
f 6144 6137 6143
f 6151 6153 6150
f 6155 6171 6154
f 6158 6174 6157
f 6156 6175 6158
f 6160 6172 6155
f 6154 6176 6159
f 6161 6177 6160
f 6162 6178 6161
f 6168 6187 6170
f 6163 6179 6162
f 6165 6180 6163
f 6157 6186 6169
f 6164 6182 6165
f 6159 6173 6156
f 6166 6196 6193
f 6167 6185 6168
f 6161 6160 6111
f 6169 6184 6167
f 6188 6189 6190
f 6189 6192 6191
f 6189 6183 6166
f 6196 6194 6193
f 6194 6181 6164
f 6051 6208 6048
f 6202 6054 6198
f 6054 6201 6198
f 6060 6210 6201
f 6070 6210 6064
f 6074 6206 6070
f 6077 6203 6074
f 6080 6204 6077
f 6082 6207 6080
f 6048 6205 6082
f 6048 6082 6070
f 6089 6211 6086
f 6200 6092 6197
f 6092 6199 6197
f 6095 6209 6199
f 6098 6212 6209
f 6104 6212 6101
f 6104 6214 6216
f 6109 6214 6107
f 6109 6213 6215
f 6112 6211 6213
f 6089 6112 6107
f 6203 6204 6113
f 6225 6218 6279
f 6069 6056 6058
f 6053 6061 6057
f 6057 6058 6056
f 6219 6072 6068
f 6065 6069 6072
f 6217 6225 6220
f 6068 6055 6219
f 6225 6222 6220
f 6227 6223 6222
f 6226 6221 6223
f 6224 6282 6221
f 6278 6065 6217
f 6231 6240 6232
f 6229 6238 6230
f 6233 6239 6231
f 6232 6237 6229
f 6230 6236 6228
f 6234 6241 6233
f 6237 6240 6239
f 6249 6253 6247
f 6244 6252 6245
f 6247 6251 6244
f 6248 6255 6249
f 6245 6250 6243
f 6242 6257 6256
f 6256 6248 6242
f 6255 6254 6252
f 6264 6267 6262
f 6259 6270 6265
f 6266 6268 6263
f 6265 6271 6266
f 6263 6269 6264
f 6262 6258 6261
f 6260 6258 6267
f 6274 6272 6055
f 6281 6280 6279
f 6275 6053 6276
f 6278 6279 6277
f 6278 6275 6276
f 6289 6123 6291
f 6291 6299 6289
f 6290 6298 6300
f 6287 6294 6284
f 6292 6300 6302
f 6284 6295 6285
f 6288 6296 6298
f 6286 6293 6296
f 6289 6297 6287
f 6285 6293 6283
f 6293 6295 6301
f 6047 6049 6052
f 6055 6272 6050
f 6050 6052 6055
f 6274 6218 6073
f 6073 6067 6274
f 6073 6079 6076
f 6079 6085 6084
f 6085 6091 6088
f 6091 6094 6093
f 6094 6097 6096
f 6097 6100 6099
f 6100 6103 6102
f 6261 6135 6262
f 6135 6108 6262
f 6113 6134 6265
f 6134 6259 6265
f 6264 6262 6108
f 6108 6113 6263
f 6113 6265 6266
f 6113 6266 6263
f 6106 6103 6132
f 6103 6100 6132
f 6100 6097 6132
f 6097 6094 6132
f 6094 6091 6132
f 6091 6085 6132
f 6085 6079 6132
f 6079 6073 6132
f 6073 6218 6217
f 6217 6052 6049
f 6049 6132 6217
f 6132 6114 6106
f 6135 6047 6272
f 6047 6050 6272
f 6272 6273 6067
f 6076 6272 6067
f 6076 6084 6135
f 6084 6088 6135
f 6088 6093 6135
f 6093 6096 6135
f 6096 6099 6135
f 6099 6102 6135
f 6102 6105 6135
f 6105 6108 6135
f 6066 6062 6111
f 6201 6210 6105
f 6210 6108 6105
f 6106 6114 6211
f 6106 6211 6200
f 6198 6201 6105
f 6106 6200 6197
f 6199 6209 6202
f 6209 6208 6202
f 6105 6106 6197
f 6197 6199 6198
f 6199 6202 6198
f 6106 6105 6102
f 6212 6205 6208
f 6066 6075 6071
f 6075 6081 6078
f 6081 6087 6083
f 6083 6087 6141
f 6136 6090 6141
f 6170 6187 6192
f 6215 6213 6169
f 6213 6114 6169
f 6169 6167 6215
f 6168 6170 6207
f 6214 6215 6167
f 6167 6168 6216
f 6168 6207 6205
f 6216 6168 6212
f 6205 6212 6168
f 6117 6115 6087
f 6087 6081 6117
f 6081 6075 6125
f 6075 6066 6127
f 6066 6110 6127
f 6110 6122 6120
f 6110 6120 6127
f 6081 6125 6117
f 6230 6228 6133
f 6111 6131 6234
f 6131 6130 6234
f 6130 6124 6235
f 6130 6235 6234
f 6230 6133 6190
f 6229 6230 6190
f 6111 6234 6233
f 6232 6229 6190
f 6231 6232 6190
f 6190 6111 6233
f 6145 6115 6116
f 6145 6119 6139
f 6127 6120 6121
f 6115 6117 6118
f 6121 6131 6111
f 6111 6062 6128
f 6062 6071 6128
f 6071 6078 6126
f 6078 6083 6118
f 6126 6078 6118
f 6083 6116 6118
f 6128 6121 6111
f 6117 6125 6126
f 6130 6290 6292
f 6131 6121 6288
f 6121 6120 6285
f 6283 6121 6285
f 6122 6129 6289
f 6290 6130 6131
f 6288 6290 6131
f 6120 6122 6287
f 6122 6289 6287
f 6286 6288 6121
f 6283 6286 6121
f 6120 6287 6284
f 6125 6127 6128
f 6245 6243 6123
f 6129 6122 6244
f 6122 6110 6247
f 6244 6122 6247
f 6245 6123 6129
f 6244 6245 6129
f 6114 6132 6242
f 6132 6246 6242
f 6110 6114 6242
f 6110 6242 6248
f 6249 6247 6110
f 6133 6134 6113
f 6119 6090 6136
f 6140 6139 6136
f 6142 6141 6145
f 6147 6143 6142
f 6144 6148 6149
f 6140 6147 6146
f 6149 6148 6151
f 6151 6148 6144
f 6152 6144 6143
f 6150 6153 6138
f 6137 6138 6153
f 6141 6087 6115
f 6090 6119 6116
f 6153 6152 6147
f 6143 6137 6136
f 6144 6138 6137
f 6151 6152 6153
f 6155 6172 6171
f 6158 6175 6174
f 6156 6173 6175
f 6160 6177 6172
f 6154 6171 6176
f 6161 6178 6177
f 6162 6179 6178
f 6168 6185 6187
f 6163 6180 6179
f 6165 6182 6180
f 6157 6174 6186
f 6164 6181 6182
f 6159 6176 6173
f 6166 6183 6196
f 6167 6184 6185
f 6190 6189 6166
f 6190 6166 6193
f 6157 6169 6114
f 6158 6157 6114
f 6190 6193 6194
f 6190 6194 6164
f 6158 6114 6156
f 6114 6110 6156
f 6111 6190 6164
f 6111 6164 6165
f 6159 6156 6110
f 6154 6159 6110
f 6111 6165 6163
f 6111 6163 6162
f 6154 6110 6155
f 6110 6111 6155
f 6111 6162 6161
f 6160 6155 6111
f 6169 6186 6184
f 6189 6188 6192
f 6189 6191 6183
f 6196 6195 6194
f 6194 6195 6181
f 6051 6202 6208
f 6202 6051 6054
f 6054 6060 6201
f 6060 6064 6210
f 6070 6206 6210
f 6074 6203 6206
f 6077 6204 6203
f 6080 6207 6204
f 6082 6205 6207
f 6048 6208 6205
f 6082 6080 6070
f 6080 6077 6070
f 6077 6074 6070
f 6070 6064 6051
f 6064 6060 6051
f 6060 6054 6051
f 6051 6048 6070
f 6089 6200 6211
f 6200 6089 6092
f 6092 6095 6199
f 6095 6098 6209
f 6098 6101 6212
f 6104 6216 6212
f 6104 6107 6214
f 6109 6215 6214
f 6109 6112 6213
f 6112 6086 6211
f 6101 6098 6089
f 6098 6095 6089
f 6095 6092 6089
f 6089 6086 6112
f 6112 6109 6107
f 6107 6104 6089
f 6104 6101 6089
f 6204 6207 6170
f 6170 6188 6204
f 6188 6190 6204
f 6190 6113 6204
f 6113 6108 6206
f 6203 6113 6206
f 6108 6210 6206
f 6072 6069 6277
f 6069 6058 6061
f 6277 6069 6061
f 6061 6059 6277
f 6059 6275 6277
f 6279 6280 6224
f 6279 6224 6226
f 6279 6226 6227
f 6072 6277 6218
f 6277 6279 6218
f 6218 6274 6068
f 6068 6072 6218
f 6279 6227 6225
f 6069 6063 6056
f 6053 6059 6061
f 6057 6061 6058
f 6219 6065 6072
f 6065 6063 6069
f 6217 6218 6225
f 6068 6274 6055
f 6225 6227 6222
f 6227 6226 6223
f 6226 6224 6221
f 6224 6280 6282
f 6222 6223 6281
f 6223 6221 6281
f 6221 6282 6281
f 6278 6276 6053
f 6278 6053 6057
f 6220 6222 6281
f 6278 6057 6063
f 6057 6056 6063
f 6217 6220 6281
f 6217 6281 6278
f 6219 6055 6217
f 6278 6063 6065
f 6065 6219 6217
f 6231 6239 6240
f 6229 6237 6238
f 6233 6241 6239
f 6232 6240 6237
f 6230 6238 6236
f 6239 6241 6238
f 6241 6234 6235
f 6235 6236 6241
f 6241 6236 6238
f 6238 6237 6239
f 6249 6255 6253
f 6244 6251 6252
f 6247 6253 6251
f 6248 6254 6255
f 6245 6252 6250
f 6242 6246 6257
f 6256 6254 6248
f 6254 6256 6257
f 6257 6250 6254
f 6250 6252 6254
f 6252 6251 6253
f 6253 6255 6252
f 6264 6269 6267
f 6259 6260 6270
f 6266 6271 6268
f 6265 6270 6271
f 6263 6268 6269
f 6262 6267 6258
f 6269 6268 6267
f 6268 6271 6267
f 6271 6270 6267
f 6270 6260 6267
f 6274 6273 6272
f 6281 6282 6280
f 6275 6059 6053
f 6278 6281 6279
f 6278 6277 6275
f 6289 6129 6123
f 6291 6301 6299
f 6290 6288 6298
f 6287 6297 6294
f 6292 6290 6300
f 6284 6294 6295
f 6288 6286 6296
f 6286 6283 6293
f 6289 6299 6297
f 6285 6295 6293
f 6295 6294 6297
f 6297 6299 6295
f 6299 6301 6295
f 6301 6302 6293
f 6302 6300 6293
f 6300 6298 6293
f 6298 6296 6293
f 6309 6310 6304
f 6303 6335 6306
f 6309 6326 6310
f 6313 6429 6427
f 6311 6320 6312
f 6308 6329 6309
f 6307 6338 6305
f 6312 6317 6307
f 6306 6332 6308
f 6310 6323 6311
f 6320 6319 6317
f 6321 6318 6319
f 6431 6322 6433
f 6323 6321 6320
f 6324 6322 6321
f 6322 6432 6433
f 6326 6324 6323
f 6327 6325 6324
f 6325 6434 6432
f 6329 6327 6326
f 6330 6328 6327
f 6332 6330 6329
f 6333 6331 6330
f 6331 6436 6435
f 6335 6333 6332
f 6336 6334 6333
f 6334 6437 6436
f 6340 6431 6438
f 6318 6339 6319
f 6319 6338 6317
f 6442 6337 6336
f 6336 6314 6316
f 6346 6411 6394
f 6350 6393 6395
f 6344 6350 6349
f 6349 6392 6344
f 6343 6396 6348
f 6342 6348 6347
f 6347 6390 6342
f 6352 6389 6397
f 6352 6425 6430
f 6429 6399 6400
f 6400 6427 6429
f 6401 6347 6428
f 6428 6348 6439
f 6348 6396 6403
f 6440 6404 6441
f 6441 6404 6405
f 6436 6406 6349
f 6350 6436 6349
f 6408 6434 6435
f 6398 6426 6425
f 6434 6409 6432
f 6441 6337 6442
f 6432 6410 6433
f 6412 6411 6431
f 6431 6351 6438
f 6423 6422 6363
f 6397 6358 6398
f 6356 6389 6424
f 6362 6402 6401
f 6399 6360 6400
f 6360 6401 6400
f 6398 6354 6399
f 6362 6359 6361
f 6364 6361 6363
f 6353 6358 6357
f 6357 6356 6355
f 6359 6354 6353
f 6421 6363 6422
f 6365 6367 6376
f 6396 6370 6403
f 6368 6391 6420
f 6375 6407 6406
f 6404 6372 6405
f 6372 6406 6405
f 6403 6366 6404
f 6375 6371 6374
f 6373 6374 6376
f 6365 6370 6369
f 6369 6368 6367
f 6372 6365 6371
f 6388 6383 6379
f 6382 6395 6380
f 6393 6380 6395
f 6387 6411 6412
f 6378 6410 6409
f 6384 6412 6410
f 6378 6408 6382
f 6387 6383 6386
f 6385 6386 6388
f 6377 6382 6381
f 6381 6380 6379
f 6416 6379 6380
f 6384 6377 6383
f 6405 6437 6441
f 6328 6435 6434
f 6388 6413 6385
f 6385 6394 6411
f 6367 6420 6419
f 6376 6417 6373
f 6373 6392 6407
f 6355 6424 6423
f 6364 6390 6402
f 6316 6314 6313
f 6440 6442 6575
f 6443 6444 6522
f 6444 6524 6525
f 6446 6527 6526
f 6447 6528 6527
f 6573 6532 6530
f 6448 6572 6573
f 6533 6535 6449
f 6451 6539 6537
f 6539 6452 6540
f 6571 6544 6542
f 6571 6454 6570
f 6454 6455 6547
f 6455 6551 6549
f 6457 6553 6550
f 6553 6457 6458
f 6556 6459 6569
f 6528 6468 6527
f 6529 6472 6531
f 6468 6526 6527
f 6476 6525 6524
f 6531 6474 6528
f 6466 6532 6565
f 6479 6523 6525
f 6481 6522 6523
f 6483 6521 6522
f 6467 6474 6473
f 6473 6472 6471
f 6470 6471 6472
f 6469 6470 6466
f 6482 6477 6483
f 6483 6480 6482
f 6481 6478 6480
f 6479 6475 6478
f 6476 6467 6475
f 6568 6482 6567
f 6470 6530 6466
f 6486 6540 6492
f 6490 6541 6488
f 6486 6537 6539
f 6494 6538 6537
f 6492 6543 6490
f 6544 6484 6542
f 6497 6533 6538
f 6499 6535 6533
f 6501 6534 6535
f 6485 6492 6491
f 6491 6490 6489
f 6489 6488 6487
f 6487 6488 6484
f 6500 6495 6501
f 6501 6498 6500
f 6499 6496 6498
f 6497 6493 6496
f 6494 6485 6493
f 6564 6500 6563
f 6561 6487 6484
f 6488 6542 6484
f 6504 6553 6510
f 6556 6508 6552
f 6512 6550 6504
f 6512 6549 6551
f 6552 6510 6553
f 6555 6502 6554
f 6515 6547 6549
f 6517 6545 6547
f 6519 6546 6545
f 6503 6510 6509
f 6509 6508 6507
f 6507 6506 6505
f 6505 6506 6502
f 6518 6513 6519
f 6516 6519 6517
f 6517 6514 6516
f 6511 6515 6512
f 6512 6503 6511
f 6557 6505 6502
f 6506 6554 6502
f 6518 6560 6513
f 6514 6511 6518
f 6513 6548 6546
f 6496 6493 6500
f 6495 6536 6534
f 6478 6475 6482
f 6469 6565 6566
f 6477 6520 6521
f 6465 6555 6554
f 6463 6570 6464
f 6570 6548 6464
f 6541 6543 6453
f 6573 6462 6461
f 6536 6572 6534
f 6573 6530 6529
f 6520 6574 6521
f 6555 6346 6394
f 6413 6555 6394
f 6413 6558 6557
f 6559 6414 6415
f 6560 6415 6416
f 6548 6416 6393
f 6345 6548 6393
f 6345 6463 6464
f 6544 6344 6392
f 6417 6544 6392
f 6418 6561 6417
f 6419 6562 6418
f 6419 6564 6563
f 6536 6420 6391
f 6343 6536 6391
f 6342 6462 6343
f 6532 6342 6390
f 6421 6532 6390
f 6422 6565 6421
f 6423 6566 6422
f 6423 6568 6567
f 6520 6424 6389
f 6341 6520 6389
f 6458 6454 6450
f 6575 6336 6316
f 6315 6439 6575
f 6315 6575 6316
f 6310 6311 6304
f 6311 6312 6305
f 6312 6307 6305
f 6305 6304 6311
f 6304 6303 6306
f 6309 6306 6308
f 6304 6306 6309
f 6303 6314 6335
f 6309 6329 6326
f 6313 6430 6425
f 6313 6425 6426
f 6428 6439 6313
f 6427 6428 6313
f 6313 6426 6429
f 6311 6323 6320
f 6308 6332 6329
f 6307 6317 6338
f 6312 6320 6317
f 6306 6335 6332
f 6310 6326 6323
f 6320 6321 6319
f 6321 6322 6318
f 6431 6318 6322
f 6323 6324 6321
f 6324 6325 6322
f 6322 6325 6432
f 6326 6327 6324
f 6327 6328 6325
f 6325 6328 6434
f 6329 6330 6327
f 6330 6331 6328
f 6332 6333 6330
f 6333 6334 6331
f 6331 6334 6436
f 6335 6336 6333
f 6336 6337 6334
f 6334 6337 6437
f 6340 6318 6431
f 6318 6340 6339
f 6319 6339 6338
f 6336 6335 6314
f 6346 6351 6411
f 6350 6345 6393
f 6344 6345 6350
f 6349 6407 6392
f 6343 6391 6396
f 6342 6343 6348
f 6347 6402 6390
f 6352 6341 6389
f 6352 6397 6425
f 6429 6426 6399
f 6400 6401 6427
f 6428 6427 6401
f 6401 6402 6347
f 6428 6347 6348
f 6440 6439 6403
f 6439 6348 6403
f 6440 6403 6404
f 6437 6406 6436
f 6406 6407 6349
f 6350 6435 6436
f 6435 6350 6408
f 6350 6395 6408
f 6425 6397 6398
f 6398 6399 6426
f 6434 6408 6409
f 6441 6437 6337
f 6432 6409 6410
f 6431 6433 6412
f 6433 6410 6412
f 6431 6411 6351
f 6363 6361 6359
f 6359 6353 6363
f 6353 6357 6355
f 6363 6353 6355
f 6355 6423 6363
f 6397 6356 6358
f 6356 6397 6389
f 6362 6364 6402
f 6399 6354 6360
f 6360 6362 6401
f 6398 6358 6354
f 6362 6360 6359
f 6364 6362 6361
f 6353 6354 6358
f 6357 6358 6356
f 6359 6360 6354
f 6421 6364 6363
f 6376 6374 6371
f 6371 6365 6376
f 6365 6369 6367
f 6367 6419 6376
f 6419 6418 6376
f 6396 6368 6370
f 6368 6396 6391
f 6375 6373 6407
f 6404 6366 6372
f 6372 6375 6406
f 6403 6370 6366
f 6375 6372 6371
f 6373 6375 6374
f 6365 6366 6370
f 6369 6370 6368
f 6372 6366 6365
f 6388 6386 6383
f 6383 6377 6379
f 6377 6381 6379
f 6379 6415 6388
f 6415 6414 6388
f 6382 6408 6395
f 6393 6416 6380
f 6387 6385 6411
f 6378 6384 6410
f 6384 6387 6412
f 6378 6409 6408
f 6387 6384 6383
f 6385 6387 6386
f 6377 6378 6382
f 6381 6382 6380
f 6416 6415 6379
f 6384 6378 6377
f 6405 6406 6437
f 6328 6331 6435
f 6388 6414 6413
f 6385 6413 6394
f 6367 6368 6420
f 6376 6418 6417
f 6373 6417 6392
f 6355 6356 6424
f 6364 6421 6390
f 6314 6303 6313
f 6303 6304 6313
f 6304 6430 6313
f 6313 6315 6316
f 6440 6441 6442
f 6522 6521 6574
f 6574 6443 6522
f 6523 6522 6444
f 6444 6445 6524
f 6525 6523 6444
f 6526 6524 6445
f 6445 6446 6526
f 6527 6446 6447
f 6447 6531 6528
f 6573 6461 6532
f 6448 6449 6572
f 6535 6534 6572
f 6572 6449 6535
f 6449 6450 6538
f 6533 6449 6538
f 6537 6538 6450
f 6450 6451 6537
f 6539 6451 6452
f 6571 6463 6544
f 6571 6453 6454
f 6546 6570 6545
f 6570 6454 6547
f 6545 6570 6547
f 6549 6547 6455
f 6455 6456 6551
f 6550 6551 6456
f 6456 6457 6550
f 6458 6556 6552
f 6552 6553 6458
f 6556 6458 6459
f 6528 6474 6468
f 6529 6470 6472
f 6468 6476 6526
f 6524 6526 6476
f 6476 6479 6525
f 6531 6472 6474
f 6466 6530 6532
f 6479 6481 6523
f 6481 6483 6522
f 6483 6477 6521
f 6467 6468 6474
f 6473 6474 6472
f 6470 6469 6471
f 6483 6481 6480
f 6481 6479 6478
f 6479 6476 6475
f 6476 6468 6467
f 6568 6477 6482
f 6470 6529 6530
f 6486 6539 6540
f 6490 6543 6541
f 6486 6494 6537
f 6494 6497 6538
f 6492 6540 6543
f 6544 6561 6484
f 6497 6499 6533
f 6499 6501 6535
f 6501 6495 6534
f 6485 6486 6492
f 6491 6492 6490
f 6489 6490 6488
f 6501 6499 6498
f 6499 6497 6496
f 6497 6494 6493
f 6494 6486 6485
f 6564 6495 6500
f 6561 6562 6487
f 6488 6541 6542
f 6504 6550 6553
f 6556 6506 6508
f 6512 6551 6550
f 6512 6515 6549
f 6552 6508 6510
f 6555 6557 6502
f 6515 6517 6547
f 6517 6519 6545
f 6519 6513 6546
f 6503 6504 6510
f 6509 6510 6508
f 6507 6508 6506
f 6516 6518 6519
f 6517 6515 6514
f 6511 6514 6515
f 6512 6504 6503
f 6557 6558 6505
f 6506 6556 6554
f 6518 6559 6560
f 6511 6503 6505
f 6503 6509 6505
f 6509 6507 6505
f 6505 6558 6559
f 6559 6518 6505
f 6518 6516 6514
f 6505 6518 6511
f 6513 6560 6548
f 6493 6485 6487
f 6485 6491 6487
f 6491 6489 6487
f 6487 6562 6563
f 6563 6500 6487
f 6500 6498 6496
f 6487 6500 6493
f 6495 6564 6536
f 6475 6467 6469
f 6467 6473 6469
f 6473 6471 6469
f 6469 6566 6567
f 6567 6482 6469
f 6482 6480 6478
f 6469 6482 6475
f 6469 6466 6565
f 6477 6568 6520
f 6554 6556 6569
f 6569 6465 6554
f 6463 6571 6570
f 6570 6546 6548
f 6543 6540 6453
f 6540 6452 6453
f 6453 6571 6541
f 6571 6542 6541
f 6573 6572 6462
f 6536 6462 6572
f 6529 6531 6573
f 6531 6447 6448
f 6573 6531 6448
f 6520 6460 6574
f 6555 6465 6346
f 6413 6557 6555
f 6413 6414 6558
f 6559 6558 6414
f 6560 6559 6415
f 6548 6560 6416
f 6345 6464 6548
f 6345 6344 6463
f 6544 6463 6344
f 6417 6561 6544
f 6418 6562 6561
f 6419 6563 6562
f 6419 6420 6564
f 6536 6564 6420
f 6343 6462 6536
f 6342 6461 6462
f 6532 6461 6342
f 6421 6565 6532
f 6422 6566 6565
f 6423 6567 6566
f 6423 6424 6568
f 6520 6568 6424
f 6341 6460 6520
f 6447 6446 6445
f 6445 6444 6443
f 6443 6459 6458
f 6458 6457 6456
f 6456 6455 6454
f 6454 6453 6452
f 6452 6451 6454
f 6451 6450 6454
f 6450 6449 6448
f 6448 6447 6445
f 6445 6443 6458
f 6458 6456 6454
f 6450 6448 6445
f 6445 6458 6450
f 6575 6442 6336
f 6313 6439 6315
f 6439 6440 6575
f 6590 6577 6591
f 6591 6578 6592
f 6578 6593 6592
f 6579 6594 6593
f 6580 6595 6594
f 6581 6596 6595
f 6582 6597 6596
f 6585 6601 6583
f 6585 6599 6598
f 6587 6600 6599
f 6599 6588 6586
f 6598 6586 6584
f 6584 6601 6598
f 6593 6594 6595
f 6602 6597 6601
f 6593 6597 6602
f 6597 6583 6601
f 6586 6602 6601
f 6590 6576 6577
f 6591 6577 6578
f 6578 6579 6593
f 6579 6580 6594
f 6580 6581 6595
f 6581 6582 6596
f 6582 6583 6597
f 6585 6598 6601
f 6585 6587 6599
f 6587 6589 6600
f 6599 6600 6588
f 6598 6599 6586
f 6595 6596 6597
f 6597 6593 6595
f 6602 6590 6591
f 6591 6592 6602
f 6592 6593 6602
f 6601 6584 6586
f 6586 6588 6602
f 6625 6611 6610
f 6605 6613 6621
f 6644 6611 6651
f 6629 6610 6609
f 6641 6607 6606
f 6637 6608 6607
f 6633 6609 6608
f 6621 6606 6605
f 6640 6620 6649
f 6619 6651 6617
f 6618 6657 6619
f 6658 6647 6646
f 6620 6642 6622
f 6622 6643 6623
f 6623 6641 6621
f 6640 6638 6642
f 6642 6639 6643
f 6643 6637 6641
f 6636 6634 6638
f 6638 6635 6639
f 6639 6633 6637
f 6632 6630 6634
f 6634 6631 6635
f 6635 6629 6633
f 6628 6626 6630
f 6630 6627 6631
f 6631 6625 6629
f 6616 6626 6624
f 6626 6619 6627
f 6627 6617 6625
f 6612 6622 6614
f 6614 6623 6615
f 6615 6621 6613
f 6661 6645 6647
f 6616 6660 6618
f 6652 6646 6644
f 6657 6653 6651
f 6653 6658 6652
f 6660 6659 6657
f 6659 6661 6658
f 6654 6662 6660
f 6662 6655 6661
f 6654 6650 6656
f 6650 6655 6656
f 6645 6648 6604
f 6609 6610 6604
f 6625 6617 6611
f 6605 6603 6613
f 6617 6651 6611
f 6651 6653 6652
f 6644 6651 6652
f 6629 6625 6610
f 6641 6637 6607
f 6637 6633 6608
f 6633 6629 6609
f 6621 6641 6606
f 6612 6649 6620
f 6649 6654 6616
f 6624 6649 6616
f 6624 6628 6649
f 6628 6632 6649
f 6632 6636 6649
f 6636 6640 6649
f 6619 6657 6651
f 6618 6660 6657
f 6658 6661 6647
f 6620 6640 6642
f 6622 6642 6643
f 6623 6643 6641
f 6640 6636 6638
f 6642 6638 6639
f 6643 6639 6637
f 6636 6632 6634
f 6638 6634 6635
f 6639 6635 6633
f 6632 6628 6630
f 6634 6630 6631
f 6635 6631 6629
f 6628 6624 6626
f 6630 6626 6627
f 6631 6627 6625
f 6616 6618 6626
f 6626 6618 6619
f 6627 6619 6617
f 6612 6620 6622
f 6614 6622 6623
f 6615 6623 6621
f 6661 6655 6645
f 6616 6654 6660
f 6652 6658 6646
f 6657 6659 6653
f 6653 6659 6658
f 6660 6662 6659
f 6659 6662 6661
f 6654 6656 6662
f 6662 6656 6655
f 6654 6649 6650
f 6650 6648 6655
f 6645 6655 6648
f 6610 6611 6604
f 6611 6644 6645
f 6604 6611 6645
f 6644 6646 6647
f 6647 6645 6644
f 6604 6603 6605
f 6605 6606 6604
f 6606 6607 6604
f 6607 6608 6604
f 6608 6609 6604
f 6663 6666 6665
f 6665 6668 6667
f 6667 6670 6669
f 6669 6672 6671
f 6671 6674 6673
f 6674 6675 6673
f 6676 6677 6675
f 6678 6679 6677
f 6680 6681 6679
f 6682 6683 6681
f 6684 6685 6683
f 6686 6687 6685
f 6688 6689 6687
f 6690 6691 6689
f 6684 6676 6668
f 6691 6694 6693
f 6693 6664 6663
f 6663 6664 6666
f 6665 6666 6668
f 6667 6668 6670
f 6669 6670 6672
f 6671 6672 6674
f 6674 6676 6675
f 6676 6678 6677
f 6678 6680 6679
f 6680 6682 6681
f 6682 6684 6683
f 6684 6686 6685
f 6686 6688 6687
f 6688 6690 6689
f 6690 6692 6691
f 6668 6666 6664
f 6664 6694 6692
f 6692 6690 6688
f 6688 6686 6692
f 6686 6684 6692
f 6684 6682 6676
f 6682 6680 6676
f 6680 6678 6676
f 6676 6674 6672
f 6672 6670 6668
f 6668 6664 6684
f 6664 6692 6684
f 6676 6672 6668
f 6691 6692 6694
f 6693 6694 6664
f 6699 6700 6698
f 6704 6774 6706
f 6758 6695 6764
f 6697 6698 6696
f 6764 6697 6696
f 6840 6746 6842
f 6718 6719 6708
f 6712 6841 6840
f 6718 6747 6751
f 6748 6843 6839
f 6719 6753 6721
f 6754 6720 6722
f 6757 6729 6720
f 6755 6730 6729
f 6839 6711 6844
f 6719 6751 6752
f 6753 6722 6721
f 6843 6750 6841
f 6842 6747 6713
f 6773 6709 6707
f 6779 6734 6775
f 6765 6761 6768
f 6813 6833 6814
f 6700 6703 6702
f 6696 6700 6704
f 6801 6805 6774
f 6768 6761 6763
f 6763 6794 6778
f 6756 6758 6852
f 6728 6845 6724
f 6728 6847 6846
f 6727 6848 6847
f 6848 6725 6849
f 6710 6772 6771
f 6710 6771 6731
f 6794 6784 6783
f 6760 6793 6774
f 6789 6762 6759
f 6788 6759 6744
f 6791 6760 6762
f 6787 6744 6743
f 6786 6743 6742
f 6741 6786 6742
f 6784 6741 6740
f 6783 6740 6739
f 6782 6739 6738
f 6781 6738 6737
f 6780 6737 6736
f 6735 6780 6736
f 6776 6734 6733
f 6732 6776 6733
f 6778 6732 6731
f 6793 6706 6774
f 6792 6794 6763
f 6766 6778 6731
f 6811 6810 6812
f 6801 6800 6802
f 6798 6796 6795
f 6800 6803 6804
f 6809 6811 6761
f 6835 6820 6838
f 6815 6812 6816
f 6822 6825 6826
f 6826 6815 6816
f 6819 6818 6820
f 6818 6823 6824
f 6829 6822 6830
f 6809 6814 6810
f 6807 6805 6806
f 6810 6814 6754
f 6763 6823 6817
f 6807 6837 6808
f 6827 6830 6828
f 6824 6827 6828
f 6806 6801 6802
f 6803 6798 6804
f 6835 6837 6836
f 6834 6832 6831
f 6831 6796 6834
f 6843 6716 6717
f 6839 6731 6748
f 6839 6717 6715
f 6745 6841 6750
f 6712 6842 6714
f 6714 6842 6713
f 6849 6852 6854
f 6852 6725 6723
f 6850 6770 6708
f 6853 6852 6769
f 6856 6858 6857
f 6853 6858 6854
f 6702 6705 6704
f 6699 6697 6799
f 6859 6708 6860
f 6855 6851 6850
f 6699 6701 6700
f 6704 6705 6774
f 6758 6756 6695
f 6697 6699 6698
f 6764 6695 6697
f 6840 6745 6746
f 6729 6730 6723
f 6723 6725 6726
f 6726 6727 6723
f 6727 6728 6723
f 6728 6724 6723
f 6724 6708 6721
f 6722 6724 6721
f 6708 6859 6718
f 6859 6707 6717
f 6715 6707 6709
f 6709 6710 6711
f 6707 6715 6717
f 6724 6722 6720
f 6723 6724 6720
f 6729 6723 6720
f 6709 6711 6715
f 6859 6717 6716
f 6716 6712 6859
f 6712 6714 6859
f 6719 6721 6708
f 6859 6714 6713
f 6718 6859 6713
f 6712 6716 6841
f 6718 6713 6747
f 6748 6749 6843
f 6719 6752 6753
f 6754 6757 6720
f 6757 6755 6729
f 6755 6756 6730
f 6839 6715 6711
f 6719 6718 6751
f 6753 6754 6722
f 6843 6749 6750
f 6842 6746 6747
f 6773 6772 6709
f 6779 6735 6734
f 6765 6758 6761
f 6813 6832 6833
f 6700 6701 6703
f 6706 6764 6704
f 6764 6696 6704
f 6696 6698 6700
f 6700 6702 6704
f 6749 6748 6739
f 6748 6731 6736
f 6738 6748 6737
f 6731 6732 6735
f 6732 6733 6734
f 6735 6732 6734
f 6735 6736 6731
f 6736 6737 6748
f 6750 6749 6739
f 6748 6738 6739
f 6746 6745 6740
f 6745 6750 6739
f 6740 6745 6739
f 6752 6751 6830
f 6751 6747 6740
f 6828 6751 6824
f 6747 6746 6740
f 6751 6828 6830
f 6751 6740 6741
f 6830 6822 6752
f 6824 6751 6742
f 6818 6824 6743
f 6751 6741 6742
f 6837 6838 6820
f 6820 6818 6760
f 6824 6742 6743
f 6808 6837 6774
f 6837 6820 6774
f 6805 6808 6774
f 6818 6743 6744
f 6744 6759 6760
f 6759 6762 6760
f 6818 6744 6760
f 6774 6820 6760
f 6774 6799 6801
f 6778 6767 6763
f 6767 6768 6763
f 6758 6765 6769
f 6852 6723 6730
f 6758 6769 6852
f 6730 6756 6852
f 6728 6846 6845
f 6728 6727 6847
f 6727 6726 6848
f 6848 6726 6725
f 6710 6709 6772
f 6766 6731 6771
f 6731 6844 6711
f 6710 6731 6711
f 6780 6779 6778
f 6779 6775 6777
f 6778 6779 6777
f 6775 6776 6777
f 6794 6793 6787
f 6793 6790 6788
f 6790 6791 6789
f 6790 6789 6788
f 6781 6780 6778
f 6782 6781 6778
f 6793 6788 6787
f 6783 6782 6778
f 6794 6787 6786
f 6794 6786 6785
f 6783 6778 6794
f 6794 6785 6784
f 6760 6790 6793
f 6789 6791 6762
f 6788 6789 6759
f 6791 6790 6760
f 6787 6788 6744
f 6786 6787 6743
f 6741 6785 6786
f 6784 6785 6741
f 6783 6784 6740
f 6782 6783 6739
f 6781 6782 6738
f 6780 6781 6737
f 6735 6779 6780
f 6776 6775 6734
f 6732 6777 6776
f 6778 6777 6732
f 6793 6792 6706
f 6792 6793 6794
f 6766 6767 6778
f 6811 6809 6810
f 6801 6799 6800
f 6798 6797 6796
f 6800 6799 6803
f 6825 6821 6761
f 6821 6763 6761
f 6761 6758 6809
f 6758 6764 6813
f 6764 6800 6804
f 6764 6804 6798
f 6815 6825 6761
f 6758 6813 6809
f 6764 6798 6795
f 6795 6831 6764
f 6831 6832 6813
f 6764 6831 6813
f 6811 6815 6761
f 6835 6819 6820
f 6815 6811 6812
f 6822 6821 6825
f 6826 6825 6815
f 6819 6817 6818
f 6818 6817 6823
f 6829 6821 6822
f 6809 6813 6814
f 6807 6808 6805
f 6814 6833 6834
f 6814 6834 6754
f 6834 6796 6695
f 6834 6695 6754
f 6796 6797 6695
f 6803 6799 6695
f 6797 6803 6695
f 6695 6756 6755
f 6755 6757 6695
f 6757 6754 6695
f 6754 6753 6810
f 6753 6752 6816
f 6752 6822 6826
f 6752 6826 6816
f 6753 6816 6812
f 6753 6812 6810
f 6819 6835 6836
f 6819 6836 6706
f 6836 6807 6706
f 6807 6806 6706
f 6763 6821 6829
f 6706 6792 6819
f 6792 6763 6817
f 6800 6764 6706
f 6802 6800 6706
f 6763 6829 6827
f 6763 6827 6823
f 6806 6802 6706
f 6792 6817 6819
f 6807 6836 6837
f 6827 6829 6830
f 6824 6823 6827
f 6806 6805 6801
f 6803 6797 6798
f 6835 6838 6837
f 6834 6833 6832
f 6831 6795 6796
f 6843 6841 6716
f 6839 6844 6731
f 6839 6843 6717
f 6745 6840 6841
f 6712 6840 6842
f 6854 6858 6845
f 6858 6855 6845
f 6855 6850 6845
f 6845 6846 6854
f 6846 6847 6854
f 6847 6848 6854
f 6848 6849 6854
f 6852 6849 6725
f 6850 6851 6770
f 6708 6724 6850
f 6724 6845 6850
f 6853 6854 6852
f 6856 6855 6858
f 6853 6857 6858
f 6702 6703 6705
f 6695 6799 6697
f 6799 6774 6705
f 6703 6799 6705
f 6703 6701 6799
f 6701 6699 6799
f 6855 6856 6851
f 6884 6865 6864
f 6886 6866 6865
f 6890 6866 6888
f 6890 6868 6867
f 6892 6869 6868
f 6896 6869 6894
f 6898 6870 6896
f 6900 6871 6898
f 6902 6872 6900
f 6904 6873 6902
f 6906 6874 6904
f 6908 6875 6906
f 6878 6876 6908
f 6882 6862 6880
f 6882 6864 6863
f 6880 6877 6879
f 6882 6879 6881
f 6884 6881 6883
f 6884 6885 6886
f 6886 6887 6888
f 6888 6889 6890
f 6890 6891 6892
f 6892 6893 6894
f 6894 6895 6896
f 6898 6895 6897
f 6898 6899 6900
f 6900 6901 6902
f 6904 6901 6903
f 6906 6903 6905
f 6908 6905 6907
f 6908 6877 6878
f 6909 6895 6893
f 6878 6862 6861
f 6912 6895 6909
f 6912 6899 6897
f 6915 6903 6901
f 6910 6891 6889
f 6913 6909 6910
f 6913 6915 6912
f 6916 6903 6915
f 6887 6910 6889
f 6911 6913 6910
f 6917 6913 6914
f 6907 6916 6917
f 6885 6883 6911
f 6883 6914 6911
f 6879 6914 6881
f 6877 6907 6917
f 6891 6909 6893
f 6887 6885 6911
f 6879 6877 6917
f 6899 6915 6901
f 6941 6922 6921
f 6945 6922 6943
f 6947 6923 6945
f 6947 6925 6924
f 6951 6925 6949
f 6951 6927 6926
f 6953 6928 6927
f 6957 6928 6955
f 6959 6929 6957
f 6961 6930 6959
f 6963 6931 6961
f 6965 6932 6963
f 6935 6933 6965
f 6937 6920 6919
f 6939 6921 6920
f 6937 6934 6936
f 6937 6938 6939
f 6939 6940 6941
f 6941 6942 6943
f 6943 6944 6945
f 6945 6946 6947
f 6949 6946 6948
f 6951 6948 6950
f 6951 6952 6953
f 6953 6954 6955
f 6957 6954 6956
f 6957 6958 6959
f 6961 6958 6960
f 6961 6962 6963
f 6965 6962 6964
f 6965 6934 6935
f 6966 6952 6950
f 6935 6919 6918
f 6969 6952 6966
f 6969 6956 6954
f 6972 6960 6958
f 6967 6948 6946
f 6970 6966 6967
f 6970 6972 6969
f 6973 6960 6972
f 6944 6967 6946
f 6968 6970 6967
f 6974 6970 6971
f 6964 6973 6974
f 6942 6940 6968
f 6940 6971 6968
f 6936 6971 6938
f 6934 6964 6974
f 6948 6966 6950
f 6944 6942 6968
f 6936 6934 6974
f 6956 6972 6958
f 6998 6979 6978
f 7002 6979 7000
f 7004 6980 7002
f 7006 6981 7004
f 7006 6983 6982
f 7010 6983 7008
f 7010 6985 6984
f 7014 6985 7012
f 7014 6987 6986
f 7018 6987 7016
f 7020 6988 7018
f 7022 6989 7020
f 6992 6990 7022
f 6994 6977 6976
f 6996 6978 6977
f 6994 6991 6993
f 6996 6993 6995
f 6998 6995 6997
f 6998 6999 7000
f 7000 7001 7002
f 7002 7003 7004
f 7006 7003 7005
f 7006 7007 7008
f 7010 7007 7009
f 7010 7011 7012
f 7012 7013 7014
f 7014 7015 7016
f 7016 7017 7018
f 7020 7017 7019
f 7022 7019 7021
f 7022 6991 6992
f 7023 7009 7007
f 6992 6976 6975
f 7026 7009 7023
f 7026 7013 7011
f 7029 7017 7015
f 7024 7005 7003
f 7027 7023 7024
f 7027 7029 7026
f 7030 7017 7029
f 7001 7024 7003
f 7025 7027 7024
f 7031 7027 7028
f 7021 7030 7031
f 6999 6997 7025
f 6997 7028 7025
f 6993 7028 6995
f 6991 7021 7031
f 7005 7023 7007
f 7001 6999 7025
f 6993 6991 7031
f 7013 7029 7015
f 7057 7035 7055
f 7057 7037 7036
f 7059 7038 7037
f 7061 7039 7038
f 7065 7039 7063
f 7067 7040 7065
f 7069 7041 7067
f 7071 7042 7069
f 7073 7043 7071
f 7075 7044 7073
f 7075 7046 7045
f 7079 7046 7077
f 7079 7032 7047
f 7051 7034 7033
f 7053 7035 7034
f 7051 7048 7050
f 7053 7050 7052
f 7055 7052 7054
f 7057 7054 7056
f 7057 7058 7059
f 7059 7060 7061
f 7063 7060 7062
f 7063 7064 7065
f 7067 7064 7066
f 7067 7068 7069
f 7071 7068 7070
f 7073 7070 7072
f 7073 7074 7075
f 7075 7076 7077
f 7077 7078 7079
f 7049 7078 7048
f 7080 7066 7064
f 7049 7033 7032
f 7083 7066 7080
f 7083 7070 7068
f 7086 7074 7072
f 7081 7062 7060
f 7084 7080 7081
f 7084 7086 7083
f 7087 7074 7086
f 7058 7081 7060
f 7082 7084 7081
f 7088 7084 7085
f 7078 7087 7088
f 7056 7054 7082
f 7054 7085 7082
f 7050 7085 7052
f 7048 7078 7088
f 7062 7080 7064
f 7058 7056 7082
f 7050 7048 7088
f 7070 7086 7072
f 7112 7093 7092
f 7114 7094 7093
f 7116 7095 7094
f 7118 7096 7095
f 7122 7096 7120
f 7124 7097 7122
f 7126 7098 7124
f 7128 7099 7126
f 7130 7100 7128
f 7130 7102 7101
f 7132 7103 7102
f 7136 7103 7134
f 7106 7104 7136
f 7110 7090 7108
f 7112 7091 7110
f 7108 7105 7107
f 7108 7109 7110
f 7112 7109 7111
f 7112 7113 7114
f 7114 7115 7116
f 7116 7117 7118
f 7120 7117 7119
f 7120 7121 7122
f 7122 7123 7124
f 7126 7123 7125
f 7128 7125 7127
f 7130 7127 7129
f 7130 7131 7132
f 7134 7131 7133
f 7136 7133 7135
f 7136 7105 7106
f 7137 7123 7121
f 7106 7090 7089
f 7140 7123 7137
f 7140 7127 7125
f 7143 7131 7129
f 7138 7119 7117
f 7141 7137 7138
f 7141 7143 7140
f 7144 7131 7143
f 7115 7138 7117
f 7139 7141 7138
f 7145 7141 7142
f 7135 7144 7145
f 7113 7111 7139
f 7111 7142 7139
f 7107 7142 7109
f 7105 7135 7145
f 7119 7137 7121
f 7115 7113 7139
f 7107 7105 7145
f 7127 7143 7129
f 6884 6886 6865
f 6886 6888 6866
f 6890 6867 6866
f 6890 6892 6868
f 6892 6894 6869
f 6896 6870 6869
f 6898 6871 6870
f 6900 6872 6871
f 6902 6873 6872
f 6904 6874 6873
f 6906 6875 6874
f 6908 6876 6875
f 6878 6861 6876
f 6882 6863 6862
f 6882 6884 6864
f 6880 6878 6877
f 6882 6880 6879
f 6884 6882 6881
f 6884 6883 6885
f 6886 6885 6887
f 6888 6887 6889
f 6890 6889 6891
f 6892 6891 6893
f 6894 6893 6895
f 6898 6896 6895
f 6898 6897 6899
f 6900 6899 6901
f 6904 6902 6901
f 6906 6904 6903
f 6908 6906 6905
f 6908 6907 6877
f 6878 6880 6862
f 6912 6897 6895
f 6912 6915 6899
f 6910 6909 6891
f 6913 6912 6909
f 6913 6916 6915
f 6916 6905 6903
f 6887 6911 6910
f 6911 6914 6913
f 6917 6916 6913
f 6907 6905 6916
f 6883 6881 6914
f 6879 6917 6914
f 6941 6943 6922
f 6945 6923 6922
f 6947 6924 6923
f 6947 6949 6925
f 6951 6926 6925
f 6951 6953 6927
f 6953 6955 6928
f 6957 6929 6928
f 6959 6930 6929
f 6961 6931 6930
f 6963 6932 6931
f 6965 6933 6932
f 6935 6918 6933
f 6937 6939 6920
f 6939 6941 6921
f 6937 6935 6934
f 6937 6936 6938
f 6939 6938 6940
f 6941 6940 6942
f 6943 6942 6944
f 6945 6944 6946
f 6949 6947 6946
f 6951 6949 6948
f 6951 6950 6952
f 6953 6952 6954
f 6957 6955 6954
f 6957 6956 6958
f 6961 6959 6958
f 6961 6960 6962
f 6965 6963 6962
f 6965 6964 6934
f 6935 6937 6919
f 6969 6954 6952
f 6969 6972 6956
f 6967 6966 6948
f 6970 6969 6966
f 6970 6973 6972
f 6973 6962 6960
f 6944 6968 6967
f 6968 6971 6970
f 6974 6973 6970
f 6964 6962 6973
f 6940 6938 6971
f 6936 6974 6971
f 6998 7000 6979
f 7002 6980 6979
f 7004 6981 6980
f 7006 6982 6981
f 7006 7008 6983
f 7010 6984 6983
f 7010 7012 6985
f 7014 6986 6985
f 7014 7016 6987
f 7018 6988 6987
f 7020 6989 6988
f 7022 6990 6989
f 6992 6975 6990
f 6994 6996 6977
f 6996 6998 6978
f 6994 6992 6991
f 6996 6994 6993
f 6998 6996 6995
f 6998 6997 6999
f 7000 6999 7001
f 7002 7001 7003
f 7006 7004 7003
f 7006 7005 7007
f 7010 7008 7007
f 7010 7009 7011
f 7012 7011 7013
f 7014 7013 7015
f 7016 7015 7017
f 7020 7018 7017
f 7022 7020 7019
f 7022 7021 6991
f 6992 6994 6976
f 7026 7011 7009
f 7026 7029 7013
f 7024 7023 7005
f 7027 7026 7023
f 7027 7030 7029
f 7030 7019 7017
f 7001 7025 7024
f 7025 7028 7027
f 7031 7030 7027
f 7021 7019 7030
f 6997 6995 7028
f 6993 7031 7028
f 7057 7036 7035
f 7057 7059 7037
f 7059 7061 7038
f 7061 7063 7039
f 7065 7040 7039
f 7067 7041 7040
f 7069 7042 7041
f 7071 7043 7042
f 7073 7044 7043
f 7075 7045 7044
f 7075 7077 7046
f 7079 7047 7046
f 7079 7049 7032
f 7051 7053 7034
f 7053 7055 7035
f 7051 7049 7048
f 7053 7051 7050
f 7055 7053 7052
f 7057 7055 7054
f 7057 7056 7058
f 7059 7058 7060
f 7063 7061 7060
f 7063 7062 7064
f 7067 7065 7064
f 7067 7066 7068
f 7071 7069 7068
f 7073 7071 7070
f 7073 7072 7074
f 7075 7074 7076
f 7077 7076 7078
f 7049 7079 7078
f 7049 7051 7033
f 7083 7068 7066
f 7083 7086 7070
f 7081 7080 7062
f 7084 7083 7080
f 7084 7087 7086
f 7087 7076 7074
f 7058 7082 7081
f 7082 7085 7084
f 7088 7087 7084
f 7078 7076 7087
f 7054 7052 7085
f 7050 7088 7085
f 7112 7114 7093
f 7114 7116 7094
f 7116 7118 7095
f 7118 7120 7096
f 7122 7097 7096
f 7124 7098 7097
f 7126 7099 7098
f 7128 7100 7099
f 7130 7101 7100
f 7130 7132 7102
f 7132 7134 7103
f 7136 7104 7103
f 7106 7089 7104
f 7110 7091 7090
f 7112 7092 7091
f 7108 7106 7105
f 7108 7107 7109
f 7112 7110 7109
f 7112 7111 7113
f 7114 7113 7115
f 7116 7115 7117
f 7120 7118 7117
f 7120 7119 7121
f 7122 7121 7123
f 7126 7124 7123
f 7128 7126 7125
f 7130 7128 7127
f 7130 7129 7131
f 7134 7132 7131
f 7136 7134 7133
f 7136 7135 7105
f 7106 7108 7090
f 7140 7125 7123
f 7140 7143 7127
f 7138 7137 7119
f 7141 7140 7137
f 7141 7144 7143
f 7144 7133 7131
f 7115 7139 7138
f 7139 7142 7141
f 7145 7144 7141
f 7135 7133 7144
f 7111 7109 7142
f 7107 7145 7142
f 7171 7149 7169
f 7173 7150 7171
f 7175 7151 7173
f 7177 7152 7175
f 7179 7153 7177
f 7181 7154 7179
f 7181 7156 7155
f 7183 7157 7156
f 7185 7158 7157
f 7187 7159 7158
f 7189 7160 7159
f 7193 7160 7191
f 7193 7146 7161
f 7165 7148 7147
f 7169 7148 7167
f 7163 7164 7165
f 7167 7164 7166
f 7167 7168 7169
f 7171 7168 7170
f 7171 7172 7173
f 7175 7172 7174
f 7175 7176 7177
f 7177 7178 7179
f 7181 7178 7180
f 7183 7180 7182
f 7183 7184 7185
f 7185 7186 7187
f 7189 7186 7188
f 7191 7188 7190
f 7193 7190 7192
f 7163 7192 7162
f 7194 7180 7178
f 7165 7146 7163
f 7197 7180 7194
f 7197 7184 7182
f 7200 7188 7186
f 7195 7176 7174
f 7198 7194 7195
f 7198 7200 7197
f 7201 7188 7200
f 7172 7195 7174
f 7196 7198 7195
f 7202 7198 7199
f 7192 7201 7202
f 7170 7168 7196
f 7168 7199 7196
f 7164 7199 7166
f 7162 7192 7202
f 7176 7194 7178
f 7172 7170 7196
f 7164 7162 7202
f 7184 7200 7186
f 7226 7207 7206
f 7230 7207 7228
f 7232 7208 7230
f 7234 7209 7232
f 7236 7210 7234
f 7236 7212 7211
f 7238 7213 7212
f 7240 7214 7213
f 7244 7214 7242
f 7246 7215 7244
f 7248 7216 7246
f 7250 7217 7248
f 7250 7203 7218
f 7222 7205 7204
f 7226 7205 7224
f 7220 7221 7222
f 7224 7221 7223
f 7224 7225 7226
f 7228 7225 7227
f 7230 7227 7229
f 7232 7229 7231
f 7232 7233 7234
f 7234 7235 7236
f 7236 7237 7238
f 7240 7237 7239
f 7240 7241 7242
f 7242 7243 7244
f 7246 7243 7245
f 7248 7245 7247
f 7248 7249 7250
f 7220 7249 7219
f 7251 7237 7235
f 7222 7203 7220
f 7254 7237 7251
f 7254 7241 7239
f 7257 7245 7243
f 7252 7233 7231
f 7255 7251 7252
f 7255 7257 7254
f 7258 7245 7257
f 7229 7252 7231
f 7253 7255 7252
f 7259 7255 7256
f 7249 7258 7259
f 7227 7225 7253
f 7225 7256 7253
f 7221 7256 7223
f 7219 7249 7259
f 7233 7251 7235
f 7229 7227 7253
f 7221 7219 7259
f 7241 7257 7243
f 7171 7150 7149
f 7173 7151 7150
f 7175 7152 7151
f 7177 7153 7152
f 7179 7154 7153
f 7181 7155 7154
f 7181 7183 7156
f 7183 7185 7157
f 7185 7187 7158
f 7187 7189 7159
f 7189 7191 7160
f 7193 7161 7160
f 7193 7163 7146
f 7165 7167 7148
f 7169 7149 7148
f 7163 7162 7164
f 7167 7165 7164
f 7167 7166 7168
f 7171 7169 7168
f 7171 7170 7172
f 7175 7173 7172
f 7175 7174 7176
f 7177 7176 7178
f 7181 7179 7178
f 7183 7181 7180
f 7183 7182 7184
f 7185 7184 7186
f 7189 7187 7186
f 7191 7189 7188
f 7193 7191 7190
f 7163 7193 7192
f 7165 7147 7146
f 7197 7182 7180
f 7197 7200 7184
f 7195 7194 7176
f 7198 7197 7194
f 7198 7201 7200
f 7201 7190 7188
f 7172 7196 7195
f 7196 7199 7198
f 7202 7201 7198
f 7192 7190 7201
f 7168 7166 7199
f 7164 7202 7199
f 7226 7228 7207
f 7230 7208 7207
f 7232 7209 7208
f 7234 7210 7209
f 7236 7211 7210
f 7236 7238 7212
f 7238 7240 7213
f 7240 7242 7214
f 7244 7215 7214
f 7246 7216 7215
f 7248 7217 7216
f 7250 7218 7217
f 7250 7220 7203
f 7222 7224 7205
f 7226 7206 7205
f 7220 7219 7221
f 7224 7222 7221
f 7224 7223 7225
f 7228 7226 7225
f 7230 7228 7227
f 7232 7230 7229
f 7232 7231 7233
f 7234 7233 7235
f 7236 7235 7237
f 7240 7238 7237
f 7240 7239 7241
f 7242 7241 7243
f 7246 7244 7243
f 7248 7246 7245
f 7248 7247 7249
f 7220 7250 7249
f 7222 7204 7203
f 7254 7239 7237
f 7254 7257 7241
f 7252 7251 7233
f 7255 7254 7251
f 7255 7258 7257
f 7258 7247 7245
f 7229 7253 7252
f 7253 7256 7255
f 7259 7258 7255
f 7249 7247 7258
f 7225 7223 7256
f 7221 7259 7256
f 7263 7392 7394
f 7264 7314 7265
f 7314 7268 7265
f 7318 7271 7268
f 7322 7275 7271
f 7326 7277 7275
f 7330 7279 7277
f 7334 7283 7279
f 7338 7289 7283
f 7342 7294 7289
f 7294 7350 7296
f 7350 7297 7296
f 7354 7299 7297
f 7299 7362 7301
f 7260 7395 7262
f 7262 7392 7263
f 7301 7264 7275
f 7311 7396 7312
f 7397 7312 7396
f 7314 7312 7316
f 7312 7315 7316
f 7313 7315 7397
f 7314 7320 7318
f 7316 7319 7320
f 7315 7317 7319
f 7318 7324 7322
f 7320 7323 7324
f 7323 7317 7321
f 7326 7324 7328
f 7324 7327 7328
f 7323 7325 7327
f 7326 7332 7330
f 7332 7327 7331
f 7327 7329 7331
f 7330 7336 7334
f 7336 7331 7335
f 7335 7329 7333
f 7334 7340 7338
f 7336 7339 7340
f 7339 7333 7337
f 7338 7344 7342
f 7344 7339 7343
f 7339 7341 7343
f 7346 7344 7348
f 7348 7343 7347
f 7347 7341 7345
f 7346 7352 7350
f 7348 7351 7352
f 7347 7349 7351
f 7354 7352 7356
f 7352 7355 7356
f 7355 7349 7353
f 7358 7356 7360
f 7356 7359 7360
f 7355 7357 7359
f 7362 7360 7364
f 7360 7363 7364
f 7359 7361 7363
f 7337 7333 7398
f 7426 7414 7413
f 7431 7430 7367
f 7367 7368 7366
f 7369 7370 7368
f 7371 7372 7370
f 7373 7374 7372
f 7375 7376 7374
f 7376 7379 7378
f 7379 7380 7378
f 7381 7382 7380
f 7383 7384 7382
f 7385 7386 7384
f 7386 7399 7400
f 7278 7302 7400
f 7400 7389 7415
f 7392 7395 7307
f 7304 7406 7403
f 7402 7278 7401
f 7304 7306 7397
f 7306 7403 7405
f 7405 7404 7412
f 7402 7303 7302
f 7409 7310 7307
f 7408 7309 7310
f 7407 7389 7388
f 7410 7412 7353
f 7270 7419 7421
f 7273 7421 7418
f 7266 7418 7417
f 7413 7266 7417
f 7305 7415 7282
f 7414 7305 7413
f 7423 7308 7414
f 7422 7292 7286
f 7420 7288 7292
f 7416 7282 7288
f 7269 7435 7436
f 7267 7261 7280
f 7285 7430 7431
f 7287 7267 7284
f 7290 7274 7269
f 7293 7429 7428
f 7272 7290 7295
f 7281 7428 7430
f 7267 7295 7284
f 7300 7424 7426
f 7434 7291 7300
f 7298 7287 7284
f 7281 7300 7291
f 7365 7428 7429
f 7423 7424 7431
f 7433 7427 7425
f 7291 7433 7425
f 7436 7432 7433
f 7434 7436 7433
f 7425 7399 7377
f 7401 7438 7390
f 7394 7393 7311
f 7311 7264 7394
f 7264 7263 7394
f 7264 7311 7314
f 7314 7318 7268
f 7318 7322 7271
f 7322 7326 7275
f 7326 7330 7277
f 7330 7334 7279
f 7334 7338 7283
f 7338 7342 7289
f 7342 7346 7294
f 7294 7346 7350
f 7350 7354 7297
f 7354 7358 7299
f 7299 7358 7362
f 7260 7391 7395
f 7262 7395 7392
f 7297 7299 7301
f 7301 7260 7262
f 7262 7263 7264
f 7264 7265 7275
f 7265 7268 7275
f 7268 7271 7275
f 7275 7277 7279
f 7279 7283 7289
f 7289 7294 7301
f 7294 7296 7301
f 7296 7297 7301
f 7301 7262 7264
f 7275 7279 7301
f 7279 7289 7301
f 7311 7393 7396
f 7314 7311 7312
f 7312 7397 7315
f 7314 7316 7320
f 7316 7315 7319
f 7315 7313 7317
f 7318 7320 7324
f 7320 7319 7323
f 7323 7319 7317
f 7326 7322 7324
f 7324 7323 7327
f 7323 7321 7325
f 7326 7328 7332
f 7332 7328 7327
f 7327 7325 7329
f 7330 7332 7336
f 7336 7332 7331
f 7335 7331 7329
f 7334 7336 7340
f 7336 7335 7339
f 7339 7335 7333
f 7338 7340 7344
f 7344 7340 7339
f 7339 7337 7341
f 7346 7342 7344
f 7348 7344 7343
f 7347 7343 7341
f 7346 7348 7352
f 7348 7347 7351
f 7347 7345 7349
f 7354 7350 7352
f 7352 7351 7355
f 7355 7351 7349
f 7358 7354 7356
f 7356 7355 7359
f 7355 7353 7357
f 7362 7358 7360
f 7360 7359 7363
f 7359 7357 7361
f 7333 7329 7398
f 7329 7325 7398
f 7325 7321 7398
f 7321 7317 7398
f 7317 7313 7398
f 7398 7341 7337
f 7426 7424 7414
f 7430 7365 7367
f 7367 7366 7431
f 7366 7415 7423
f 7366 7423 7431
f 7367 7369 7368
f 7369 7371 7370
f 7371 7373 7372
f 7373 7375 7374
f 7375 7377 7376
f 7376 7377 7379
f 7379 7381 7380
f 7381 7383 7382
f 7383 7385 7384
f 7385 7387 7386
f 7386 7387 7399
f 7309 7400 7302
f 7400 7399 7278
f 7399 7438 7278
f 7415 7366 7368
f 7368 7370 7372
f 7372 7374 7400
f 7374 7376 7400
f 7376 7378 7400
f 7378 7380 7400
f 7380 7382 7400
f 7382 7384 7400
f 7384 7386 7400
f 7400 7388 7389
f 7389 7422 7415
f 7422 7286 7415
f 7415 7368 7400
f 7368 7372 7400
f 7395 7391 7409
f 7409 7307 7395
f 7307 7394 7392
f 7304 7303 7406
f 7402 7302 7278
f 7393 7394 7307
f 7310 7309 7396
f 7309 7302 7303
f 7393 7307 7310
f 7396 7393 7310
f 7309 7303 7396
f 7303 7304 7396
f 7397 7396 7304
f 7306 7398 7313
f 7306 7313 7397
f 7306 7304 7403
f 7412 7410 7405
f 7410 7411 7405
f 7411 7398 7405
f 7398 7306 7405
f 7402 7406 7303
f 7409 7408 7310
f 7408 7407 7309
f 7388 7400 7309
f 7309 7407 7388
f 7353 7349 7410
f 7349 7345 7411
f 7345 7341 7411
f 7341 7398 7411
f 7357 7353 7412
f 7349 7411 7410
f 7404 7361 7357
f 7412 7404 7357
f 7270 7282 7419
f 7273 7270 7421
f 7266 7273 7418
f 7413 7305 7266
f 7286 7292 7288
f 7288 7282 7286
f 7282 7270 7305
f 7286 7282 7415
f 7270 7273 7266
f 7270 7266 7305
f 7423 7415 7308
f 7308 7415 7305
f 7414 7308 7305
f 7422 7420 7292
f 7420 7416 7288
f 7416 7419 7282
f 7269 7276 7435
f 7280 7276 7267
f 7276 7269 7267
f 7269 7274 7272
f 7272 7267 7269
f 7285 7281 7430
f 7287 7261 7267
f 7269 7436 7290
f 7436 7437 7290
f 7293 7291 7429
f 7272 7274 7290
f 7281 7293 7428
f 7267 7272 7295
f 7426 7280 7298
f 7280 7261 7298
f 7261 7287 7298
f 7300 7285 7431
f 7300 7431 7424
f 7426 7298 7300
f 7300 7298 7437
f 7298 7290 7437
f 7437 7434 7300
f 7295 7290 7284
f 7290 7298 7284
f 7291 7293 7281
f 7281 7285 7300
f 7429 7425 7365
f 7365 7430 7428
f 7423 7414 7424
f 7433 7432 7427
f 7425 7429 7291
f 7291 7434 7433
f 7436 7435 7432
f 7434 7437 7436
f 7427 7390 7425
f 7390 7438 7399
f 7399 7387 7385
f 7390 7399 7425
f 7365 7425 7367
f 7369 7425 7371
f 7369 7367 7425
f 7373 7371 7425
f 7377 7375 7425
f 7375 7373 7425
f 7381 7379 7399
f 7379 7377 7399
f 7385 7383 7399
f 7383 7381 7399
f 7401 7278 7438
f 6047 7440 7442
f 7442 7445 7580
f 7457 7626 7625
f 7463 7457 7466
f 7469 7466 7474
f 7475 7474 7478
f 7481 7478 7483
f 7484 7483 7486
f 7487 7486 7489
f 7490 7489 7492
f 7615 7498 7616
f 7580 7463 6132
f 7466 7624 6135
f 7456 7500 7501
f 7561 7560 7495
f 7496 7493 7492
f 7575 7572 7571
f 7456 7452 7461
f 7465 7461 7468
f 7471 7468 7473
f 7473 7480 7525
f 7520 7526 7525
f 7574 7576 7504
f 7554 7555 6192
f 7579 7551 7577
f 7513 7515 7465
f 7557 7593 7595
f 7529 7509 7506
f 7529 7530 7523
f 7515 7516 7511
f 7505 7506 7508
f 7461 7516 7514
f 7507 7508 7514
f 7518 6124 6292
f 7510 7637 7636
f 7513 7514 7516
f 7500 7607 7606
f 6133 7557 7503
f 7509 7523 7520
f 7524 7521 7520
f 7526 7530 7529
f 7531 7530 7526
f 7528 7522 7533
f 7524 7523 7530
f 7533 7534 7535
f 7535 7536 7528
f 7536 7531 7527
f 7534 7533 7522
f 7521 7524 7537
f 7525 7529 7505
f 7480 7473 7506
f 7537 7524 7531
f 7527 7526 7520
f 7528 7527 7521
f 7535 7534 7537
f 7539 7538 6171
f 7542 7541 6174
f 7540 7542 6175
f 7544 7539 6172
f 7538 7543 6176
f 7545 7544 6177
f 7546 7545 6178
f 7552 7554 6187
f 7547 7546 6179
f 7549 7547 6180
f 7541 7553 6186
f 7548 7549 6182
f 7543 7540 6173
f 7550 7558 6196
f 7551 7552 6185
f 7545 7501 7544
f 7553 7551 6184
f 7555 7557 7556
f 7556 6191 6192
f 7556 7550 6183
f 6196 7558 7559
f 7559 7548 6181
f 7441 7439 7571
f 7565 7561 7444
f 7444 7561 7564
f 7450 7564 7573
f 7460 7454 7573
f 7464 7460 7569
f 7467 7464 7566
f 7470 7467 7567
f 7472 7470 7570
f 7439 7472 7568
f 7439 7460 7472
f 7479 7476 7574
f 7563 7560 7482
f 7482 7560 7562
f 7485 7562 7572
f 7488 7572 7575
f 7494 7491 7575
f 7494 7579 7577
f 7499 7497 7577
f 7499 7578 7576
f 7502 7576 7574
f 7479 7497 7502
f 7566 7503 7567
f 7588 7631 7581
f 7459 7448 7446
f 7443 7447 7451
f 7447 7446 7448
f 7582 7458 7462
f 7455 7462 7459
f 7580 7583 7588
f 7458 7582 7445
f 7588 7583 7585
f 7590 7585 7586
f 7589 7586 7584
f 7587 7584 7634
f 7630 7580 7455
f 7593 7594 7600
f 7591 7592 7598
f 7595 7593 7599
f 7594 7591 7597
f 7592 6228 6236
f 7596 7595 7601
f 7597 7599 7600
f 7607 7605 7610
f 7603 7604 7609
f 7605 7603 7608
f 7606 7607 7612
f 7604 6243 6250
f 7602 7613 6257
f 7613 7602 7606
f 7612 7609 7611
f 7616 7614 7619
f 6259 7617 7622
f 7618 7615 7620
f 7617 7618 7623
f 7615 7616 7621
f 7614 6261 6258
f 6260 7619 6258
f 7626 7445 7624
f 7633 7631 7632
f 7627 7628 7443
f 7630 7629 7631
f 7630 7628 7627
f 7641 6291 6123
f 6291 7641 7649
f 7642 7650 7648
f 7639 7636 7644
f 6292 6302 7650
f 7636 7637 7645
f 7640 7648 7646
f 7638 7646 7643
f 7641 7639 7647
f 7637 7635 7643
f 7643 6301 7645
f 6047 7442 6049
f 7445 7440 7624
f 7440 7445 7442
f 7626 7463 7581
f 7463 7626 7457
f 7463 7466 7469
f 7469 7474 7475
f 7475 7478 7481
f 7481 7483 7484
f 7484 7486 7487
f 7487 7489 7490
f 7490 7492 7493
f 6261 7614 6135
f 6135 7614 7498
f 7503 7617 6134
f 6134 7617 6259
f 7616 7498 7614
f 7498 7615 7503
f 7503 7618 7617
f 7503 7615 7618
f 7496 6132 7493
f 7493 6132 7490
f 7490 6132 7487
f 7487 6132 7484
f 7484 6132 7481
f 7481 6132 7475
f 7475 6132 7469
f 7469 6132 7463
f 7463 7580 7581
f 7580 6049 7442
f 6049 7580 6132
f 6132 7496 7504
f 6135 7624 6047
f 6047 7624 7440
f 7624 7457 7625
f 7466 7457 7624
f 7466 6135 7474
f 7474 6135 7478
f 7478 6135 7483
f 7483 6135 7486
f 7486 6135 7489
f 7489 6135 7492
f 7492 6135 7495
f 7495 6135 7498
f 7456 7501 7452
f 7564 7495 7573
f 7573 7495 7498
f 7496 7574 7504
f 7496 7563 7574
f 7561 7495 7564
f 7496 7560 7563
f 7562 7565 7572
f 7572 7565 7571
f 7495 7560 7496
f 7560 7561 7562
f 7562 7561 7565
f 7496 7492 7495
f 7575 7571 7568
f 7456 7461 7465
f 7465 7468 7471
f 7471 7473 7477
f 7473 7525 7477
f 7520 7525 7480
f 7554 6192 6187
f 7578 7553 7576
f 7576 7553 7504
f 7553 7578 7551
f 7552 7570 7554
f 7577 7551 7578
f 7551 7579 7552
f 7552 7568 7570
f 7579 7575 7552
f 7568 7552 7575
f 7507 7477 7505
f 7477 7507 7471
f 7471 7513 7465
f 7465 7515 7456
f 7456 7515 7500
f 7500 7510 7512
f 7500 7515 7510
f 7471 7507 7513
f 7592 6133 6228
f 7501 7596 7519
f 7519 7596 7518
f 7518 6235 6124
f 7518 7596 6235
f 7592 7557 6133
f 7591 7557 7592
f 7501 7595 7596
f 7594 7557 7591
f 7593 7557 7594
f 7557 7595 7501
f 7529 7506 7505
f 7529 7523 7509
f 7515 7511 7510
f 7505 7508 7507
f 7511 7501 7519
f 7501 7516 7452
f 7452 7516 7461
f 7461 7514 7468
f 7468 7508 7473
f 7514 7508 7468
f 7473 7508 7506
f 7516 7501 7511
f 7507 7514 7513
f 7518 6292 7642
f 7519 7640 7511
f 7511 7637 7510
f 7635 7637 7511
f 7512 7641 7517
f 7642 7519 7518
f 7640 7519 7642
f 7510 7639 7512
f 7512 7639 7641
f 7638 7511 7640
f 7635 7511 7638
f 7510 7636 7639
f 7513 7516 7515
f 7604 6123 6243
f 7517 7603 7512
f 7512 7605 7500
f 7603 7605 7512
f 7604 7517 6123
f 7603 7517 7604
f 7504 7602 6132
f 6132 7602 6246
f 7500 7602 7504
f 7500 7606 7602
f 7607 7500 7605
f 6133 7503 6134
f 7509 7520 7480
f 7524 7520 7523
f 7526 7529 7525
f 7531 7526 7527
f 7528 7533 7532
f 7524 7530 7531
f 7533 7535 7532
f 7535 7528 7532
f 7536 7527 7528
f 7534 7522 7537
f 7521 7537 7522
f 7525 7505 7477
f 7480 7506 7509
f 7537 7531 7536
f 7527 7520 7521
f 7528 7521 7522
f 7535 7537 7536
f 7539 6171 6172
f 7542 6174 6175
f 7540 6175 6173
f 7544 6172 6177
f 7538 6176 6171
f 7545 6177 6178
f 7546 6178 6179
f 7552 6187 6185
f 7547 6179 6180
f 7549 6180 6182
f 7541 6186 6174
f 7548 6182 6181
f 7543 6173 6176
f 7550 6196 6183
f 7551 6185 6184
f 7557 7550 7556
f 7557 7558 7550
f 7541 7504 7553
f 7542 7504 7541
f 7557 7559 7558
f 7557 7548 7559
f 7542 7540 7504
f 7504 7540 7500
f 7501 7548 7557
f 7501 7549 7548
f 7543 7500 7540
f 7538 7500 7543
f 7501 7547 7549
f 7501 7546 7547
f 7538 7539 7500
f 7500 7539 7501
f 7501 7545 7546
f 7544 7501 7539
f 7553 6184 6186
f 7556 6192 7555
f 7556 6183 6191
f 6196 7559 6195
f 7559 6181 6195
f 7441 7571 7565
f 7565 7444 7441
f 7444 7564 7450
f 7450 7573 7454
f 7460 7573 7569
f 7464 7569 7566
f 7467 7566 7567
f 7470 7567 7570
f 7472 7570 7568
f 7439 7568 7571
f 7472 7460 7470
f 7470 7460 7467
f 7467 7460 7464
f 7460 7441 7454
f 7454 7441 7450
f 7450 7441 7444
f 7441 7460 7439
f 7479 7574 7563
f 7563 7482 7479
f 7482 7562 7485
f 7485 7572 7488
f 7488 7575 7491
f 7494 7575 7579
f 7494 7577 7497
f 7499 7577 7578
f 7499 7576 7502
f 7502 7574 7476
f 7491 7479 7488
f 7488 7479 7485
f 7485 7479 7482
f 7479 7502 7476
f 7502 7497 7499
f 7497 7479 7494
f 7494 7479 7491
f 7567 7554 7570
f 7554 7567 7555
f 7555 7567 7557
f 7557 7567 7503
f 7503 7569 7498
f 7566 7569 7503
f 7498 7569 7573
f 7462 7629 7459
f 7459 7451 7448
f 7629 7451 7459
f 7451 7629 7449
f 7449 7629 7627
f 7631 7587 7632
f 7631 7589 7587
f 7631 7590 7589
f 7462 7581 7629
f 7629 7581 7631
f 7581 7458 7626
f 7458 7581 7462
f 7631 7588 7590
f 7459 7446 7453
f 7443 7451 7449
f 7447 7448 7451
f 7582 7462 7455
f 7455 7459 7453
f 7580 7588 7581
f 7458 7445 7626
f 7588 7585 7590
f 7590 7586 7589
f 7589 7584 7587
f 7587 7634 7632
f 7585 7633 7586
f 7586 7633 7584
f 7584 7633 7634
f 7630 7443 7628
f 7630 7447 7443
f 7583 7633 7585
f 7630 7453 7447
f 7447 7453 7446
f 7580 7633 7583
f 7580 7630 7633
f 7582 7580 7445
f 7630 7455 7453
f 7455 7580 7582
f 7593 7600 7599
f 7591 7598 7597
f 7595 7599 7601
f 7594 7597 7600
f 7592 6236 7598
f 7599 7598 7601
f 7601 6235 7596
f 6235 7601 6236
f 7601 7598 6236
f 7598 7599 7597
f 7607 7610 7612
f 7603 7609 7608
f 7605 7608 7610
f 7606 7612 7611
f 7604 6250 7609
f 7602 6257 6246
f 7613 7606 7611
f 7611 6257 7613
f 6257 7611 6250
f 6250 7611 7609
f 7609 7610 7608
f 7610 7609 7612
f 7616 7619 7621
f 6259 7622 6260
f 7618 7620 7623
f 7617 7623 7622
f 7615 7621 7620
f 7614 6258 7619
f 7621 7619 7620
f 7620 7619 7623
f 7623 7619 7622
f 7622 7619 6260
f 7626 7624 7625
f 7633 7632 7634
f 7627 7443 7449
f 7630 7631 7633
f 7630 7627 7629
f 7641 6123 7517
f 6291 7649 6301
f 7642 7648 7640
f 7639 7644 7647
f 6292 7650 7642
f 7636 7645 7644
f 7640 7646 7638
f 7638 7643 7635
f 7641 7647 7649
f 7637 7643 7645
f 7645 7647 7644
f 7647 7645 7649
f 7649 7645 6301
f 6301 7643 6302
f 6302 7643 7650
f 7650 7643 7648
f 7648 7643 7646
f 7655 6304 7656
f 7651 7652 7681
f 7655 7656 7672
f 7659 7766 7768
f 7657 7658 7666
f 7654 7655 7675
f 7653 6305 6338
f 7658 7653 7663
f 7652 7654 7678
f 7656 7657 7669
f 7666 7663 7665
f 7667 7665 7664
f 7769 7771 7668
f 7669 7666 7667
f 7670 7667 7668
f 7668 7771 7770
f 7672 7669 7670
f 7673 7670 7671
f 7671 7770 7772
f 7675 7672 7673
f 7676 7673 7674
f 7678 7675 7676
f 7679 7676 7677
f 7677 7773 7774
f 7681 7678 7679
f 7682 7679 7680
f 7680 7774 7775
f 6340 6438 7769
f 7664 7665 6339
f 7665 7663 6338
f 7779 7682 7683
f 7682 7662 7660
f 6346 7733 7750
f 7691 7734 7732
f 7686 7690 7691
f 7690 7686 7731
f 7685 7689 7735
f 7684 7688 7689
f 7688 7684 7729
f 6352 7736 7728
f 6352 6430 7764
f 7768 7739 7738
f 7739 7768 7766
f 7740 7767 7688
f 7767 7776 7689
f 7689 7742 7735
f 7777 7778 7743
f 7778 7744 7743
f 7774 7690 7745
f 7691 7690 7774
f 7747 7773 7772
f 7737 7764 7765
f 7772 7770 7748
f 7778 7779 7683
f 7770 7771 7749
f 7751 7769 7750
f 7769 6438 6351
f 7762 7702 7761
f 7736 7737 7697
f 7695 7763 7728
f 7701 7740 7741
f 7738 7739 7699
f 7699 7739 7740
f 7737 7738 7693
f 7701 7700 7698
f 7703 7702 7700
f 7692 7696 7697
f 7696 7694 7695
f 7698 7692 7693
f 7760 7761 7702
f 7704 7715 7706
f 7735 7742 7709
f 7707 7759 7730
f 7714 7745 7746
f 7743 7744 7711
f 7711 7744 7745
f 7742 7743 7705
f 7714 7713 7710
f 7712 7715 7713
f 7704 7708 7709
f 7708 7706 7707
f 7711 7710 7704
f 7727 7718 7722
f 7721 7719 7734
f 7732 7734 7719
f 7726 7751 7750
f 7717 7748 7749
f 7723 7749 7751
f 7717 7721 7747
f 7726 7725 7722
f 7724 7727 7725
f 7716 7720 7721
f 7720 7718 7719
f 7755 7719 7718
f 7723 7722 7716
f 7744 7778 7775
f 7674 7772 7773
f 7727 7724 7752
f 7724 7750 7733
f 7706 7758 7759
f 7715 7712 7756
f 7712 7746 7731
f 7694 7762 7763
f 7703 7741 7729
f 7662 7659 7660
f 7777 7906 7779
f 6443 7855 7780
f 7780 7858 7857
f 7782 7859 7860
f 7783 7860 7861
f 7905 7863 7865
f 7784 7905 7904
f 7866 7785 7868
f 7787 7870 7872
f 7872 7873 7788
f 7903 7875 7877
f 7903 7902 7790
f 7790 7880 7791
f 7791 7882 7884
f 7793 7883 7886
f 7886 7794 7793
f 7889 6569 6459
f 7861 7860 7801
f 7862 7864 7805
f 7801 7860 7859
f 7809 7857 7858
f 7864 7861 7807
f 7799 7898 7865
f 7812 7858 7856
f 7814 7856 7855
f 7816 7855 7854
f 7800 7806 7807
f 7806 7804 7805
f 7803 7805 7804
f 7802 7799 7803
f 7815 7816 7810
f 7816 7815 7813
f 7814 7813 7811
f 7812 7811 7808
f 7809 7808 7800
f 7901 7900 7815
f 7803 7799 7863
f 7819 7825 7873
f 7823 7821 7874
f 7819 7872 7870
f 7827 7870 7871
f 7825 7823 7876
f 7877 7875 7817
f 7830 7871 7866
f 7832 7866 7868
f 7834 7868 7867
f 7818 7824 7825
f 7824 7822 7823
f 7822 7820 7821
f 7820 7817 7821
f 7833 7834 7828
f 7834 7833 7831
f 7832 7831 7829
f 7830 7829 7826
f 7827 7826 7818
f 7897 7896 7833
f 7894 7817 7820
f 7821 7817 7875
f 7837 7843 7886
f 7889 7885 7841
f 7845 7837 7883
f 7845 7884 7882
f 7885 7886 7843
f 7888 7887 7835
f 7848 7882 7880
f 7850 7880 7878
f 7852 7878 7879
f 7836 7842 7843
f 7842 7840 7841
f 7840 7838 7839
f 7838 7835 7839
f 7851 7852 7846
f 7849 7850 7852
f 7850 7849 7847
f 7844 7845 7848
f 7845 7844 7836
f 7890 7835 7838
f 7839 7835 7887
f 7851 7846 7893
f 7847 7851 7844
f 7846 7879 7881
f 7829 7833 7826
f 7828 7867 7869
f 7811 7815 7808
f 7802 7899 7898
f 7810 7854 7853
f 6465 7887 7888
f 7797 7798 7902
f 7902 7798 7881
f 7874 7789 7876
f 7905 7795 7796
f 7869 7867 7904
f 7905 7862 7863
f 7853 7854 6574
f 7888 7733 6346
f 7752 7733 7888
f 7752 7890 7891
f 7892 7754 7753
f 7893 7755 7754
f 7881 7732 7755
f 7687 7732 7881
f 7687 7798 7797
f 7877 7731 7686
f 7756 7731 7877
f 7757 7756 7894
f 7758 7757 7895
f 7758 7896 7897
f 7869 7730 7759
f 7685 7730 7869
f 7684 7685 7796
f 7865 7729 7684
f 7760 7729 7865
f 7761 7760 7898
f 7762 7761 7899
f 7762 7900 7901
f 7853 7728 7763
f 6341 7728 7853
f 7794 7786 7790
f 7906 7662 7682
f 7661 7906 7776
f 7661 7662 7906
f 7656 6304 7657
f 7657 6305 7658
f 7658 6305 7653
f 6305 7657 6304
f 6304 7652 7651
f 7655 7654 7652
f 6304 7655 7652
f 7651 7681 7660
f 7655 7672 7675
f 7659 7764 6430
f 7659 7765 7764
f 7767 7659 7776
f 7766 7659 7767
f 7659 7768 7765
f 7657 7666 7669
f 7654 7675 7678
f 7653 6338 7663
f 7658 7663 7666
f 7652 7678 7681
f 7656 7669 7672
f 7666 7665 7667
f 7667 7664 7668
f 7769 7668 7664
f 7669 7667 7670
f 7670 7668 7671
f 7668 7770 7671
f 7672 7670 7673
f 7673 7671 7674
f 7671 7772 7674
f 7675 7673 7676
f 7676 7674 7677
f 7678 7676 7679
f 7679 7677 7680
f 7677 7774 7680
f 7681 7679 7682
f 7682 7680 7683
f 7680 7775 7683
f 6340 7769 7664
f 7664 6339 6340
f 7665 6338 6339
f 7682 7660 7681
f 6346 7750 6351
f 7691 7732 7687
f 7686 7691 7687
f 7690 7731 7746
f 7685 7735 7730
f 7684 7689 7685
f 7688 7729 7741
f 6352 7728 6341
f 6352 7764 7736
f 7768 7738 7765
f 7739 7766 7740
f 7767 7740 7766
f 7740 7688 7741
f 7767 7689 7688
f 7777 7742 7776
f 7776 7742 7689
f 7777 7743 7742
f 7775 7774 7745
f 7745 7690 7746
f 7691 7774 7773
f 7773 7747 7691
f 7691 7747 7734
f 7764 7737 7736
f 7737 7765 7738
f 7772 7748 7747
f 7778 7683 7775
f 7770 7749 7748
f 7769 7751 7771
f 7771 7751 7749
f 7769 6351 7750
f 7702 7698 7700
f 7698 7702 7692
f 7692 7694 7696
f 7702 7694 7692
f 7694 7702 7762
f 7736 7697 7695
f 7695 7728 7736
f 7701 7741 7703
f 7738 7699 7693
f 7699 7740 7701
f 7737 7693 7697
f 7701 7698 7699
f 7703 7700 7701
f 7692 7697 7693
f 7696 7695 7697
f 7698 7693 7699
f 7760 7702 7703
f 7715 7710 7713
f 7710 7715 7704
f 7704 7706 7708
f 7706 7715 7758
f 7758 7715 7757
f 7735 7709 7707
f 7707 7730 7735
f 7714 7746 7712
f 7743 7711 7705
f 7711 7745 7714
f 7742 7705 7709
f 7714 7710 7711
f 7712 7713 7714
f 7704 7709 7705
f 7708 7707 7709
f 7711 7704 7705
f 7727 7722 7725
f 7722 7718 7716
f 7716 7718 7720
f 7718 7727 7754
f 7754 7727 7753
f 7721 7734 7747
f 7732 7719 7755
f 7726 7750 7724
f 7717 7749 7723
f 7723 7751 7726
f 7717 7747 7748
f 7726 7722 7723
f 7724 7725 7726
f 7716 7721 7717
f 7720 7719 7721
f 7755 7718 7754
f 7723 7716 7717
f 7744 7775 7745
f 7674 7773 7677
f 7727 7752 7753
f 7724 7733 7752
f 7706 7759 7707
f 7715 7756 7757
f 7712 7731 7756
f 7694 7763 7695
f 7703 7729 7760
f 7660 7659 7651
f 7651 7659 6304
f 6304 7659 6430
f 7659 7662 7661
f 7777 7779 7778
f 7855 6574 7854
f 6574 7855 6443
f 7856 7780 7855
f 7780 7857 7781
f 7858 7780 7856
f 7859 7781 7857
f 7781 7859 7782
f 7860 7783 7782
f 7783 7861 7864
f 7905 7865 7795
f 7784 7904 7785
f 7868 7904 7867
f 7904 7868 7785
f 7785 7871 7786
f 7866 7871 7785
f 7870 7786 7871
f 7786 7870 7787
f 7872 7788 7787
f 7903 7877 7797
f 7903 7790 7789
f 7879 7878 7902
f 7902 7880 7790
f 7878 7880 7902
f 7882 7791 7880
f 7791 7884 7792
f 7883 7792 7884
f 7792 7883 7793
f 7794 7885 7889
f 7885 7794 7886
f 7889 6459 7794
f 7861 7801 7807
f 7862 7805 7803
f 7801 7859 7809
f 7857 7809 7859
f 7809 7858 7812
f 7864 7807 7805
f 7799 7865 7863
f 7812 7856 7814
f 7814 7855 7816
f 7816 7854 7810
f 7800 7807 7801
f 7806 7805 7807
f 7803 7804 7802
f 7816 7813 7814
f 7814 7811 7812
f 7812 7808 7809
f 7809 7800 7801
f 7901 7815 7810
f 7803 7863 7862
f 7819 7873 7872
f 7823 7874 7876
f 7819 7870 7827
f 7827 7871 7830
f 7825 7876 7873
f 7877 7817 7894
f 7830 7866 7832
f 7832 7868 7834
f 7834 7867 7828
f 7818 7825 7819
f 7824 7823 7825
f 7822 7821 7823
f 7834 7831 7832
f 7832 7829 7830
f 7830 7826 7827
f 7827 7818 7819
f 7897 7833 7828
f 7894 7820 7895
f 7821 7875 7874
f 7837 7886 7883
f 7889 7841 7839
f 7845 7883 7884
f 7845 7882 7848
f 7885 7843 7841
f 7888 7835 7890
f 7848 7880 7850
f 7850 7878 7852
f 7852 7879 7846
f 7836 7843 7837
f 7842 7841 7843
f 7840 7839 7841
f 7849 7852 7851
f 7850 7847 7848
f 7844 7848 7847
f 7845 7836 7837
f 7890 7838 7891
f 7839 7887 7889
f 7851 7893 7892
f 7844 7838 7836
f 7836 7838 7842
f 7842 7838 7840
f 7838 7892 7891
f 7892 7838 7851
f 7851 7847 7849
f 7838 7844 7851
f 7846 7881 7893
f 7826 7820 7818
f 7818 7820 7824
f 7824 7820 7822
f 7820 7896 7895
f 7896 7820 7833
f 7833 7829 7831
f 7820 7826 7833
f 7828 7869 7897
f 7808 7802 7800
f 7800 7802 7806
f 7806 7802 7804
f 7802 7900 7899
f 7900 7802 7815
f 7815 7811 7813
f 7802 7808 7815
f 7802 7898 7799
f 7810 7853 7901
f 7887 6569 7889
f 6569 7887 6465
f 7797 7902 7903
f 7902 7881 7879
f 7876 7789 7873
f 7873 7789 7788
f 7789 7874 7903
f 7903 7874 7875
f 7905 7796 7904
f 7869 7904 7796
f 7862 7905 7864
f 7864 7784 7783
f 7905 7784 7864
f 7853 6574 6460
f 7888 6346 6465
f 7752 7888 7890
f 7752 7891 7753
f 7892 7753 7891
f 7893 7754 7892
f 7881 7755 7893
f 7687 7881 7798
f 7687 7797 7686
f 7877 7686 7797
f 7756 7877 7894
f 7757 7894 7895
f 7758 7895 7896
f 7758 7897 7759
f 7869 7759 7897
f 7685 7869 7796
f 7684 7796 7795
f 7865 7684 7795
f 7760 7865 7898
f 7761 7898 7899
f 7762 7899 7900
f 7762 7901 7763
f 7853 7763 7901
f 6341 7853 6460
f 7783 7781 7782
f 7781 6443 7780
f 6443 7794 6459
f 7794 7792 7793
f 7792 7790 7791
f 7790 7788 7789
f 7788 7790 7787
f 7787 7790 7786
f 7786 7784 7785
f 7784 7781 7783
f 7781 7794 6443
f 7794 7790 7792
f 7786 7781 7784
f 7781 7786 7794
f 7906 7682 7779
f 7659 7661 7776
f 7776 7906 7777
f 6590 7918 7907
f 7918 7919 7908
f 7908 7919 7920
f 7909 7920 7921
f 7910 7921 7922
f 7911 7922 7923
f 7912 7923 7924
f 7915 7913 7927
f 7915 7925 7926
f 7917 7926 6600
f 7926 7916 6588
f 7925 7914 7916
f 7914 7925 7927
f 7920 7922 7921
f 6602 7927 7924
f 7920 6602 7924
f 7924 7927 7913
f 7916 7927 6602
f 6590 7907 6576
f 7918 7908 7907
f 7908 7920 7909
f 7909 7921 7910
f 7910 7922 7911
f 7911 7923 7912
f 7912 7924 7913
f 7915 7927 7925
f 7915 7926 7917
f 7917 6600 6589
f 7926 6588 6600
f 7925 7916 7926
f 7922 7924 7923
f 7924 7922 7920
f 6602 7918 6590
f 7918 6602 7919
f 7919 6602 7920
f 7927 7916 7914
f 7916 6602 6588
f 7944 7933 7934
f 7928 7940 6613
f 7963 7967 7934
f 7948 7932 7933
f 7960 7929 7930
f 7956 7930 7931
f 7952 7931 7932
f 7940 7928 7929
f 7959 6649 7939
f 7938 7936 7967
f 7937 7938 7973
f 7974 7965 7966
f 7939 7941 7961
f 7941 7942 7962
f 7942 7940 7960
f 7959 7961 7957
f 7961 7962 7958
f 7962 7960 7956
f 7955 7957 7953
f 7957 7958 7954
f 7958 7956 7952
f 7951 7953 7949
f 7953 7954 7950
f 7954 7952 7948
f 7947 7949 7945
f 7949 7950 7946
f 7950 7948 7944
f 7935 7943 7945
f 7945 7946 7938
f 7946 7944 7936
f 6612 6614 7941
f 6614 6615 7942
f 6615 6613 7940
f 7977 7966 7964
f 7935 7937 7976
f 7968 7963 7965
f 7973 7967 7969
f 7969 7968 7974
f 7976 7973 7975
f 7975 7974 7977
f 7970 7976 7978
f 7978 7977 7971
f 7970 7972 6650
f 6650 7972 7971
f 7964 6604 6648
f 7932 6604 7933
f 7944 7934 7936
f 7928 6613 6603
f 7936 7934 7967
f 7967 7968 7969
f 7963 7968 7967
f 7948 7933 7944
f 7960 7930 7956
f 7956 7931 7952
f 7952 7932 7948
f 7940 7929 7960
f 6612 7939 6649
f 6649 7935 7970
f 7943 7935 6649
f 7943 6649 7947
f 7947 6649 7951
f 7951 6649 7955
f 7955 6649 7959
f 7938 7967 7973
f 7937 7973 7976
f 7974 7966 7977
f 7939 7961 7959
f 7941 7962 7961
f 7942 7960 7962
f 7959 7957 7955
f 7961 7958 7957
f 7962 7956 7958
f 7955 7953 7951
f 7957 7954 7953
f 7958 7952 7954
f 7951 7949 7947
f 7953 7950 7949
f 7954 7948 7950
f 7947 7945 7943
f 7949 7946 7945
f 7950 7944 7946
f 7935 7945 7937
f 7945 7938 7937
f 7946 7936 7938
f 6612 7941 7939
f 6614 7942 7941
f 6615 7940 7942
f 7977 7964 7971
f 7935 7976 7970
f 7968 7965 7974
f 7973 7969 7975
f 7969 7974 7975
f 7976 7975 7978
f 7975 7977 7978
f 7970 7978 7972
f 7978 7971 7972
f 7970 6650 6649
f 6650 7971 6648
f 7964 6648 7971
f 7933 6604 7934
f 7934 7964 7963
f 6604 7964 7934
f 7963 7966 7965
f 7966 7963 7964
f 6604 7928 6603
f 7928 6604 7929
f 7929 6604 7930
f 7930 6604 7931
f 7931 6604 7932
f 7979 7981 7982
f 7981 7983 7984
f 7983 7985 7986
f 7985 7987 7988
f 7987 7989 7990
f 7990 7989 7991
f 7992 7991 7993
f 7994 7993 7995
f 7996 7995 7997
f 7998 7997 7999
f 8000 7999 8001
f 8002 8001 8003
f 8004 8003 8005
f 8006 8005 8007
f 8000 7984 7992
f 8007 8009 8010
f 8009 7979 7980
f 7979 7982 7980
f 7981 7984 7982
f 7983 7986 7984
f 7985 7988 7986
f 7987 7990 7988
f 7990 7991 7992
f 7992 7993 7994
f 7994 7995 7996
f 7996 7997 7998
f 7998 7999 8000
f 8000 8001 8002
f 8002 8003 8004
f 8004 8005 8006
f 8006 8007 8008
f 7984 7980 7982
f 7980 8008 8010
f 8008 8004 8006
f 8004 8008 8002
f 8002 8008 8000
f 8000 7992 7998
f 7998 7992 7996
f 7996 7992 7994
f 7992 7988 7990
f 7988 7984 7986
f 7984 8000 7980
f 7980 8000 8008
f 7992 7984 7988
f 8007 8010 8008
f 8009 7980 8010
f 8015 8014 8016
f 8020 8022 8081
f 8074 8080 8011
f 8013 8012 8014
f 8080 8012 8013
f 8147 8149 8062
f 8034 8024 8035
f 8028 8147 8148
f 8034 8067 8063
f 8064 8146 8150
f 8035 8037 8069
f 8070 8038 8036
f 8073 8036 8045
f 8071 8045 8046
f 8146 8151 8027
f 8035 8068 8067
f 8069 8037 8038
f 8150 8148 8066
f 8149 8029 8063
f 6773 8023 8025
f 8086 8082 8050
f 6765 6768 8077
f 8120 8121 8140
f 8016 8018 8019
f 8012 8020 8016
f 8108 8081 8112
f 6768 8079 8077
f 8079 8085 8101
f 8072 8158 8074
f 8044 8040 8152
f 8044 8153 8154
f 8043 8154 8155
f 8155 8156 8041
f 8026 6771 6772
f 8026 8047 6771
f 8101 8090 8091
f 8076 8081 8100
f 8096 8075 8078
f 8095 8060 8075
f 8098 8078 8076
f 8094 8059 8060
f 8093 8058 8059
f 8057 8058 8093
f 8091 8056 8057
f 8090 8055 8056
f 8089 8054 8055
f 8088 8053 8054
f 8087 8052 8053
f 8051 8052 8087
f 8083 8049 8050
f 8048 8049 8083
f 8085 8047 8048
f 8100 8081 8022
f 8099 8079 8101
f 6766 8047 8085
f 8118 8119 8117
f 8108 8109 8107
f 8105 8102 8103
f 8107 8111 8110
f 8116 8077 8118
f 8142 8145 8127
f 8122 8123 8119
f 8129 8133 8132
f 8133 8123 8122
f 8126 8127 8125
f 8125 8131 8130
f 8136 8137 8129
f 8116 8117 8121
f 8114 8113 8112
f 8117 8070 8121
f 8079 8124 8130
f 8114 8115 8144
f 8134 8135 8137
f 8131 8135 8134
f 8113 8109 8108
f 8110 8111 8105
f 8142 8143 8144
f 8141 8138 8139
f 8138 8141 8103
f 8150 8033 8032
f 8146 8064 8047
f 8146 8031 8033
f 8061 8066 8148
f 8028 8030 8149
f 8030 8029 8149
f 8156 8159 8158
f 8158 8039 8041
f 8157 8024 6770
f 6853 6769 8158
f 6856 6857 8161
f 6853 8159 8161
f 8018 8020 8021
f 8015 8106 8013
f 8162 8163 8024
f 8160 8157 6851
f 8015 8016 8017
f 8020 8081 8021
f 8074 8011 8072
f 8013 8014 8015
f 8080 8013 8011
f 8147 8062 8061
f 8045 8039 8046
f 8039 8042 8041
f 8042 8039 8043
f 8043 8039 8044
f 8044 8039 8040
f 8040 8037 8024
f 8038 8037 8040
f 8024 8034 8162
f 8162 8033 8023
f 8031 8025 8023
f 8025 8027 8026
f 8023 8033 8031
f 8040 8036 8038
f 8039 8036 8040
f 8045 8036 8039
f 8025 8031 8027
f 8162 8032 8033
f 8032 8162 8028
f 8028 8162 8030
f 8035 8024 8037
f 8162 8029 8030
f 8034 8029 8162
f 8028 8148 8032
f 8034 8063 8029
f 8064 8150 8065
f 8035 8069 8068
f 8070 8036 8073
f 8073 8045 8071
f 8071 8046 8072
f 8146 8027 8031
f 8035 8067 8034
f 8069 8038 8070
f 8150 8066 8065
f 8149 8063 8062
f 6773 8025 6772
f 8086 8050 8051
f 6765 8077 8074
f 8120 8140 8139
f 8016 8019 8017
f 8022 8020 8080
f 8080 8020 8012
f 8012 8016 8014
f 8016 8020 8018
f 8065 8055 8064
f 8064 8052 8047
f 8054 8053 8064
f 8047 8051 8048
f 8048 8050 8049
f 8051 8050 8048
f 8051 8047 8052
f 8052 8064 8053
f 8066 8055 8065
f 8064 8055 8054
f 8062 8056 8061
f 8061 8055 8066
f 8056 8055 8061
f 8068 8137 8067
f 8067 8056 8063
f 8135 8131 8067
f 8063 8056 8062
f 8067 8137 8135
f 8067 8057 8056
f 8137 8068 8129
f 8131 8058 8067
f 8125 8059 8131
f 8067 8058 8057
f 8144 8127 8145
f 8127 8076 8125
f 8131 8059 8058
f 8115 8081 8144
f 8144 8081 8127
f 8112 8081 8115
f 8125 8060 8059
f 8060 8076 8075
f 8075 8076 8078
f 8125 8076 8060
f 8081 8076 8127
f 8081 8108 8106
f 8085 8079 6767
f 6767 8079 6768
f 8074 6769 6765
f 8158 8046 8039
f 8074 8158 6769
f 8046 8158 8072
f 8044 8152 8153
f 8044 8154 8043
f 8043 8155 8042
f 8155 8041 8042
f 8026 6772 8025
f 6766 6771 8047
f 8047 8027 8151
f 8026 8027 8047
f 8087 8085 8086
f 8086 8084 8082
f 8085 8084 8086
f 8082 8084 8083
f 8101 8094 8100
f 8100 8095 8097
f 8097 8096 8098
f 8097 8095 8096
f 8088 8085 8087
f 8089 8085 8088
f 8100 8094 8095
f 8090 8085 8089
f 8101 8093 8094
f 8101 8092 8093
f 8090 8101 8085
f 8101 8091 8092
f 8076 8100 8097
f 8096 8078 8098
f 8095 8075 8096
f 8098 8076 8097
f 8094 8060 8095
f 8093 8059 8094
f 8057 8093 8092
f 8091 8057 8092
f 8090 8056 8091
f 8089 8055 8090
f 8088 8054 8089
f 8087 8053 8088
f 8051 8087 8086
f 8083 8050 8082
f 8048 8083 8084
f 8085 8048 8084
f 8100 8022 8099
f 8099 8101 8100
f 6766 8085 6767
f 8118 8117 8116
f 8108 8107 8106
f 8105 8103 8104
f 8107 8110 8106
f 8132 8077 8128
f 8128 8077 8079
f 8077 8116 8074
f 8074 8120 8080
f 8080 8111 8107
f 8080 8105 8111
f 8122 8077 8132
f 8074 8116 8120
f 8080 8102 8105
f 8102 8080 8138
f 8138 8120 8139
f 8080 8120 8138
f 8118 8077 8122
f 8142 8127 8126
f 8122 8119 8118
f 8129 8132 8128
f 8133 8122 8132
f 8126 8125 8124
f 8125 8130 8124
f 8136 8129 8128
f 8116 8121 8120
f 8114 8112 8115
f 8121 8141 8140
f 8121 8070 8141
f 8141 8011 8103
f 8141 8070 8011
f 8103 8011 8104
f 8110 8011 8106
f 8104 8011 8110
f 8011 8071 8072
f 8071 8011 8073
f 8073 8011 8070
f 8070 8117 8069
f 8069 8123 8068
f 8068 8133 8129
f 8068 8123 8133
f 8069 8119 8123
f 8069 8117 8119
f 8126 8143 8142
f 8126 8022 8143
f 8143 8022 8114
f 8114 8022 8113
f 8079 8136 8128
f 8022 8126 8099
f 8099 8124 8079
f 8107 8022 8080
f 8109 8022 8107
f 8079 8134 8136
f 8079 8130 8134
f 8113 8022 8109
f 8099 8126 8124
f 8114 8144 8143
f 8134 8137 8136
f 8131 8134 8130
f 8113 8108 8112
f 8110 8105 8104
f 8142 8144 8145
f 8141 8139 8140
f 8138 8103 8102
f 8150 8032 8148
f 8146 8047 8151
f 8146 8033 8150
f 8061 8148 8147
f 8028 8149 8147
f 8159 8152 8161
f 8161 8152 8160
f 8160 8152 8157
f 8152 8159 8153
f 8153 8159 8154
f 8154 8159 8155
f 8155 8159 8156
f 8158 8041 8156
f 8157 6770 6851
f 8024 8157 8040
f 8040 8157 8152
f 6853 8158 8159
f 6856 8161 8160
f 6853 8161 6857
f 8018 8021 8019
f 8011 8013 8106
f 8106 8021 8081
f 8019 8021 8106
f 8019 8106 8017
f 8017 8106 8015
f 8160 6851 6856
f 8187 8167 8168
f 8189 8168 8169
f 8193 8191 8169
f 8193 8170 8171
f 8195 8171 8172
f 8199 8197 8172
f 8201 8199 8173
f 8203 8201 8174
f 8205 8203 8175
f 8207 8205 8176
f 8209 8207 8177
f 8211 8209 8178
f 8181 8211 8179
f 8185 8183 8165
f 8185 8166 8167
f 8183 8182 8180
f 8185 8184 8182
f 8187 8186 8184
f 8187 8189 8188
f 8189 8191 8190
f 8191 8193 8192
f 8193 8195 8194
f 8195 8197 8196
f 8197 8199 8198
f 8201 8200 8198
f 8201 8203 8202
f 8203 8205 8204
f 8207 8206 8204
f 8209 8208 8206
f 8211 8210 8208
f 8211 8181 8180
f 8212 8196 8198
f 8181 8164 8165
f 8215 8212 8198
f 8215 8200 8202
f 8218 8204 8206
f 8213 8192 8194
f 8216 8213 8212
f 8216 8215 8218
f 8219 8218 8206
f 8190 8192 8213
f 8214 8213 8216
f 8220 8217 8216
f 8210 8220 8219
f 8188 8214 8186
f 8186 8214 8217
f 8182 8184 8217
f 8180 8220 8210
f 8194 8196 8212
f 8190 8214 8188
f 8182 8220 8180
f 8202 8204 8218
f 8244 8224 8225
f 8248 8246 8225
f 8250 8248 8226
f 8250 8227 8228
f 8254 8252 8228
f 8254 8229 8230
f 8256 8230 8231
f 8260 8258 8231
f 8262 8260 8232
f 8264 8262 8233
f 8266 8264 8234
f 8268 8266 8235
f 8238 8268 8236
f 8240 8222 8223
f 8242 8223 8224
f 8240 8239 8237
f 8240 8242 8241
f 8242 8244 8243
f 8244 8246 8245
f 8246 8248 8247
f 8248 8250 8249
f 8252 8251 8249
f 8254 8253 8251
f 8254 8256 8255
f 8256 8258 8257
f 8260 8259 8257
f 8260 8262 8261
f 8264 8263 8261
f 8264 8266 8265
f 8268 8267 8265
f 8268 8238 8237
f 8269 8253 8255
f 8238 8221 8222
f 8272 8269 8255
f 8272 8257 8259
f 8275 8261 8263
f 8270 8249 8251
f 8273 8270 8269
f 8273 8272 8275
f 8276 8275 8263
f 8247 8249 8270
f 8271 8270 8273
f 8277 8274 8273
f 8267 8277 8276
f 8245 8271 8243
f 8243 8271 8274
f 8239 8241 8274
f 8237 8277 8267
f 8251 8253 8269
f 8247 8271 8245
f 8239 8277 8237
f 8259 8261 8275
f 8301 8281 8282
f 8305 8303 8282
f 8307 8305 8283
f 8309 8307 8284
f 8309 8285 8286
f 8313 8311 8286
f 8313 8287 8288
f 8317 8315 8288
f 8317 8289 8290
f 8321 8319 8290
f 8323 8321 8291
f 8325 8323 8292
f 8295 8325 8293
f 8297 8279 8280
f 8299 8280 8281
f 8297 8296 8294
f 8299 8298 8296
f 8301 8300 8298
f 8301 8303 8302
f 8303 8305 8304
f 8305 8307 8306
f 8309 8308 8306
f 8309 8311 8310
f 8313 8312 8310
f 8313 8315 8314
f 8315 8317 8316
f 8317 8319 8318
f 8319 8321 8320
f 8323 8322 8320
f 8325 8324 8322
f 8325 8295 8294
f 8326 8310 8312
f 8295 8278 8279
f 8329 8326 8312
f 8329 8314 8316
f 8332 8318 8320
f 8327 8306 8308
f 8330 8327 8326
f 8330 8329 8332
f 8333 8332 8320
f 8304 8306 8327
f 8328 8327 8330
f 8334 8331 8330
f 8324 8334 8333
f 8302 8328 8300
f 8300 8328 8331
f 8296 8298 8331
f 8294 8334 8324
f 8308 8310 8326
f 8304 8328 8302
f 8296 8334 8294
f 8316 8318 8332
f 8360 8358 8338
f 8360 8339 8340
f 8362 8340 8341
f 8364 8341 8342
f 8368 8366 8342
f 8370 8368 8343
f 8372 8370 8344
f 8374 8372 8345
f 8376 8374 8346
f 8378 8376 8347
f 8378 8348 8349
f 8382 8380 8349
f 8382 8350 8335
f 8354 8336 8337
f 8356 8337 8338
f 8354 8353 8351
f 8356 8355 8353
f 8358 8357 8355
f 8360 8359 8357
f 8360 8362 8361
f 8362 8364 8363
f 8366 8365 8363
f 8366 8368 8367
f 8370 8369 8367
f 8370 8372 8371
f 8374 8373 8371
f 8376 8375 8373
f 8376 8378 8377
f 8378 8380 8379
f 8380 8382 8381
f 8352 8351 8381
f 8383 8367 8369
f 8352 8335 8336
f 8386 8383 8369
f 8386 8371 8373
f 8389 8375 8377
f 8384 8363 8365
f 8387 8384 8383
f 8387 8386 8389
f 8390 8389 8377
f 8361 8363 8384
f 8385 8384 8387
f 8391 8388 8387
f 8381 8391 8390
f 8359 8385 8357
f 8357 8385 8388
f 8353 8355 8388
f 8351 8391 8381
f 8365 8367 8383
f 8361 8385 8359
f 8353 8391 8351
f 8373 8375 8389
f 8415 8395 8396
f 8417 8396 8397
f 8419 8397 8398
f 8421 8398 8399
f 8425 8423 8399
f 8427 8425 8400
f 8429 8427 8401
f 8431 8429 8402
f 8433 8431 8403
f 8433 8404 8405
f 8435 8405 8406
f 8439 8437 8406
f 8409 8439 8407
f 8413 8411 8393
f 8415 8413 8394
f 8411 8410 8408
f 8411 8413 8412
f 8415 8414 8412
f 8415 8417 8416
f 8417 8419 8418
f 8419 8421 8420
f 8423 8422 8420
f 8423 8425 8424
f 8425 8427 8426
f 8429 8428 8426
f 8431 8430 8428
f 8433 8432 8430
f 8433 8435 8434
f 8437 8436 8434
f 8439 8438 8436
f 8439 8409 8408
f 8440 8424 8426
f 8409 8392 8393
f 8443 8440 8426
f 8443 8428 8430
f 8446 8432 8434
f 8441 8420 8422
f 8444 8441 8440
f 8444 8443 8446
f 8447 8446 8434
f 8418 8420 8441
f 8442 8441 8444
f 8448 8445 8444
f 8438 8448 8447
f 8416 8442 8414
f 8414 8442 8445
f 8410 8412 8445
f 8408 8448 8438
f 8422 8424 8440
f 8418 8442 8416
f 8410 8448 8408
f 8430 8432 8446
f 8187 8168 8189
f 8189 8169 8191
f 8193 8169 8170
f 8193 8171 8195
f 8195 8172 8197
f 8199 8172 8173
f 8201 8173 8174
f 8203 8174 8175
f 8205 8175 8176
f 8207 8176 8177
f 8209 8177 8178
f 8211 8178 8179
f 8181 8179 8164
f 8185 8165 8166
f 8185 8167 8187
f 8183 8180 8181
f 8185 8182 8183
f 8187 8184 8185
f 8187 8188 8186
f 8189 8190 8188
f 8191 8192 8190
f 8193 8194 8192
f 8195 8196 8194
f 8197 8198 8196
f 8201 8198 8199
f 8201 8202 8200
f 8203 8204 8202
f 8207 8204 8205
f 8209 8206 8207
f 8211 8208 8209
f 8211 8180 8210
f 8181 8165 8183
f 8215 8198 8200
f 8215 8202 8218
f 8213 8194 8212
f 8216 8212 8215
f 8216 8218 8219
f 8219 8206 8208
f 8190 8213 8214
f 8214 8216 8217
f 8220 8216 8219
f 8210 8219 8208
f 8186 8217 8184
f 8182 8217 8220
f 8244 8225 8246
f 8248 8225 8226
f 8250 8226 8227
f 8250 8228 8252
f 8254 8228 8229
f 8254 8230 8256
f 8256 8231 8258
f 8260 8231 8232
f 8262 8232 8233
f 8264 8233 8234
f 8266 8234 8235
f 8268 8235 8236
f 8238 8236 8221
f 8240 8223 8242
f 8242 8224 8244
f 8240 8237 8238
f 8240 8241 8239
f 8242 8243 8241
f 8244 8245 8243
f 8246 8247 8245
f 8248 8249 8247
f 8252 8249 8250
f 8254 8251 8252
f 8254 8255 8253
f 8256 8257 8255
f 8260 8257 8258
f 8260 8261 8259
f 8264 8261 8262
f 8264 8265 8263
f 8268 8265 8266
f 8268 8237 8267
f 8238 8222 8240
f 8272 8255 8257
f 8272 8259 8275
f 8270 8251 8269
f 8273 8269 8272
f 8273 8275 8276
f 8276 8263 8265
f 8247 8270 8271
f 8271 8273 8274
f 8277 8273 8276
f 8267 8276 8265
f 8243 8274 8241
f 8239 8274 8277
f 8301 8282 8303
f 8305 8282 8283
f 8307 8283 8284
f 8309 8284 8285
f 8309 8286 8311
f 8313 8286 8287
f 8313 8288 8315
f 8317 8288 8289
f 8317 8290 8319
f 8321 8290 8291
f 8323 8291 8292
f 8325 8292 8293
f 8295 8293 8278
f 8297 8280 8299
f 8299 8281 8301
f 8297 8294 8295
f 8299 8296 8297
f 8301 8298 8299
f 8301 8302 8300
f 8303 8304 8302
f 8305 8306 8304
f 8309 8306 8307
f 8309 8310 8308
f 8313 8310 8311
f 8313 8314 8312
f 8315 8316 8314
f 8317 8318 8316
f 8319 8320 8318
f 8323 8320 8321
f 8325 8322 8323
f 8325 8294 8324
f 8295 8279 8297
f 8329 8312 8314
f 8329 8316 8332
f 8327 8308 8326
f 8330 8326 8329
f 8330 8332 8333
f 8333 8320 8322
f 8304 8327 8328
f 8328 8330 8331
f 8334 8330 8333
f 8324 8333 8322
f 8300 8331 8298
f 8296 8331 8334
f 8360 8338 8339
f 8360 8340 8362
f 8362 8341 8364
f 8364 8342 8366
f 8368 8342 8343
f 8370 8343 8344
f 8372 8344 8345
f 8374 8345 8346
f 8376 8346 8347
f 8378 8347 8348
f 8378 8349 8380
f 8382 8349 8350
f 8382 8335 8352
f 8354 8337 8356
f 8356 8338 8358
f 8354 8351 8352
f 8356 8353 8354
f 8358 8355 8356
f 8360 8357 8358
f 8360 8361 8359
f 8362 8363 8361
f 8366 8363 8364
f 8366 8367 8365
f 8370 8367 8368
f 8370 8371 8369
f 8374 8371 8372
f 8376 8373 8374
f 8376 8377 8375
f 8378 8379 8377
f 8380 8381 8379
f 8352 8381 8382
f 8352 8336 8354
f 8386 8369 8371
f 8386 8373 8389
f 8384 8365 8383
f 8387 8383 8386
f 8387 8389 8390
f 8390 8377 8379
f 8361 8384 8385
f 8385 8387 8388
f 8391 8387 8390
f 8381 8390 8379
f 8357 8388 8355
f 8353 8388 8391
f 8415 8396 8417
f 8417 8397 8419
f 8419 8398 8421
f 8421 8399 8423
f 8425 8399 8400
f 8427 8400 8401
f 8429 8401 8402
f 8431 8402 8403
f 8433 8403 8404
f 8433 8405 8435
f 8435 8406 8437
f 8439 8406 8407
f 8409 8407 8392
f 8413 8393 8394
f 8415 8394 8395
f 8411 8408 8409
f 8411 8412 8410
f 8415 8412 8413
f 8415 8416 8414
f 8417 8418 8416
f 8419 8420 8418
f 8423 8420 8421
f 8423 8424 8422
f 8425 8426 8424
f 8429 8426 8427
f 8431 8428 8429
f 8433 8430 8431
f 8433 8434 8432
f 8437 8434 8435
f 8439 8436 8437
f 8439 8408 8438
f 8409 8393 8411
f 8443 8426 8428
f 8443 8430 8446
f 8441 8422 8440
f 8444 8440 8443
f 8444 8446 8447
f 8447 8434 8436
f 8418 8441 8442
f 8442 8444 8445
f 8448 8444 8447
f 8438 8447 8436
f 8414 8445 8412
f 8410 8445 8448
f 8474 8472 8452
f 8476 8474 8453
f 8478 8476 8454
f 8480 8478 8455
f 8482 8480 8456
f 8484 8482 8457
f 8484 8458 8459
f 8486 8459 8460
f 8488 8460 8461
f 8490 8461 8462
f 8492 8462 8463
f 8496 8494 8463
f 8496 8464 8449
f 8468 8450 8451
f 8472 8470 8451
f 8466 8468 8467
f 8470 8469 8467
f 8470 8472 8471
f 8474 8473 8471
f 8474 8476 8475
f 8478 8477 8475
f 8478 8480 8479
f 8480 8482 8481
f 8484 8483 8481
f 8486 8485 8483
f 8486 8488 8487
f 8488 8490 8489
f 8492 8491 8489
f 8494 8493 8491
f 8496 8495 8493
f 8466 8465 8495
f 8497 8481 8483
f 8468 8466 8449
f 8500 8497 8483
f 8500 8485 8487
f 8503 8489 8491
f 8498 8477 8479
f 8501 8498 8497
f 8501 8500 8503
f 8504 8503 8491
f 8475 8477 8498
f 8499 8498 8501
f 8505 8502 8501
f 8495 8505 8504
f 8473 8499 8471
f 8471 8499 8502
f 8467 8469 8502
f 8465 8505 8495
f 8479 8481 8497
f 8475 8499 8473
f 8467 8505 8465
f 8487 8489 8503
f 8529 8509 8510
f 8533 8531 8510
f 8535 8533 8511
f 8537 8535 8512
f 8539 8537 8513
f 8539 8514 8515
f 8541 8515 8516
f 8543 8516 8517
f 8547 8545 8517
f 8549 8547 8518
f 8551 8549 8519
f 8553 8551 8520
f 8553 8521 8506
f 8525 8507 8508
f 8529 8527 8508
f 8523 8525 8524
f 8527 8526 8524
f 8527 8529 8528
f 8531 8530 8528
f 8533 8532 8530
f 8535 8534 8532
f 8535 8537 8536
f 8537 8539 8538
f 8539 8541 8540
f 8543 8542 8540
f 8543 8545 8544
f 8545 8547 8546
f 8549 8548 8546
f 8551 8550 8548
f 8551 8553 8552
f 8523 8522 8552
f 8554 8538 8540
f 8525 8523 8506
f 8557 8554 8540
f 8557 8542 8544
f 8560 8546 8548
f 8555 8534 8536
f 8558 8555 8554
f 8558 8557 8560
f 8561 8560 8548
f 8532 8534 8555
f 8556 8555 8558
f 8562 8559 8558
f 8552 8562 8561
f 8530 8556 8528
f 8528 8556 8559
f 8524 8526 8559
f 8522 8562 8552
f 8536 8538 8554
f 8532 8556 8530
f 8524 8562 8522
f 8544 8546 8560
f 8474 8452 8453
f 8476 8453 8454
f 8478 8454 8455
f 8480 8455 8456
f 8482 8456 8457
f 8484 8457 8458
f 8484 8459 8486
f 8486 8460 8488
f 8488 8461 8490
f 8490 8462 8492
f 8492 8463 8494
f 8496 8463 8464
f 8496 8449 8466
f 8468 8451 8470
f 8472 8451 8452
f 8466 8467 8465
f 8470 8467 8468
f 8470 8471 8469
f 8474 8471 8472
f 8474 8475 8473
f 8478 8475 8476
f 8478 8479 8477
f 8480 8481 8479
f 8484 8481 8482
f 8486 8483 8484
f 8486 8487 8485
f 8488 8489 8487
f 8492 8489 8490
f 8494 8491 8492
f 8496 8493 8494
f 8466 8495 8496
f 8468 8449 8450
f 8500 8483 8485
f 8500 8487 8503
f 8498 8479 8497
f 8501 8497 8500
f 8501 8503 8504
f 8504 8491 8493
f 8475 8498 8499
f 8499 8501 8502
f 8505 8501 8504
f 8495 8504 8493
f 8471 8502 8469
f 8467 8502 8505
f 8529 8510 8531
f 8533 8510 8511
f 8535 8511 8512
f 8537 8512 8513
f 8539 8513 8514
f 8539 8515 8541
f 8541 8516 8543
f 8543 8517 8545
f 8547 8517 8518
f 8549 8518 8519
f 8551 8519 8520
f 8553 8520 8521
f 8553 8506 8523
f 8525 8508 8527
f 8529 8508 8509
f 8523 8524 8522
f 8527 8524 8525
f 8527 8528 8526
f 8531 8528 8529
f 8533 8530 8531
f 8535 8532 8533
f 8535 8536 8534
f 8537 8538 8536
f 8539 8540 8538
f 8543 8540 8541
f 8543 8544 8542
f 8545 8546 8544
f 8549 8546 8547
f 8551 8548 8549
f 8551 8552 8550
f 8523 8552 8553
f 8525 8506 8507
f 8557 8540 8542
f 8557 8544 8560
f 8555 8536 8554
f 8558 8554 8557
f 8558 8560 8561
f 8561 8548 8550
f 8532 8555 8556
f 8556 8558 8559
f 8562 8558 8561
f 8552 8561 8550
f 8528 8559 8526
f 8524 8559 8562
f 8565 8686 8684
f 8566 8567 8613
f 8613 8567 8570
f 8617 8570 8573
f 8621 8573 8577
f 8625 8577 8578
f 8629 8578 8580
f 8633 8580 8583
f 8637 8583 8589
f 8641 8589 8594
f 8594 8596 8649
f 8649 8596 8597
f 8653 8597 8599
f 8599 7301 7362
f 7260 8564 8687
f 8564 8565 8684
f 7301 8577 8566
f 8610 8611 8688
f 8689 8688 8611
f 8613 8615 8611
f 8611 8615 8614
f 8612 8689 8614
f 8613 8617 8619
f 8615 8619 8618
f 8614 8618 8616
f 8617 8621 8623
f 8619 8623 8622
f 8622 8620 8616
f 8625 8627 8623
f 8623 8627 8626
f 8622 8626 8624
f 8625 8629 8631
f 8631 8630 8626
f 8626 8630 8628
f 8629 8633 8635
f 8635 8634 8630
f 8634 8632 8628
f 8633 8637 8639
f 8635 8639 8638
f 8638 8636 8632
f 8637 8641 8643
f 8643 8642 8638
f 8638 8642 8640
f 8645 8647 8643
f 8647 8646 8642
f 8646 8644 8640
f 8645 8649 8651
f 8647 8651 8650
f 8646 8650 8648
f 8653 8655 8651
f 8651 8655 8654
f 8654 8652 8648
f 8657 8659 8655
f 8655 8659 8658
f 8654 8658 8656
f 7362 7364 8659
f 8659 7364 7363
f 8658 7363 7361
f 8636 8690 8632
f 7426 7413 8696
f 8704 8662 8703
f 8662 8661 8663
f 8664 8663 8665
f 8666 8665 8667
f 8668 8667 8669
f 8670 8669 8671
f 8671 8673 8674
f 8674 8673 8675
f 8676 8675 8677
f 8678 8677 8679
f 8680 8679 8681
f 8681 8692 8691
f 8579 8692 8601
f 8692 8697 7389
f 8684 8606 8687
f 8603 7403 7406
f 7402 7401 8579
f 8603 8689 8605
f 8605 7405 7403
f 7405 8695 7404
f 7402 8601 8602
f 7409 8606 8609
f 7408 8609 8608
f 7407 8683 7389
f 8693 8652 8695
f 8572 7421 7419
f 8575 7418 7421
f 8568 7417 7418
f 7413 7417 8568
f 8604 8582 8697
f 8696 7413 8604
f 8698 8696 8607
f 7422 8586 8592
f 7420 8592 8588
f 7416 8588 8582
f 8571 8707 7435
f 8569 7280 8563
f 8585 8704 8703
f 8587 8584 8569
f 8590 8571 8576
f 8593 8701 8702
f 8574 8595 8590
f 8581 8703 8701
f 8569 8584 8595
f 8600 7426 8699
f 8706 8600 8591
f 8598 8584 8587
f 8581 8591 8600
f 8660 8702 8701
f 8698 8704 8699
f 8705 8700 7427
f 8591 8700 8705
f 8707 8705 7432
f 8706 8705 8707
f 8700 8672 8691
f 7401 7390 8709
f 8686 8610 8685
f 8610 8686 8566
f 8566 8686 8565
f 8566 8613 8610
f 8613 8570 8617
f 8617 8573 8621
f 8621 8577 8625
f 8625 8578 8629
f 8629 8580 8633
f 8633 8583 8637
f 8637 8589 8641
f 8641 8594 8645
f 8594 8649 8645
f 8649 8597 8653
f 8653 8599 8657
f 8599 7362 8657
f 7260 8687 7391
f 8564 8684 8687
f 8597 7301 8599
f 7301 8564 7260
f 8564 8566 8565
f 8566 8577 8567
f 8567 8577 8570
f 8570 8577 8573
f 8577 8580 8578
f 8580 8589 8583
f 8589 7301 8594
f 8594 7301 8596
f 8596 7301 8597
f 7301 8566 8564
f 8577 7301 8580
f 8580 7301 8589
f 8610 8688 8685
f 8613 8611 8610
f 8611 8614 8689
f 8613 8619 8615
f 8615 8618 8614
f 8614 8616 8612
f 8617 8623 8619
f 8619 8622 8618
f 8622 8616 8618
f 8625 8623 8621
f 8623 8626 8622
f 8622 8624 8620
f 8625 8631 8627
f 8631 8626 8627
f 8626 8628 8624
f 8629 8635 8631
f 8635 8630 8631
f 8634 8628 8630
f 8633 8639 8635
f 8635 8638 8634
f 8638 8632 8634
f 8637 8643 8639
f 8643 8638 8639
f 8638 8640 8636
f 8645 8643 8641
f 8647 8642 8643
f 8646 8640 8642
f 8645 8651 8647
f 8647 8650 8646
f 8646 8648 8644
f 8653 8651 8649
f 8651 8654 8650
f 8654 8648 8650
f 8657 8655 8653
f 8655 8658 8654
f 8654 8656 8652
f 7362 8659 8657
f 8659 7363 8658
f 8658 7361 8656
f 8632 8690 8628
f 8628 8690 8624
f 8624 8690 8620
f 8620 8690 8616
f 8616 8690 8612
f 8690 8636 8640
f 7426 8696 8699
f 8703 8662 8660
f 8662 8704 8661
f 8661 8698 8697
f 8661 8704 8698
f 8662 8663 8664
f 8664 8665 8666
f 8666 8667 8668
f 8668 8669 8670
f 8670 8671 8672
f 8671 8674 8672
f 8674 8675 8676
f 8676 8677 8678
f 8678 8679 8680
f 8680 8681 8682
f 8681 8691 8682
f 8608 8601 8692
f 8692 8579 8691
f 8691 8579 8709
f 8697 8663 8661
f 8663 8667 8665
f 8667 8692 8669
f 8669 8692 8671
f 8671 8692 8673
f 8673 8692 8675
f 8675 8692 8677
f 8677 8692 8679
f 8679 8692 8681
f 8692 7389 8683
f 7389 8697 7422
f 7422 8697 8586
f 8697 8692 8663
f 8663 8692 8667
f 8687 7409 7391
f 7409 8687 8606
f 8606 8684 8686
f 8603 7406 8602
f 7402 8579 8601
f 8685 8606 8686
f 8609 8688 8608
f 8608 8602 8601
f 8685 8609 8606
f 8688 8609 8685
f 8608 8688 8602
f 8602 8688 8603
f 8689 8603 8688
f 8605 8612 8690
f 8605 8689 8612
f 8605 7403 8603
f 8695 7405 8693
f 8693 7405 8694
f 8694 7405 8690
f 8690 7405 8605
f 7402 8602 7406
f 7409 8609 7408
f 7408 8608 7407
f 8683 8608 8692
f 8608 8683 7407
f 8652 8693 8648
f 8648 8694 8644
f 8644 8694 8640
f 8640 8694 8690
f 8656 8695 8652
f 8648 8693 8694
f 7404 8656 7361
f 8695 8656 7404
f 8572 7419 8582
f 8575 7421 8572
f 8568 7418 8575
f 7413 8568 8604
f 8586 8588 8592
f 8588 8586 8582
f 8582 8604 8572
f 8586 8697 8582
f 8572 8568 8575
f 8572 8604 8568
f 8698 8607 8697
f 8607 8604 8697
f 8696 8604 8607
f 7422 8592 7420
f 7420 8588 7416
f 7416 8582 7419
f 8571 7435 7276
f 7280 8569 7276
f 7276 8569 8571
f 8571 8574 8576
f 8574 8571 8569
f 8585 8703 8581
f 8587 8569 8563
f 8571 8590 8707
f 8707 8590 8708
f 8593 8702 8591
f 8574 8590 8576
f 8581 8701 8593
f 8569 8595 8574
f 7426 8598 7280
f 7280 8598 8563
f 8563 8598 8587
f 8600 8704 8585
f 8600 8699 8704
f 7426 8600 8598
f 8600 8708 8598
f 8598 8708 8590
f 8708 8600 8706
f 8595 8584 8590
f 8590 8584 8598
f 8591 8581 8593
f 8581 8600 8585
f 8702 8660 8700
f 8660 8701 8703
f 8698 8699 8696
f 8705 7427 7432
f 8700 8591 8702
f 8591 8705 8706
f 8707 7432 7435
f 8706 8707 8708
f 7427 8700 7390
f 7390 8691 8709
f 8691 8680 8682
f 7390 8700 8691
f 8660 8662 8700
f 8664 8666 8700
f 8664 8700 8662
f 8668 8700 8666
f 8672 8700 8670
f 8670 8700 8668
f 8676 8691 8674
f 8674 8691 8672
f 8680 8691 8678
f 8678 8691 8676
f 7401 8709 8579
f 8806 8904 8822
f 8851 8720 8835
f 8721 8717 8732
f 8830 8733 8828
f 8821 8734 8818
f 8754 8745 8739
f 8741 8756 8740
f 8747 8772 8768
f 8745 8764 8744
f 8744 8762 8743
f 8743 8760 8742
f 8742 8758 8741
f 8770 8738 8752
f 8748 8770 8776
f 8749 8776 8774
f 8750 8774 8772
f 8740 8752 8738
f 8765 8754 8753
f 8765 8764 8766
f 8763 8762 8764
f 8761 8760 8762
f 8757 8760 8759
f 8755 8758 8757
f 8778 8754 8739
f 8771 8768 8772
f 8771 8774 8773
f 8775 8774 8776
f 8775 8770 8769
f 8825 8828 8733
f 8769 8752 8751
f 8884 8886 8763
f 8755 8752 8756
f 8736 8818 8734
f 8784 8793 8778
f 8811 8786 8807
f 8784 8803 8805
f 8783 8801 8803
f 8782 8799 8801
f 8781 8797 8799
f 8809 8787 8815
f 8815 8788 8813
f 8813 8789 8811
f 8793 8804 8792
f 8804 8803 8802
f 8802 8801 8800
f 8800 8799 8798
f 8799 8796 8798
f 8797 8794 8796
f 8810 8807 8806
f 8813 8810 8812
f 8814 8813 8812
f 8809 8814 8808
f 8791 8808 8790
f 8791 8794 8795
f 8780 8795 8797
f 8779 8791 8795
f 8777 8809 8791
f 8854 8719 8851
f 8839 8737 8830
f 8844 8724 8847
f 8869 8728 8871
f 8863 8717 8860
f 8878 8715 8875
f 8875 8716 8863
f 8828 8907 8908
f 8856 8726 8865
f 8821 8825 8735
f 8878 8713 8714
f 8898 8730 8901
f 8844 8722 8723
f 8841 8736 8722
f 8835 8721 8839
f 8887 8713 8881
f 8896 8732 8889
f 8901 8731 8896
f 8871 8729 8898
f 8847 8725 8856
f 8865 8727 8869
f 8889 8710 8893
f 8887 8711 8712
f 8860 8718 8854
f 8893 8711 8883
f 8819 8823 8820
f 8823 8818 8820
f 8768 8906 8747
f 8907 8747 8906
f 8827 8840 8831
f 8840 8830 8831
f 8827 8831 8829
f 8829 8830 8828
f 8819 8834 8832
f 8820 8833 8834
f 8833 8843 8834
f 8834 8842 8832
f 8844 8843 8841
f 8846 8842 8843
f 8836 8852 8837
f 8852 8835 8837
f 8838 8837 8840
f 8840 8835 8839
f 8845 8849 8848
f 8846 8847 8849
f 8850 8855 8852
f 8855 8851 8852
f 8848 8858 8857
f 8849 8856 8858
f 8859 8855 8853
f 8861 8854 8855
f 8862 8861 8859
f 8864 8860 8861
f 8866 8858 8867
f 8867 8856 8865
f 8874 8864 8862
f 8864 8875 8863
f 8868 8873 8872
f 8870 8871 8873
f 8865 8870 8867
f 8867 8868 8866
f 8874 8879 8876
f 8876 8878 8875
f 8877 8882 8879
f 8882 8878 8879
f 8880 8888 8882
f 8888 8881 8882
f 8884 8894 8885
f 8894 8883 8885
f 8886 8885 8888
f 8885 8887 8888
f 8895 8891 8890
f 8891 8896 8889
f 8890 8894 8892
f 8891 8893 8894
f 8899 8873 8900
f 8873 8898 8900
f 8899 8903 8902
f 8903 8898 8901
f 8895 8903 8897
f 8897 8901 8896
f 8821 8823 8905
f 8822 8904 8909
f 8767 8816 8768
f 8829 8828 8908
f 8827 8908 8826
f 8908 8906 8826
f 8816 8826 8906
f 8816 8824 8827
f 8904 8786 8817
f 8905 8817 8821
f 8777 8738 8817
f 8793 8753 8754
f 8806 8807 8904
f 8851 8719 8720
f 8734 8735 8733
f 8735 8825 8733
f 8733 8737 8734
f 8737 8721 8736
f 8734 8737 8736
f 8722 8736 8721
f 8724 8723 8722
f 8726 8725 8724
f 8728 8727 8724
f 8727 8726 8724
f 8730 8729 8728
f 8732 8731 8730
f 8711 8710 8732
f 8713 8712 8711
f 8715 8714 8717
f 8714 8713 8717
f 8717 8716 8715
f 8719 8718 8717
f 8721 8720 8719
f 8724 8722 8721
f 8732 8730 8724
f 8730 8728 8724
f 8713 8711 8717
f 8711 8732 8717
f 8721 8719 8717
f 8724 8721 8732
f 8830 8737 8733
f 8821 8735 8734
f 8754 8766 8745
f 8741 8758 8756
f 8747 8750 8772
f 8745 8766 8764
f 8744 8764 8762
f 8743 8762 8760
f 8742 8760 8758
f 8770 8746 8738
f 8748 8746 8770
f 8749 8748 8776
f 8750 8749 8774
f 8740 8756 8752
f 8765 8766 8754
f 8765 8763 8764
f 8763 8761 8762
f 8761 8759 8760
f 8757 8758 8760
f 8755 8756 8758
f 8778 8793 8754
f 8771 8767 8768
f 8771 8772 8774
f 8775 8773 8774
f 8775 8776 8770
f 8769 8770 8752
f 8765 8753 8884
f 8753 8792 8892
f 8792 8804 8890
f 8804 8802 8890
f 8792 8890 8892
f 8802 8800 8895
f 8800 8798 8902
f 8895 8800 8902
f 8798 8796 8902
f 8796 8794 8899
f 8899 8794 8872
f 8794 8790 8872
f 8790 8808 8857
f 8808 8814 8810
f 8814 8812 8810
f 8810 8806 8808
f 8806 8822 8832
f 8822 8819 8832
f 8790 8857 8866
f 8763 8765 8884
f 8753 8892 8884
f 8759 8761 8880
f 8761 8763 8886
f 8755 8757 8877
f 8757 8759 8880
f 8755 8877 8874
f 8769 8751 8853
f 8751 8755 8874
f 8853 8751 8859
f 8773 8775 8771
f 8775 8769 8771
f 8767 8771 8769
f 8827 8824 8767
f 8838 8827 8767
f 8761 8886 8880
f 8790 8866 8868
f 8808 8806 8842
f 8857 8808 8848
f 8806 8832 8842
f 8842 8845 8808
f 8767 8769 8838
f 8859 8751 8862
f 8836 8838 8769
f 8850 8836 8769
f 8845 8848 8808
f 8853 8850 8769
f 8790 8868 8872
f 8862 8751 8874
f 8877 8757 8880
f 8796 8899 8902
f 8895 8890 8802
f 8755 8751 8752
f 8736 8833 8818
f 8784 8805 8793
f 8811 8789 8786
f 8784 8783 8803
f 8783 8782 8801
f 8782 8781 8799
f 8781 8780 8797
f 8809 8785 8787
f 8815 8787 8788
f 8813 8788 8789
f 8793 8805 8804
f 8804 8805 8803
f 8802 8803 8801
f 8800 8801 8799
f 8799 8797 8796
f 8797 8795 8794
f 8810 8811 8807
f 8813 8811 8810
f 8814 8815 8813
f 8809 8815 8814
f 8791 8809 8808
f 8791 8790 8794
f 8780 8779 8795
f 8779 8777 8791
f 8777 8785 8809
f 8854 8718 8719
f 8839 8721 8737
f 8844 8723 8724
f 8869 8727 8728
f 8863 8716 8717
f 8878 8714 8715
f 8875 8715 8716
f 8828 8825 8907
f 8856 8725 8726
f 8821 8907 8825
f 8878 8881 8713
f 8898 8729 8730
f 8844 8841 8722
f 8841 8833 8736
f 8835 8720 8721
f 8887 8712 8713
f 8896 8731 8732
f 8901 8730 8731
f 8871 8728 8729
f 8847 8724 8725
f 8865 8726 8727
f 8889 8732 8710
f 8887 8883 8711
f 8860 8717 8718
f 8893 8710 8711
f 8819 8822 8823
f 8823 8821 8818
f 8768 8816 8906
f 8907 8817 8747
f 8827 8838 8840
f 8840 8839 8830
f 8829 8831 8830
f 8819 8820 8834
f 8820 8818 8833
f 8833 8841 8843
f 8834 8843 8842
f 8844 8846 8843
f 8846 8845 8842
f 8836 8850 8852
f 8852 8851 8835
f 8838 8836 8837
f 8840 8837 8835
f 8845 8846 8849
f 8846 8844 8847
f 8850 8853 8855
f 8855 8854 8851
f 8848 8849 8858
f 8849 8847 8856
f 8859 8861 8855
f 8861 8860 8854
f 8862 8864 8861
f 8864 8863 8860
f 8866 8857 8858
f 8867 8858 8856
f 8874 8876 8864
f 8864 8876 8875
f 8868 8870 8873
f 8870 8869 8871
f 8865 8869 8870
f 8867 8870 8868
f 8874 8877 8879
f 8876 8879 8878
f 8877 8880 8882
f 8882 8881 8878
f 8880 8886 8888
f 8888 8887 8881
f 8884 8892 8894
f 8894 8893 8883
f 8886 8884 8885
f 8885 8883 8887
f 8895 8897 8891
f 8891 8897 8896
f 8890 8891 8894
f 8891 8889 8893
f 8899 8872 8873
f 8873 8871 8898
f 8899 8900 8903
f 8903 8900 8898
f 8895 8902 8903
f 8897 8903 8901
f 8909 8905 8823
f 8823 8822 8909
f 8767 8824 8816
f 8827 8829 8908
f 8908 8907 8906
f 8816 8827 8826
f 8904 8807 8786
f 8909 8904 8817
f 8817 8907 8821
f 8905 8909 8817
f 8783 8784 8778
f 8778 8739 8738
f 8739 8745 8744
f 8743 8739 8744
f 8743 8742 8739
f 8742 8741 8739
f 8741 8740 8739
f 8740 8738 8739
f 8738 8746 8817
f 8746 8748 8750
f 8748 8749 8750
f 8750 8747 8746
f 8747 8817 8746
f 8817 8786 8785
f 8786 8789 8785
f 8817 8785 8777
f 8789 8788 8787
f 8787 8785 8789
f 8777 8779 8778
f 8779 8780 8778
f 8780 8781 8778
f 8781 8782 8778
f 8782 8783 8778
f 8777 8778 8738
f 8793 8792 8753
f 8973 8911 8910
f 8942 8912 8911
f 8943 8913 8912
f 8944 8914 8913
f 8945 8915 8914
f 8946 8916 8915
f 8947 8917 8916
f 8948 8918 8917
f 8918 8950 8919
f 8950 8920 8919
f 8951 8921 8920
f 8952 8922 8921
f 8922 8954 8923
f 8954 8924 8923
f 8955 8925 8924
f 8956 8926 8925
f 8957 8927 8926
f 8958 8928 8927
f 8959 8929 8928
f 8960 8930 8929
f 8961 8931 8930
f 8962 8932 8931
f 8963 8933 8932
f 8933 8965 8934
f 8965 8935 8934
f 8966 8936 8935
f 8967 8937 8936
f 8968 8938 8937
f 8969 8939 8938
f 8970 8940 8939
f 8971 8941 8940
f 8972 8910 8941
f 8973 8942 8911
f 8942 8943 8912
f 8943 8944 8913
f 8944 8945 8914
f 8945 8946 8915
f 8946 8947 8916
f 8947 8948 8917
f 8948 8949 8918
f 8918 8949 8950
f 8950 8951 8920
f 8951 8952 8921
f 8952 8953 8922
f 8922 8953 8954
f 8954 8955 8924
f 8955 8956 8925
f 8956 8957 8926
f 8957 8958 8927
f 8958 8959 8928
f 8959 8960 8929
f 8960 8961 8930
f 8961 8962 8931
f 8962 8963 8932
f 8963 8964 8933
f 8933 8964 8965
f 8965 8966 8935
f 8966 8967 8936
f 8967 8968 8937
f 8968 8969 8938
f 8969 8970 8939
f 8970 8971 8940
f 8971 8972 8941
f 8972 8973 8910
f 8999 8977 8997
f 9001 8978 8999
f 9001 8980 8979
f 9003 8981 8980
f 9005 8982 8981
f 9009 8982 9007
f 9011 8983 9009
f 9013 8984 9011
f 9013 8986 8985
f 9015 8987 8986
f 9017 8988 8987
f 9021 8988 9019
f 8991 8989 9021
f 8993 8976 8975
f 8995 8977 8976
f 8993 8990 8992
f 8993 8994 8995
f 8997 8994 8996
f 8999 8996 8998
f 9001 8998 9000
f 9001 9002 9003
f 9003 9004 9005
f 9005 9006 9007
f 9007 9008 9009
f 9009 9010 9011
f 9013 9010 9012
f 9013 9014 9015
f 9017 9014 9016
f 9019 9016 9018
f 9021 9018 9020
f 9021 8990 8991
f 9022 9008 9006
f 8991 8975 8974
f 9025 9008 9022
f 9025 9012 9010
f 9028 9016 9014
f 9023 9004 9002
f 9026 9022 9023
f 9026 9028 9025
f 9029 9016 9028
f 9000 9023 9002
f 9024 9026 9023
f 9030 9026 9027
f 9020 9029 9030
f 8998 8996 9024
f 8996 9027 9024
f 8992 9027 8994
f 8990 9020 9030
f 9004 9022 9006
f 9000 8998 9024
f 8992 8990 9030
f 9012 9028 9014
f 8978 9036 9035
f 8987 9043 8986
f 8979 9037 9036
f 8988 9044 8987
f 8980 9038 9037
f 8989 9045 8988
f 8981 9039 9038
f 8974 9032 9031
f 8974 9046 8989
f 8983 9039 8982
f 8975 9033 9032
f 8984 9040 8983
f 8976 9034 9033
f 8985 9041 8984
f 8977 9035 9034
f 8986 9042 8985
f 8999 8978 8977
f 9001 8979 8978
f 9001 9003 8980
f 9003 9005 8981
f 9005 9007 8982
f 9009 8983 8982
f 9011 8984 8983
f 9013 8985 8984
f 9013 9015 8986
f 9015 9017 8987
f 9017 9019 8988
f 9021 8989 8988
f 8991 8974 8989
f 8993 8995 8976
f 8995 8997 8977
f 8993 8991 8990
f 8993 8992 8994
f 8997 8995 8994
f 8999 8997 8996
f 9001 8999 8998
f 9001 9000 9002
f 9003 9002 9004
f 9005 9004 9006
f 9007 9006 9008
f 9009 9008 9010
f 9013 9011 9010
f 9013 9012 9014
f 9017 9015 9014
f 9019 9017 9016
f 9021 9019 9018
f 9021 9020 8990
f 8991 8993 8975
f 9025 9010 9008
f 9025 9028 9012
f 9023 9022 9004
f 9026 9025 9022
f 9026 9029 9028
f 9029 9018 9016
f 9000 9024 9023
f 9024 9027 9026
f 9030 9029 9026
f 9020 9018 9029
f 8996 8994 9027
f 8992 9030 9027
f 8978 8979 9036
f 8987 9044 9043
f 8979 8980 9037
f 8988 9045 9044
f 8980 8981 9038
f 8989 9046 9045
f 8981 8982 9039
f 8974 8975 9032
f 8974 9031 9046
f 8983 9040 9039
f 8975 8976 9033
f 8984 9041 9040
f 8976 8977 9034
f 8985 9042 9041
f 8977 8978 9035
f 8986 9043 9042
f 9064 9055 9056
f 9067 9055 9064
f 9069 9050 9066
f 9053 9054 9047
f 9070 9061 9074
f 9072 9060 9067
f 9074 9059 9072
f 9054 9073 9071
f 9065 9062 9070
f 9073 9051 9069
f 9052 9071 9068
f 9057 9058 9065
f 9068 9048 9052
f 9047 9057 9049
f 9072 9068 9071
f 9072 9073 9074
f 9074 9069 9070
f 9070 9066 9065
f 9063 9067 9064
f 9056 9047 9064
f 9047 9048 9063
f 9063 9064 9047
f 9067 9060 9055
f 9069 9051 9050
f 9047 9049 9053
f 9049 9050 9051
f 9049 9051 9053
f 9052 9048 9047
f 9054 9052 9047
f 9070 9062 9061
f 9072 9059 9060
f 9074 9061 9059
f 9054 9053 9073
f 9065 9058 9062
f 9073 9053 9051
f 9052 9054 9071
f 9050 9049 9066
f 9049 9057 9065
f 9066 9049 9065
f 9068 9063 9048
f 9047 9056 9057
f 9072 9067 9068
f 9072 9071 9073
f 9074 9073 9069
f 9070 9069 9066
f 9063 9068 9067
f 9129 9144 9140
f 9117 9090 9096
f 9127 9129 9130
f 9140 9144 9118
f 9119 9130 9131
f 9149 9133 9083
f 9082 9075 9125
f 9076 9116 9079
f 9079 9114 9078
f 9145 9075 9118
f 9077 9115 9088
f 9092 9112 9093
f 9082 9118 9075
f 9088 9104 9087
f 9078 9113 9077
f 9093 9111 9076
f 9081 9107 9094
f 9084 9110 9081
f 9090 9108 9092
f 9094 9105 9082
f 9087 9102 9084
f 9117 9110 9102
f 9155 9156 9128
f 9080 9083 9089
f 9085 9137 9080
f 9086 9138 9085
f 9089 9136 9086
f 9091 9135 9089
f 9083 9134 9091
f 9080 9132 9131
f 9099 9100 9103
f 9098 9122 9100
f 9100 9121 9101
f 9103 9121 9124
f 9103 9126 9106
f 9106 9125 9099
f 9098 9120 9123
f 9095 9135 9134
f 9149 9141 9139
f 9152 9142 9141
f 9151 9143 9142
f 9150 9140 9143
f 9128 9146 9144
f 9156 9147 9146
f 9155 9148 9147
f 9154 9145 9148
f 9147 9148 9118
f 9129 9128 9144
f 9096 9097 9117
f 9097 9095 9117
f 9117 9109 9090
f 9127 9128 9129
f 9118 9117 9140
f 9117 9095 9140
f 9095 9139 9140
f 9139 9141 9143
f 9141 9142 9143
f 9143 9140 9139
f 9131 9132 9097
f 9097 9096 9131
f 9096 9120 9119
f 9119 9127 9130
f 9096 9119 9131
f 9083 9129 9149
f 9129 9150 9149
f 9150 9151 9152
f 9152 9149 9150
f 9123 9120 9096
f 9096 9090 9122
f 9090 9092 9122
f 9092 9093 9084
f 9122 9092 9121
f 9122 9123 9096
f 9121 9092 9084
f 9076 9079 9087
f 9079 9078 9077
f 9093 9076 9087
f 9084 9093 9087
f 9079 9077 9087
f 9077 9088 9087
f 9124 9121 9084
f 9126 9124 9081
f 9124 9084 9081
f 9145 9153 9075
f 9153 9125 9075
f 9125 9126 9094
f 9126 9081 9094
f 9125 9094 9082
f 9076 9111 9116
f 9079 9116 9114
f 9077 9113 9115
f 9092 9108 9112
f 9082 9105 9118
f 9088 9115 9104
f 9078 9114 9113
f 9093 9112 9111
f 9081 9110 9107
f 9084 9102 9110
f 9090 9109 9108
f 9094 9107 9105
f 9087 9104 9102
f 9104 9115 9113
f 9113 9114 9116
f 9113 9116 9104
f 9116 9111 9104
f 9102 9104 9117
f 9104 9111 9112
f 9104 9112 9117
f 9112 9108 9117
f 9108 9109 9117
f 9117 9118 9105
f 9117 9105 9107
f 9117 9107 9110
f 9128 9099 9153
f 9099 9125 9153
f 9153 9154 9128
f 9128 9154 9155
f 9086 9085 9080
f 9080 9131 9130
f 9130 9129 9083
f 9083 9091 9089
f 9089 9086 9080
f 9080 9130 9083
f 9085 9138 9137
f 9086 9136 9138
f 9089 9135 9136
f 9091 9134 9135
f 9083 9133 9134
f 9080 9137 9132
f 9128 9127 9099
f 9127 9119 9098
f 9099 9127 9098
f 9098 9100 9099
f 9100 9101 9103
f 9103 9106 9099
f 9098 9123 9122
f 9100 9122 9121
f 9103 9101 9121
f 9103 9124 9126
f 9106 9126 9125
f 9098 9119 9120
f 9095 9097 9137
f 9097 9132 9137
f 9149 9139 9133
f 9139 9095 9134
f 9133 9139 9134
f 9095 9137 9138
f 9095 9138 9136
f 9095 9136 9135
f 9149 9152 9141
f 9152 9151 9142
f 9151 9150 9143
f 9150 9129 9140
f 9128 9156 9146
f 9156 9155 9147
f 9155 9154 9148
f 9154 9153 9145
f 9145 9118 9148
f 9118 9144 9146
f 9147 9118 9146
f 9162 9165 9164
f 9164 9167 9166
f 9166 9169 9168
f 9169 9170 9168
f 9171 9172 9170
f 9173 9174 9172
f 9175 9176 9174
f 9177 9178 9176
f 9179 9180 9178
f 9181 9182 9180
f 9183 9184 9182
f 9185 9186 9184
f 9187 9188 9186
f 9200 9199 9226
f 9227 9269 9270
f 9247 9243 9238
f 9189 9195 9188
f 9196 9200 9198
f 9197 9199 9200
f 9285 9286 9246
f 9230 9272 9273
f 9171 9209 9210
f 9181 9214 9215
f 9189 9220 9190
f 9229 9271 9272
f 9167 9207 9208
f 9177 9212 9213
f 9187 9217 9218
f 9231 9273 9274
f 9191 9190 9220
f 9213 9223 9214
f 9212 9158 9157
f 9173 9210 9211
f 9183 9215 9216
f 9260 9314 9309
f 9213 9157 9224
f 9169 9208 9209
f 9179 9213 9214
f 9189 9218 9219
f 9163 9207 9165
f 9226 9201 9269
f 9175 9211 9212
f 9185 9216 9217
f 9214 9222 9215
f 9228 9270 9271
f 9239 9244 9242
f 9244 9240 9245
f 9245 9238 9243
f 9250 9249 9252
f 9249 9253 9252
f 9248 9251 9253
f 9265 9239 9242
f 9257 9256 9266
f 9259 9263 9258
f 9262 9260 9261
f 9257 9261 9256
f 9259 9264 9265
f 9281 9283 9275
f 9225 9266 9254
f 9163 9161 9206
f 9215 9221 9216
f 9217 9221 9205
f 9256 9284 9266
f 9232 9274 9275
f 9218 9205 9204
f 9266 9282 9255
f 9232 9276 9233
f 9219 9204 9203
f 9161 9160 9206
f 9233 9277 9234
f 9220 9203 9202
f 9206 9192 9207
f 9235 9277 9278
f 9207 9194 9208
f 9236 9278 9279
f 9208 9193 9209
f 9237 9279 9280
f 9254 9268 9225
f 9191 9202 9201
f 9209 9159 9210
f 9254 9282 9281
f 9225 9267 9161
f 9211 9159 9158
f 9318 9310 9313
f 9306 9317 9283
f 9288 9293 9285
f 9286 9301 9287
f 9299 9300 9298
f 9294 9302 9289
f 9298 9295 9293
f 9300 9296 9295
f 9296 9297 9294
f 9290 9303 9301
f 9303 9291 9304
f 9291 9302 9304
f 9291 9292 9290
f 9318 9307 9305
f 9307 9319 9308
f 9319 9306 9308
f 9313 9312 9315
f 9315 9311 9316
f 9316 9309 9314
f 9307 9308 9306
f 9237 9280 9313
f 9322 9327 9325
f 9324 9328 9327
f 9323 9326 9328
f 9198 9321 9196
f 9162 9163 9165
f 9164 9165 9167
f 9166 9167 9169
f 9169 9171 9170
f 9171 9173 9172
f 9173 9175 9174
f 9175 9177 9176
f 9177 9179 9178
f 9179 9181 9180
f 9181 9183 9182
f 9183 9185 9184
f 9185 9187 9186
f 9187 9189 9188
f 9190 9191 9199
f 9191 9226 9199
f 9226 9227 9200
f 9227 9228 9198
f 9227 9198 9200
f 9228 9229 9198
f 9199 9189 9190
f 9236 9237 9259
f 9265 9242 9243
f 9242 9244 9245
f 9236 9259 9265
f 9235 9236 9287
f 9236 9265 9287
f 9242 9245 9243
f 9243 9250 9251
f 9265 9243 9251
f 9250 9252 9253
f 9253 9251 9250
f 9251 9286 9287
f 9251 9287 9265
f 9234 9235 9287
f 9288 9285 9325
f 9287 9288 9232
f 9233 9234 9287
f 9232 9233 9287
f 9288 9325 9231
f 9325 9327 9231
f 9327 9328 9231
f 9328 9326 9230
f 9328 9230 9231
f 9326 9198 9229
f 9230 9326 9229
f 9231 9232 9288
f 9227 9226 9269
f 9247 9250 9243
f 9189 9199 9195
f 9196 9197 9200
f 9197 9195 9199
f 9246 9322 9285
f 9322 9325 9285
f 9286 9251 9246
f 9230 9229 9272
f 9171 9169 9209
f 9181 9179 9214
f 9189 9219 9220
f 9229 9228 9271
f 9167 9165 9207
f 9177 9175 9212
f 9187 9185 9217
f 9231 9230 9273
f 9213 9224 9223
f 9212 9211 9158
f 9173 9171 9210
f 9183 9181 9215
f 9260 9259 9314
f 9213 9212 9157
f 9169 9167 9208
f 9179 9177 9213
f 9189 9187 9218
f 9163 9206 9207
f 9226 9191 9201
f 9175 9173 9211
f 9185 9183 9216
f 9214 9223 9222
f 9228 9227 9270
f 9239 9241 9244
f 9244 9241 9240
f 9245 9240 9238
f 9250 9247 9249
f 9249 9248 9253
f 9248 9246 9251
f 9265 9264 9239
f 9266 9163 9162
f 9162 9257 9266
f 9259 9260 9263
f 9262 9263 9260
f 9257 9262 9261
f 9259 9258 9264
f 9269 9201 9267
f 9201 9202 9267
f 9267 9202 9160
f 9202 9203 9160
f 9203 9204 9194
f 9204 9205 9194
f 9205 9221 9193
f 9194 9205 9193
f 9221 9222 9158
f 9222 9223 9224
f 9158 9224 9157
f 9222 9224 9158
f 9158 9159 9221
f 9159 9193 9221
f 9194 9192 9203
f 9192 9160 9203
f 9267 9268 9270
f 9269 9267 9270
f 9273 9272 9274
f 9272 9271 9268
f 9271 9270 9268
f 9272 9268 9274
f 9275 9274 9268
f 9275 9268 9281
f 9277 9276 9275
f 9279 9278 9275
f 9278 9277 9275
f 9283 9280 9279
f 9282 9284 9283
f 9281 9282 9283
f 9283 9279 9275
f 9225 9161 9266
f 9161 9163 9266
f 9266 9255 9254
f 9215 9222 9221
f 9217 9216 9221
f 9256 9283 9284
f 9232 9231 9274
f 9218 9217 9205
f 9266 9284 9282
f 9232 9275 9276
f 9219 9218 9204
f 9161 9267 9160
f 9233 9276 9277
f 9220 9219 9203
f 9206 9160 9192
f 9235 9234 9277
f 9207 9192 9194
f 9236 9235 9278
f 9208 9194 9193
f 9237 9236 9279
f 9254 9281 9268
f 9191 9220 9202
f 9209 9193 9159
f 9254 9255 9282
f 9225 9268 9267
f 9211 9210 9159
f 9318 9305 9310
f 9283 9256 9261
f 9261 9306 9283
f 9288 9298 9293
f 9286 9290 9301
f 9298 9288 9297
f 9288 9287 9302
f 9287 9301 9302
f 9301 9303 9302
f 9303 9304 9302
f 9302 9297 9288
f 9297 9299 9298
f 9294 9297 9302
f 9298 9300 9295
f 9300 9299 9296
f 9296 9299 9297
f 9290 9292 9303
f 9303 9292 9291
f 9291 9289 9302
f 9290 9286 9289
f 9286 9285 9294
f 9285 9293 9294
f 9293 9295 9294
f 9295 9296 9294
f 9294 9289 9286
f 9289 9291 9290
f 9318 9320 9307
f 9307 9320 9319
f 9319 9317 9306
f 9313 9310 9312
f 9315 9312 9311
f 9316 9311 9309
f 9306 9261 9305
f 9261 9260 9305
f 9260 9309 9310
f 9309 9311 9310
f 9311 9312 9310
f 9310 9305 9260
f 9305 9307 9306
f 9280 9283 9317
f 9317 9319 9280
f 9319 9320 9280
f 9320 9318 9280
f 9318 9313 9280
f 9313 9315 9237
f 9315 9316 9237
f 9316 9314 9237
f 9314 9259 9237
f 9322 9324 9327
f 9324 9323 9328
f 9323 9321 9326
f 9198 9326 9321
f 9379 9382 9380
f 9395 9385 9379
f 9331 9336 9335
f 9330 9331 9329
f 9330 9333 9332
f 9334 9329 9331
f 9333 9339 9336
f 9332 9333 9336
f 9334 9331 9335
f 9337 9343 9340
f 9334 9338 9337
f 9334 9340 9333
f 9335 9339 9338
f 9338 9342 9347
f 9340 9342 9339
f 9337 9347 9341
f 9348 9363 9349
f 9347 9342 9345
f 9350 9341 9351
f 9368 9349 9351
f 9343 9345 9342
f 9353 9367 9366
f 9357 9346 9356
f 9366 9354 9363
f 9353 9360 9352
f 9350 9349 9344
f 9357 9364 9361
f 9358 9361 9362
f 9362 9346 9358
f 9355 9354 9359
f 9356 9365 9355
f 9344 9363 9356
f 9368 9345 9348
f 9345 9344 9346
f 9366 9359 9354
f 9341 9368 9351
f 9333 9374 9334
f 9390 9334 9384
f 9375 9371 9369
f 9378 9372 9371
f 9377 9373 9372
f 9376 9370 9373
f 9379 9388 9381
f 9381 9387 9382
f 9382 9386 9383
f 9383 9384 9380
f 9375 9380 9384
f 9389 9398 9391
f 9391 9397 9392
f 9392 9396 9393
f 9393 9394 9390
f 9329 9394 9330
f 9330 9394 9333
f 9394 9396 9395
f 9333 9394 9380
f 9396 9397 9398
f 9398 9395 9396
f 9395 9379 9394
f 9379 9381 9382
f 9382 9383 9380
f 9380 9369 9333
f 9369 9371 9370
f 9333 9369 9370
f 9371 9372 9373
f 9373 9370 9371
f 9380 9394 9379
f 9395 9389 9385
f 9331 9332 9336
f 9330 9332 9331
f 9333 9340 9339
f 9337 9341 9343
f 9334 9335 9338
f 9334 9337 9340
f 9335 9336 9339
f 9338 9339 9342
f 9340 9343 9342
f 9337 9338 9347
f 9348 9362 9363
f 9350 9343 9341
f 9368 9348 9349
f 9343 9350 9345
f 9353 9352 9367
f 9355 9359 9356
f 9359 9367 9356
f 9367 9352 9356
f 9352 9360 9357
f 9356 9352 9357
f 9357 9358 9346
f 9356 9346 9344
f 9365 9363 9354
f 9363 9362 9361
f 9353 9361 9364
f 9363 9361 9353
f 9353 9366 9363
f 9353 9364 9360
f 9350 9351 9349
f 9357 9360 9364
f 9358 9357 9361
f 9362 9348 9346
f 9355 9365 9354
f 9356 9363 9365
f 9344 9349 9363
f 9347 9345 9368
f 9345 9346 9348
f 9345 9350 9344
f 9366 9367 9359
f 9341 9347 9368
f 9333 9370 9374
f 9385 9389 9390
f 9389 9391 9390
f 9391 9392 9393
f 9393 9390 9391
f 9390 9329 9334
f 9385 9384 9386
f 9334 9374 9375
f 9374 9376 9377
f 9377 9378 9375
f 9375 9384 9334
f 9386 9387 9388
f 9388 9385 9386
f 9384 9385 9390
f 9374 9377 9375
f 9375 9378 9371
f 9378 9377 9372
f 9377 9376 9373
f 9376 9374 9370
f 9379 9385 9388
f 9381 9388 9387
f 9382 9387 9386
f 9383 9386 9384
f 9375 9369 9380
f 9389 9395 9398
f 9391 9398 9397
f 9392 9397 9396
f 9393 9396 9394
f 9329 9390 9394
f 9429 9402 9427
f 9411 9433 9410
f 9404 9429 9431
f 9401 9431 9424
f 9402 9423 9427
f 9421 9410 9433
f 9406 9419 9407
f 9407 9417 9408
f 9408 9415 9405
f 9409 9437 9411
f 9405 9423 9400
f 9412 9425 9413
f 9426 9423 9422
f 9417 9418 9416
f 9422 9415 9414
f 9419 9420 9418
f 9431 9425 9424
f 9428 9427 9426
f 9421 9432 9420
f 9415 9416 9414
f 9430 9429 9428
f 9434 9437 9435
f 9437 9432 9433
f 9399 9424 9412
f 9464 9440 9441
f 9448 9468 9470
f 9464 9442 9466
f 9466 9439 9459
f 9458 9440 9462
f 9456 9447 9444
f 9444 9454 9456
f 9445 9452 9454
f 9446 9450 9452
f 9470 9409 9448
f 9458 9443 9438
f 9412 9460 9459
f 9458 9461 9457
f 9452 9453 9454
f 9450 9457 9449
f 9454 9455 9456
f 9460 9466 9459
f 9462 9463 9461
f 9456 9467 9468
f 9450 9451 9452
f 9464 9465 9463
f 9434 9470 9469
f 9467 9470 9468
f 9459 9399 9412
f 9429 9403 9402
f 9411 9437 9433
f 9404 9403 9429
f 9401 9404 9431
f 9402 9400 9423
f 9421 9406 9410
f 9406 9421 9419
f 9407 9419 9417
f 9408 9417 9415
f 9409 9435 9437
f 9405 9415 9423
f 9412 9424 9425
f 9426 9427 9423
f 9417 9419 9418
f 9422 9423 9415
f 9419 9421 9420
f 9431 9430 9425
f 9428 9429 9427
f 9421 9433 9432
f 9415 9417 9416
f 9430 9431 9429
f 9434 9436 9437
f 9437 9436 9432
f 9399 9401 9424
f 9464 9462 9440
f 9448 9447 9468
f 9464 9441 9442
f 9466 9442 9439
f 9458 9438 9440
f 9456 9468 9447
f 9444 9445 9454
f 9445 9446 9452
f 9446 9443 9450
f 9470 9435 9409
f 9458 9450 9443
f 9412 9413 9460
f 9458 9462 9461
f 9452 9451 9453
f 9450 9458 9457
f 9454 9453 9455
f 9460 9465 9466
f 9462 9464 9463
f 9456 9455 9467
f 9450 9449 9451
f 9464 9466 9465
f 9434 9435 9470
f 9467 9469 9470
f 9459 9439 9399
f 9486 9488 9518
f 9473 9494 9492
f 9474 9496 9494
f 9475 9498 9496
f 9476 9500 9498
f 9477 9502 9500
f 9478 9504 9502
f 9479 9506 9504
f 9480 9508 9506
f 9481 9510 9508
f 9482 9512 9510
f 9483 9514 9512
f 9484 9516 9514
f 9485 9518 9516
f 9472 9492 9490
f 9471 9490 9488
f 9488 9489 9487
f 9490 9491 9489
f 9492 9493 9491
f 9494 9495 9493
f 9495 9514 9513
f 9500 9497 9498
f 9500 9501 9499
f 9502 9503 9501
f 9506 9503 9504
f 9508 9505 9506
f 9510 9507 9508
f 9510 9511 9509
f 9497 9512 9498
f 9516 9513 9514
f 9518 9515 9516
f 9488 9517 9518
f 9505 9507 9509
f 9498 9514 9496
f 9515 9517 9493
f 9486 9471 9488
f 9473 9474 9494
f 9474 9475 9496
f 9475 9476 9498
f 9476 9477 9500
f 9477 9478 9502
f 9478 9479 9504
f 9479 9480 9506
f 9480 9481 9508
f 9481 9482 9510
f 9482 9483 9512
f 9483 9484 9514
f 9484 9485 9516
f 9485 9486 9518
f 9472 9473 9492
f 9471 9472 9490
f 9488 9490 9489
f 9490 9492 9491
f 9492 9494 9493
f 9494 9496 9495
f 9495 9496 9514
f 9500 9499 9497
f 9500 9502 9501
f 9502 9504 9503
f 9506 9505 9503
f 9508 9507 9505
f 9510 9509 9507
f 9510 9512 9511
f 9497 9511 9512
f 9516 9515 9513
f 9518 9517 9515
f 9488 9487 9517
f 9509 9511 9497
f 9497 9499 9509
f 9499 9501 9509
f 9501 9503 9509
f 9503 9505 9509
f 9498 9512 9514
f 9517 9487 9493
f 9487 9489 9493
f 9489 9491 9493
f 9493 9495 9513
f 9513 9515 9493
f 9533 9526 9527
f 9536 9525 9531
f 9534 9527 9528
f 9535 9528 9529
f 9531 9526 9532
f 9531 9542 9536
f 9532 9537 9531
f 9539 9532 9533
f 9540 9533 9534
f 9541 9534 9535
f 9536 9541 9535
f 9537 9548 9542
f 9538 9543 9537
f 9545 9538 9539
f 9546 9539 9540
f 9547 9540 9541
f 9542 9547 9541
f 9549 9548 9543
f 9550 9543 9544
f 9545 9550 9544
f 9546 9551 9545
f 9547 9552 9546
f 9554 9547 9548
f 9556 9551 9557
f 9555 9554 9549
f 9557 9552 9558
f 9553 9558 9552
f 9560 9553 9554
f 9563 9556 9557
f 9555 9566 9560
f 9565 9558 9559
f 9565 9560 9566
f 9562 9555 9556
f 9569 9562 9563
f 9572 9561 9567
f 9570 9563 9564
f 9571 9564 9565
f 9566 9571 9565
f 9573 9572 9567
f 9574 9567 9568
f 9569 9574 9568
f 9570 9575 9569
f 9571 9576 9570
f 9578 9571 9572
f 9575 9580 9574
f 9579 9578 9573
f 9576 9581 9575
f 9582 9577 9583
f 9564 9557 9558
f 9580 9573 9574
f 9586 9581 9587
f 9585 9584 9579
f 9587 9582 9588
f 9588 9583 9589
f 9590 9583 9584
f 9597 9592 9598
f 9593 9586 9587
f 9596 9585 9591
f 9594 9587 9588
f 9594 9589 9595
f 9586 9579 9580
f 9592 9585 9586
f 9599 9592 9593
f 9602 9591 9597
f 9600 9593 9594
f 9601 9594 9595
f 9601 9596 9602
f 9603 9602 9597
f 9598 9603 9597
f 9599 9604 9598
f 9600 9605 9599
f 9607 9600 9601
f 9608 9601 9602
f 9609 9608 9603
f 9610 9603 9604
f 9605 9610 9604
f 9606 9611 9605
f 9607 9612 9606
f 9614 9607 9608
f 9519 9614 9609
f 9520 9609 9610
f 9611 9520 9610
f 9612 9521 9611
f 9613 9522 9612
f 9524 9613 9614
f 9595 9590 9596
f 9584 9577 9578
f 9556 9549 9550
f 9567 9562 9568
f 9535 9530 9536
f 9526 9617 9527
f 9525 9620 9615
f 9527 9618 9528
f 9619 9528 9618
f 9526 9615 9616
f 9615 9626 9621
f 9616 9621 9622
f 9616 9623 9617
f 9617 9624 9618
f 9618 9625 9619
f 9620 9625 9626
f 9621 9632 9627
f 9622 9627 9628
f 9622 9629 9623
f 9623 9630 9624
f 9624 9631 9625
f 9626 9631 9632
f 9632 9633 9627
f 9627 9634 9628
f 9629 9634 9635
f 9630 9635 9636
f 9631 9636 9637
f 9631 9638 9632
f 9635 9640 9641
f 9639 9638 9644
f 9636 9641 9642
f 9637 9642 9643
f 9637 9644 9638
f 9647 9640 9646
f 9639 9650 9645
f 9649 9642 9648
f 9644 9649 9650
f 9639 9646 9640
f 9653 9646 9652
f 9645 9656 9651
f 9654 9647 9653
f 9648 9655 9649
f 9650 9655 9656
f 9656 9657 9651
f 9651 9658 9652
f 9653 9658 9659
f 9654 9659 9660
f 9655 9660 9661
f 9655 9662 9656
f 9659 9664 9665
f 9663 9662 9668
f 9660 9665 9666
f 9661 9666 9667
f 9648 9641 9647
f 9664 9657 9663
f 9665 9670 9671
f 9669 9668 9674
f 9666 9671 9672
f 9667 9672 9673
f 9674 9667 9673
f 9676 9681 9682
f 9670 9677 9671
f 9669 9680 9675
f 9671 9678 9672
f 9673 9678 9679
f 9670 9663 9669
f 9676 9669 9675
f 9683 9676 9682
f 9675 9686 9681
f 9684 9677 9683
f 9685 9678 9684
f 9680 9685 9686
f 9686 9687 9681
f 9682 9687 9688
f 9683 9688 9689
f 9684 9689 9690
f 9684 9691 9685
f 9685 9692 9686
f 9692 9693 9687
f 9687 9694 9688
f 9689 9694 9695
f 9690 9695 9696
f 9691 9696 9697
f 9691 9698 9692
f 9698 9519 9693
f 9693 9520 9694
f 9695 9520 9521
f 9696 9521 9522
f 9697 9522 9523
f 9697 9524 9698
f 9674 9679 9680
f 9668 9661 9667
f 9640 9633 9639
f 9646 9651 9652
f 9530 9619 9620
f 9533 9532 9526
f 9536 9530 9525
f 9534 9533 9527
f 9535 9534 9528
f 9531 9525 9526
f 9531 9537 9542
f 9532 9538 9537
f 9539 9538 9532
f 9540 9539 9533
f 9541 9540 9534
f 9536 9542 9541
f 9537 9543 9548
f 9538 9544 9543
f 9545 9544 9538
f 9546 9545 9539
f 9547 9546 9540
f 9542 9548 9547
f 9549 9554 9548
f 9550 9549 9543
f 9545 9551 9550
f 9546 9552 9551
f 9547 9553 9552
f 9554 9553 9547
f 9556 9550 9551
f 9555 9560 9554
f 9557 9551 9552
f 9553 9559 9558
f 9560 9559 9553
f 9563 9562 9556
f 9555 9561 9566
f 9565 9564 9558
f 9565 9559 9560
f 9562 9561 9555
f 9569 9568 9562
f 9572 9566 9561
f 9570 9569 9563
f 9571 9570 9564
f 9566 9572 9571
f 9573 9578 9572
f 9574 9573 9567
f 9569 9575 9574
f 9570 9576 9575
f 9571 9577 9576
f 9578 9577 9571
f 9575 9581 9580
f 9579 9584 9578
f 9576 9582 9581
f 9582 9576 9577
f 9564 9563 9557
f 9580 9579 9573
f 9586 9580 9581
f 9585 9590 9584
f 9587 9581 9582
f 9588 9582 9583
f 9590 9589 9583
f 9597 9591 9592
f 9593 9592 9586
f 9596 9590 9585
f 9594 9593 9587
f 9594 9588 9589
f 9586 9585 9579
f 9592 9591 9585
f 9599 9598 9592
f 9602 9596 9591
f 9600 9599 9593
f 9601 9600 9594
f 9601 9595 9596
f 9603 9608 9602
f 9598 9604 9603
f 9599 9605 9604
f 9600 9606 9605
f 9607 9606 9600
f 9608 9607 9601
f 9609 9614 9608
f 9610 9609 9603
f 9605 9611 9610
f 9606 9612 9611
f 9607 9613 9612
f 9614 9613 9607
f 9519 9524 9614
f 9520 9519 9609
f 9611 9521 9520
f 9612 9522 9521
f 9613 9523 9522
f 9524 9523 9613
f 9595 9589 9590
f 9584 9583 9577
f 9556 9555 9549
f 9567 9561 9562
f 9535 9529 9530
f 9526 9616 9617
f 9525 9530 9620
f 9527 9617 9618
f 9619 9529 9528
f 9526 9525 9615
f 9615 9620 9626
f 9616 9615 9621
f 9616 9622 9623
f 9617 9623 9624
f 9618 9624 9625
f 9620 9619 9625
f 9621 9626 9632
f 9622 9621 9627
f 9622 9628 9629
f 9623 9629 9630
f 9624 9630 9631
f 9626 9625 9631
f 9632 9638 9633
f 9627 9633 9634
f 9629 9628 9634
f 9630 9629 9635
f 9631 9630 9636
f 9631 9637 9638
f 9635 9634 9640
f 9639 9633 9638
f 9636 9635 9641
f 9637 9636 9642
f 9637 9643 9644
f 9647 9641 9640
f 9639 9644 9650
f 9649 9643 9642
f 9644 9643 9649
f 9639 9645 9646
f 9653 9647 9646
f 9645 9650 9656
f 9654 9648 9647
f 9648 9654 9655
f 9650 9649 9655
f 9656 9662 9657
f 9651 9657 9658
f 9653 9652 9658
f 9654 9653 9659
f 9655 9654 9660
f 9655 9661 9662
f 9659 9658 9664
f 9663 9657 9662
f 9660 9659 9665
f 9661 9660 9666
f 9648 9642 9641
f 9664 9658 9657
f 9665 9664 9670
f 9669 9663 9668
f 9666 9665 9671
f 9667 9666 9672
f 9674 9668 9667
f 9676 9675 9681
f 9670 9676 9677
f 9669 9674 9680
f 9671 9677 9678
f 9673 9672 9678
f 9670 9664 9663
f 9676 9670 9669
f 9683 9677 9676
f 9675 9680 9686
f 9684 9678 9677
f 9685 9679 9678
f 9680 9679 9685
f 9686 9692 9687
f 9682 9681 9687
f 9683 9682 9688
f 9684 9683 9689
f 9684 9690 9691
f 9685 9691 9692
f 9692 9698 9693
f 9687 9693 9694
f 9689 9688 9694
f 9690 9689 9695
f 9691 9690 9696
f 9691 9697 9698
f 9698 9524 9519
f 9693 9519 9520
f 9695 9694 9520
f 9696 9695 9521
f 9697 9696 9522
f 9697 9523 9524
f 9674 9673 9679
f 9668 9662 9661
f 9640 9634 9633
f 9646 9645 9651
f 9530 9529 9619
f 9699 9705 9702
f 9701 9705 9704
f 9701 9703 9700
f 9699 9703 9706
f 9699 9706 9705
f 9701 9702 9705
f 9701 9704 9703
f 9699 9700 9703
f 9843 9787 9859
f 9709 9734 9710
f 9711 9738 9712
f 9720 9752 9754
f 9712 9740 9713
f 9710 9736 9711
f 9721 9754 9756
f 9713 9742 9714
f 9722 9756 9758
f 9714 9744 9715
f 9723 9758 9760
f 9715 9746 9716
f 9724 9760 9762
f 9716 9748 9717
f 9708 9766 9731
f 9725 9762 9764
f 9717 9750 9718
f 9708 9729 9707
f 9726 9764 9766
f 9719 9750 9752
f 9729 9727 9728
f 9729 9732 9730
f 9728 9733 9734
f 9734 9735 9736
f 9736 9737 9738
f 9738 9739 9740
f 9740 9741 9742
f 9742 9743 9744
f 9744 9745 9746
f 9746 9747 9748
f 9748 9749 9750
f 9752 9749 9751
f 9754 9751 9753
f 9756 9753 9755
f 9756 9757 9758
f 9760 9757 9759
f 9762 9759 9761
f 9764 9761 9763
f 9766 9763 9765
f 9766 9732 9731
f 9707 9728 9709
f 9767 9733 9727
f 9771 9735 9767
f 9775 9737 9771
f 9775 9741 9739
f 9779 9743 9741
f 9768 9727 9730
f 9772 9767 9768
f 9772 9775 9771
f 9776 9779 9775
f 9780 9745 9779
f 9732 9768 9730
f 9769 9772 9768
f 9773 9776 9772
f 9777 9780 9776
f 9781 9747 9780
f 9765 9769 9732
f 9770 9773 9769
f 9778 9773 9774
f 9782 9777 9778
f 9751 9781 9782
f 9763 9770 9765
f 9761 9774 9770
f 9759 9778 9774
f 9755 9778 9757
f 9753 9782 9755
f 9796 9815 9795
f 9860 9785 9802
f 9845 9795 9861
f 9846 9788 9843
f 9847 9796 9845
f 9848 9789 9846
f 9849 9797 9847
f 9850 9790 9848
f 9851 9784 9862
f 9852 9798 9849
f 9853 9791 9850
f 9844 9784 9785
f 9854 9799 9852
f 9855 9792 9853
f 9851 9786 9783
f 9857 9800 9854
f 9858 9793 9855
f 9856 9787 9786
f 9857 9802 9801
f 9861 9794 9858
f 9813 9832 9812
f 9789 9808 9788
f 9797 9816 9796
f 9790 9809 9789
f 9798 9817 9797
f 9791 9810 9790
f 9784 9803 9804
f 9798 9819 9818
f 9792 9811 9791
f 9785 9804 9805
f 9799 9820 9819
f 9793 9812 9792
f 9783 9806 9803
f 9800 9821 9820
f 9794 9813 9793
f 9786 9807 9806
f 9801 9822 9821
f 9795 9814 9794
f 9787 9808 9807
f 9802 9805 9822
f 9831 9839 9825
f 9806 9823 9803
f 9821 9840 9820
f 9814 9833 9813
f 9807 9826 9806
f 9822 9841 9821
f 9815 9834 9814
f 9808 9827 9807
f 9805 9842 9822
f 9816 9835 9815
f 9809 9828 9808
f 9817 9836 9816
f 9810 9829 9809
f 9818 9837 9817
f 9811 9830 9810
f 9803 9824 9804
f 9819 9838 9818
f 9812 9831 9811
f 9804 9825 9805
f 9820 9839 9819
f 9713 9870 9869
f 9722 9877 9721
f 9714 9871 9870
f 9707 9865 9863
f 9723 9878 9722
f 9715 9872 9871
f 9708 9863 9864
f 9724 9879 9723
f 9717 9872 9716
f 9709 9866 9865
f 9725 9880 9724
f 9718 9873 9717
f 9710 9867 9866
f 9726 9881 9725
f 9719 9874 9718
f 9711 9868 9867
f 9708 9882 9726
f 9720 9875 9719
f 9712 9869 9868
f 9721 9876 9720
f 9872 9880 9863
f 9843 9854 9845
f 9843 9788 9787
f 9709 9728 9734
f 9711 9736 9738
f 9720 9719 9752
f 9712 9738 9740
f 9710 9734 9736
f 9721 9720 9754
f 9713 9740 9742
f 9722 9721 9756
f 9714 9742 9744
f 9723 9722 9758
f 9715 9744 9746
f 9724 9723 9760
f 9716 9746 9748
f 9708 9726 9766
f 9725 9724 9762
f 9717 9748 9750
f 9708 9731 9729
f 9726 9725 9764
f 9719 9718 9750
f 9729 9730 9727
f 9729 9731 9732
f 9728 9727 9733
f 9734 9733 9735
f 9736 9735 9737
f 9738 9737 9739
f 9740 9739 9741
f 9742 9741 9743
f 9744 9743 9745
f 9746 9745 9747
f 9748 9747 9749
f 9752 9750 9749
f 9754 9752 9751
f 9756 9754 9753
f 9756 9755 9757
f 9760 9758 9757
f 9762 9760 9759
f 9764 9762 9761
f 9766 9764 9763
f 9766 9765 9732
f 9707 9729 9728
f 9767 9735 9733
f 9771 9737 9735
f 9775 9739 9737
f 9775 9779 9741
f 9779 9745 9743
f 9768 9767 9727
f 9772 9771 9767
f 9772 9776 9775
f 9776 9780 9779
f 9780 9747 9745
f 9732 9769 9768
f 9769 9773 9772
f 9773 9777 9776
f 9777 9781 9780
f 9781 9749 9747
f 9765 9770 9769
f 9770 9774 9773
f 9778 9777 9773
f 9782 9781 9777
f 9751 9749 9781
f 9763 9761 9770
f 9761 9759 9774
f 9759 9757 9778
f 9755 9782 9778
f 9753 9751 9782
f 9796 9816 9815
f 9860 9844 9785
f 9845 9796 9795
f 9846 9789 9788
f 9847 9797 9796
f 9848 9790 9789
f 9849 9798 9797
f 9850 9791 9790
f 9851 9783 9784
f 9852 9799 9798
f 9853 9792 9791
f 9844 9862 9784
f 9854 9800 9799
f 9855 9793 9792
f 9851 9856 9786
f 9857 9801 9800
f 9858 9794 9793
f 9856 9859 9787
f 9857 9860 9802
f 9861 9795 9794
f 9813 9833 9832
f 9789 9809 9808
f 9797 9817 9816
f 9790 9810 9809
f 9798 9818 9817
f 9791 9811 9810
f 9784 9783 9803
f 9798 9799 9819
f 9792 9812 9811
f 9785 9784 9804
f 9799 9800 9820
f 9793 9813 9812
f 9783 9786 9806
f 9800 9801 9821
f 9794 9814 9813
f 9786 9787 9807
f 9801 9802 9822
f 9795 9815 9814
f 9787 9788 9808
f 9802 9785 9805
f 9825 9824 9823
f 9823 9826 9825
f 9826 9827 9825
f 9827 9828 9829
f 9829 9830 9831
f 9831 9832 9833
f 9833 9834 9835
f 9835 9836 9837
f 9837 9838 9839
f 9839 9840 9825
f 9840 9841 9825
f 9841 9842 9825
f 9827 9829 9825
f 9829 9831 9825
f 9831 9833 9835
f 9835 9837 9831
f 9837 9839 9831
f 9806 9826 9823
f 9821 9841 9840
f 9814 9834 9833
f 9807 9827 9826
f 9822 9842 9841
f 9815 9835 9834
f 9808 9828 9827
f 9805 9825 9842
f 9816 9836 9835
f 9809 9829 9828
f 9817 9837 9836
f 9810 9830 9829
f 9818 9838 9837
f 9811 9831 9830
f 9803 9823 9824
f 9819 9839 9838
f 9812 9832 9831
f 9804 9824 9825
f 9820 9840 9839
f 9713 9714 9870
f 9722 9878 9877
f 9714 9715 9871
f 9707 9709 9865
f 9723 9879 9878
f 9715 9716 9872
f 9708 9707 9863
f 9724 9880 9879
f 9717 9873 9872
f 9709 9710 9866
f 9725 9881 9880
f 9718 9874 9873
f 9710 9711 9867
f 9726 9882 9881
f 9719 9875 9874
f 9711 9712 9868
f 9708 9864 9882
f 9720 9876 9875
f 9712 9713 9869
f 9721 9877 9876
f 9863 9865 9866
f 9866 9867 9868
f 9868 9869 9870
f 9870 9871 9872
f 9872 9873 9876
f 9873 9874 9876
f 9874 9875 9876
f 9876 9877 9880
f 9877 9878 9880
f 9878 9879 9880
f 9880 9881 9882
f 9882 9864 9880
f 9864 9863 9880
f 9863 9866 9872
f 9866 9868 9872
f 9868 9870 9872
f 9872 9876 9880
f 9845 9861 9858
f 9858 9855 9853
f 9853 9850 9848
f 9848 9846 9843
f 9843 9859 9862
f 9859 9856 9862
f 9856 9851 9862
f 9862 9844 9860
f 9860 9857 9854
f 9854 9852 9849
f 9849 9847 9845
f 9845 9858 9843
f 9858 9853 9843
f 9853 9848 9843
f 9862 9860 9854
f 9854 9849 9845
f 9843 9862 9854
f 10196 10204 9888
f 10194 9887 9886
f 10193 10205 10258
f 9899 9976 9975
f 9943 10026 10025
f 9898 9975 9974
f 9944 10027 10028
f 10030 9898 10031
f 9945 10003 9946
f 9897 10032 10033
f 9946 10004 9947
f 9952 10035 10036
f 9896 9972 9915
f 9947 10005 9948
f 9921 9982 9922
f 9915 9971 9914
f 9948 10006 9949
f 9922 9983 9923
f 9914 9970 9913
f 9949 10007 9950
f 9923 9984 9924
f 9913 9969 9912
f 9950 10008 9951
f 9924 9985 9925
f 9912 9968 9895
f 9951 10039 10038
f 9925 9986 9926
f 9895 9967 9911
f 9926 9987 9927
f 10040 9911 10041
f 9927 10044 10043
f 9910 10042 10045
f 9928 10047 10048
f 9909 9965 9908
f 9930 9988 9989
f 9953 10037 10050
f 9953 9982 9981
f 9954 9983 9982
f 9955 9984 9983
f 9956 9985 9984
f 9957 9986 9985
f 9958 9987 9986
f 9987 10051 10044
f 9988 10052 9960
f 9960 9989 9988
f 9961 9990 9989
f 9962 9991 9990
f 9963 9992 9991
f 9964 9993 9992
f 9965 9994 9993
f 9994 10046 10053
f 9995 10041 9967
f 9967 9996 9995
f 9968 9997 9996
f 9969 9998 9997
f 9970 9999 9998
f 9971 10000 9999
f 9972 10001 10000
f 9973 10026 10001
f 9974 10029 10031
f 9974 10003 10002
f 9975 10004 10003
f 9976 10005 10004
f 9977 10006 10005
f 9978 10007 10006
f 9979 10008 10007
f 9980 10039 10008
f 9901 10050 10056
f 9943 10000 10001
f 9916 9977 9976
f 9901 9954 9953
f 9942 9999 10000
f 9917 9978 9977
f 9902 9955 9954
f 9941 9998 9999
f 9918 9979 9978
f 9903 9956 9955
f 9940 9997 9998
f 9900 9980 9979
f 9889 9957 9956
f 9939 9996 9997
f 9920 10057 10058
f 9904 9958 9957
f 9938 9995 9996
f 9890 9959 9958
f 9936 10059 10060
f 9892 10064 10061
f 10062 9935 10053
f 9905 10052 10063
f 9935 9993 9994
f 9893 9960 9905
f 9934 9992 9993
f 9906 9961 9893
f 9933 9991 9992
f 9907 9962 9906
f 9932 9990 9991
f 9894 9963 9907
f 9931 9989 9990
f 9908 9964 9894
f 10261 10208 10009
f 10024 10210 10209
f 10021 10211 10022
f 10212 10019 10213
f 10215 10263 10018
f 10017 10216 10018
f 10179 10015 10178
f 10178 10014 10181
f 10181 10013 10180
f 10183 10011 10182
f 10010 10207 10177
f 10025 10032 10027
f 10033 10026 10034
f 10028 10031 10029
f 10027 10030 10028
f 10038 10057 10035
f 10039 10058 10038
f 10036 10050 10037
f 10035 10056 10036
f 10047 10061 10064
f 10043 10051 10061
f 10049 10063 10052
f 10048 10064 10063
f 10045 10059 10062
f 10046 10062 10053
f 10040 10054 10060
f 10042 10060 10059
f 10079 9901 9920
f 10071 9902 9901
f 10074 9903 9902
f 10075 9889 9903
f 10077 9904 9889
f 10081 9890 9904
f 9890 10067 9891
f 10067 9892 9891
f 9892 10072 9905
f 10072 9893 9905
f 9893 10076 9906
f 10076 9907 9906
f 10078 9894 9907
f 10080 9908 9894
f 10066 9909 9908
f 9909 10070 9910
f 10070 10218 9910
f 9911 10218 10262
f 10220 9895 10219
f 10221 9912 10220
f 9914 10221 10222
f 9914 10223 9915
f 9915 10224 9896
f 9896 10225 9897
f 9897 10226 9898
f 9898 10227 9899
f 9899 10228 9916
f 9916 10229 9917
f 9917 10229 10230
f 10232 9900 10231
f 10233 10234 9919
f 9920 9919 10235
f 10111 10113 10096
f 10098 10103 10238
f 10097 10120 10100
f 10099 10240 10241
f 10100 10122 10101
f 10101 10124 10102
f 10103 10242 10238
f 10102 10126 10104
f 10104 10128 10105
f 10105 10130 10106
f 10107 10130 10132
f 10107 10134 10108
f 10109 10134 10136
f 10109 10138 10110
f 10111 10138 10140
f 10095 10113 10116
f 10098 10118 10097
f 10108 10171 10170
f 10109 10172 10171
f 10096 10159 10174
f 10110 10173 10172
f 10097 10175 10098
f 10111 10174 10173
f 10095 10161 10159
f 10098 10165 10103
f 10100 10160 10097
f 10161 10241 10243
f 10158 10217 10070
f 10101 10162 10100
f 10068 10158 10070
f 10066 10157 10068
f 10080 10156 10066
f 10095 10240 10099
f 10114 10245 10246
f 10141 10092 10093
f 10139 10090 10092
f 10137 10087 10090
f 10133 10087 10135
f 10131 10086 10133
f 10129 10085 10131
f 10127 10084 10129
f 10125 10082 10127
f 10123 10094 10125
f 10121 10091 10123
f 10119 10089 10121
f 10117 10260 10247
f 10119 10114 10246
f 10249 10260 10112
f 10115 10245 10114
f 10141 10113 10140
f 10139 10140 10138
f 10139 10136 10137
f 10137 10134 10135
f 10135 10132 10133
f 10133 10130 10131
f 10131 10128 10129
f 10127 10128 10126
f 10127 10124 10125
f 10125 10122 10123
f 10123 10120 10121
f 10121 10118 10119
f 10116 10247 10240
f 10119 10115 10114
f 10112 10116 10113
f 10112 10093 10083
f 10142 10175 10143
f 10155 10174 10156
f 10154 10173 10155
f 10153 10172 10154
f 10152 10171 10153
f 10151 10170 10152
f 10151 10168 10169
f 10149 10168 10150
f 10148 10167 10149
f 10147 10166 10148
f 10142 10251 10165
f 10146 10164 10147
f 10145 10163 10146
f 10158 10243 10244
f 10144 10162 10145
f 10157 10161 10158
f 10143 10160 10144
f 10156 10159 10157
f 10071 10142 10143
f 10074 10143 10144
f 10107 10170 10169
f 10075 10144 10145
f 10077 10145 10146
f 10106 10169 10168
f 10081 10146 10147
f 10142 10237 10250
f 10065 10147 10148
f 10106 10167 10105
f 10067 10148 10149
f 10069 10149 10150
f 10105 10166 10104
f 10069 10151 10072
f 10072 10152 10073
f 10104 10164 10102
f 10073 10153 10076
f 10076 10154 10078
f 10165 10242 10103
f 10078 10155 10080
f 10102 10163 10101
f 10199 10086 10085
f 10198 10084 10082
f 10200 10094 10091
f 10088 10248 10253
f 10199 9887 10202
f 10202 9888 10203
f 10203 10204 10254
f 10177 10255 10185
f 10191 10182 10190
f 10189 10180 10188
f 10189 10178 10181
f 10186 10179 10178
f 10176 10256 10216
f 10023 10211 10210
f 10257 10020 10212
f 10016 10176 10017
f 10012 10180 10013
f 10010 10182 10011
f 10184 10258 10256
f 10193 10186 10192
f 10192 10189 10195
f 10195 10188 10194
f 10196 10191 10190
f 10185 10255 10259
f 10176 10187 10184
f 10183 10188 10180
f 10177 10190 10182
f 9888 10197 10196
f 9885 10194 9886
f 9884 10195 9885
f 9883 10192 9884
f 10258 10187 10193
f 10188 10197 10194
f 10190 10259 10196
f 10254 10260 10083
f 10092 10202 10203
f 10087 10086 10199
f 10205 10201 10252
f 9884 10201 9883
f 9885 10200 9884
f 9886 10198 9885
f 10223 10222 10211
f 10218 10206 10208
f 10261 10219 10262
f 10263 10234 10213
f 10209 10220 10219
f 10232 10212 10213
f 10210 10221 10220
f 10230 10257 10212
f 10244 10218 10217
f 10253 10246 10258
f 10208 10262 10218
f 10259 10255 10247
f 10250 10235 10214
f 10215 10236 10263
f 10215 10214 10235
f 10196 10259 10204
f 10194 10197 9887
f 10193 9883 10205
f 9899 9916 9976
f 10025 10027 9944
f 9943 10001 10026
f 10025 9944 9943
f 9898 9899 9975
f 10028 10029 9945
f 10029 10002 9945
f 9945 9944 10028
f 10030 10032 9897
f 9898 9974 10031
f 10030 9897 9898
f 9945 10002 10003
f 10033 10034 9896
f 10034 9973 9896
f 9896 9897 10033
f 9946 10003 10004
f 10036 10037 9921
f 10037 9981 9921
f 9921 9952 10036
f 9896 9973 9972
f 9947 10004 10005
f 9921 9981 9982
f 9915 9972 9971
f 9948 10005 10006
f 9922 9982 9983
f 9914 9971 9970
f 9949 10006 10007
f 9923 9983 9984
f 9913 9970 9969
f 9950 10007 10008
f 9924 9984 9985
f 9912 9969 9968
f 10038 10035 9952
f 9951 10008 10039
f 10038 9952 9951
f 9925 9985 9986
f 9895 9968 9967
f 9926 9986 9987
f 10040 10042 9910
f 9911 9967 10041
f 10040 9910 9911
f 10043 10047 9928
f 9927 9987 10044
f 10043 9928 9927
f 10045 10046 9909
f 10046 9966 9909
f 9909 9910 10045
f 10048 10049 9929
f 10049 9988 9929
f 9929 9928 10048
f 9909 9966 9965
f 9930 9929 9988
f 9953 9981 10037
f 9953 9954 9982
f 9954 9955 9983
f 9955 9956 9984
f 9956 9957 9985
f 9957 9958 9986
f 9958 9959 9987
f 9987 9959 10051
f 9988 10049 10052
f 9960 9961 9989
f 9961 9962 9990
f 9962 9963 9991
f 9963 9964 9992
f 9964 9965 9993
f 9965 9966 9994
f 9994 9966 10046
f 9995 10054 10041
f 9967 9968 9996
f 9968 9969 9997
f 9969 9970 9998
f 9970 9971 9999
f 9971 9972 10000
f 9972 9973 10001
f 9973 10034 10026
f 9974 10002 10029
f 9974 9975 10003
f 9975 9976 10004
f 9976 9977 10005
f 9977 9978 10006
f 9978 9979 10007
f 9979 9980 10008
f 9980 10055 10039
f 10056 10057 9920
f 9901 9953 10050
f 10056 9920 9901
f 9943 9942 10000
f 9916 9917 9977
f 9901 9902 9954
f 9942 9941 9999
f 9917 9918 9978
f 9902 9903 9955
f 9941 9940 9998
f 9918 9900 9979
f 9903 9889 9956
f 9940 9939 9997
f 9900 9919 9980
f 9889 9904 9957
f 9939 9938 9996
f 10058 10055 9919
f 10055 9980 9919
f 9919 9920 10058
f 9904 9890 9958
f 9938 9937 9995
f 9890 9891 9959
f 10060 10054 9937
f 10054 9995 9937
f 9937 9936 10060
f 10061 10051 9891
f 10051 9959 9891
f 9891 9892 10061
f 10062 10059 9936
f 9935 9994 10053
f 10062 9936 9935
f 10063 10064 9892
f 9905 9960 10052
f 10063 9892 9905
f 9935 9934 9993
f 9893 9961 9960
f 9934 9933 9992
f 9906 9962 9961
f 9933 9932 9991
f 9907 9963 9962
f 9932 9931 9990
f 9894 9964 9963
f 9931 9930 9989
f 9908 9965 9964
f 10207 10009 10206
f 10009 10024 10209
f 10206 10009 10208
f 10209 10261 10009
f 10024 10023 10210
f 10021 10257 10211
f 10212 10020 10019
f 10263 10213 10018
f 10213 10019 10018
f 10018 10216 10214
f 10018 10214 10215
f 10017 10176 10216
f 10179 10016 10015
f 10178 10015 10014
f 10181 10014 10013
f 10183 10012 10011
f 10010 10009 10207
f 10025 10033 10032
f 10033 10025 10026
f 10028 10030 10031
f 10027 10032 10030
f 10038 10058 10057
f 10039 10055 10058
f 10036 10056 10050
f 10035 10057 10056
f 10047 10043 10061
f 10043 10044 10051
f 10049 10048 10063
f 10048 10047 10064
f 10045 10042 10059
f 10046 10045 10062
f 10040 10041 10054
f 10042 10040 10060
f 10079 10071 9901
f 10071 10074 9902
f 10074 10075 9903
f 10075 10077 9889
f 10077 10081 9904
f 10081 10065 9890
f 9890 10065 10067
f 10067 10069 9892
f 9892 10069 10072
f 10072 10073 9893
f 9893 10073 10076
f 10076 10078 9907
f 10078 10080 9894
f 10080 10066 9908
f 10066 10068 9909
f 9909 10068 10070
f 10217 10218 10070
f 10218 9911 9910
f 10262 10219 9911
f 10219 9895 9911
f 10220 9912 9895
f 10221 9913 9912
f 9914 9913 10221
f 9914 10222 10223
f 9915 10223 10224
f 9896 10224 10225
f 9897 10225 10226
f 9898 10226 10227
f 9899 10227 10228
f 9916 10228 10229
f 10231 9918 10230
f 9918 9917 10230
f 10233 9900 10232
f 9900 9918 10231
f 10235 9919 10236
f 9919 9900 10233
f 10236 9919 10234
f 10237 10079 10235
f 10079 9920 10235
f 10111 10140 10113
f 10239 10115 10238
f 10115 10098 10238
f 10097 10118 10120
f 10100 10120 10122
f 10101 10122 10124
f 10102 10124 10126
f 10104 10126 10128
f 10105 10128 10130
f 10107 10106 10130
f 10107 10132 10134
f 10109 10108 10134
f 10109 10136 10138
f 10111 10110 10138
f 10095 10096 10113
f 10098 10115 10118
f 10108 10109 10171
f 10109 10110 10172
f 10096 10095 10159
f 10110 10111 10173
f 10097 10160 10175
f 10111 10096 10174
f 10095 10099 10161
f 10098 10175 10165
f 10100 10162 10160
f 10161 10099 10241
f 10158 10244 10217
f 10101 10163 10162
f 10068 10157 10158
f 10066 10156 10157
f 10080 10155 10156
f 10095 10116 10240
f 10141 10139 10092
f 10139 10137 10090
f 10137 10135 10087
f 10133 10086 10087
f 10131 10085 10086
f 10129 10084 10085
f 10127 10082 10084
f 10125 10094 10082
f 10123 10091 10094
f 10121 10089 10091
f 10119 10088 10089
f 10248 10088 10246
f 10088 10119 10246
f 10112 10083 10249
f 10260 10117 10112
f 10115 10239 10245
f 10141 10112 10113
f 10139 10141 10140
f 10139 10138 10136
f 10137 10136 10134
f 10135 10134 10132
f 10133 10132 10130
f 10131 10130 10128
f 10127 10129 10128
f 10127 10126 10124
f 10125 10124 10122
f 10123 10122 10120
f 10121 10120 10118
f 10116 10117 10247
f 10119 10118 10115
f 10112 10117 10116
f 10112 10141 10093
f 10142 10165 10175
f 10155 10173 10174
f 10154 10172 10173
f 10153 10171 10172
f 10152 10170 10171
f 10151 10169 10170
f 10151 10150 10168
f 10149 10167 10168
f 10148 10166 10167
f 10147 10164 10166
f 10142 10250 10251
f 10146 10163 10164
f 10145 10162 10163
f 10158 10161 10243
f 10144 10160 10162
f 10157 10159 10161
f 10143 10175 10160
f 10156 10174 10159
f 10071 10079 10142
f 10074 10071 10143
f 10107 10108 10170
f 10075 10074 10144
f 10077 10075 10145
f 10106 10107 10169
f 10081 10077 10146
f 10142 10079 10237
f 10065 10081 10147
f 10106 10168 10167
f 10067 10065 10148
f 10069 10067 10149
f 10105 10167 10166
f 10069 10150 10151
f 10072 10151 10152
f 10104 10166 10164
f 10073 10152 10153
f 10076 10153 10154
f 10165 10251 10242
f 10078 10154 10155
f 10102 10164 10163
f 10084 10198 10085
f 10198 10199 10085
f 10094 10200 10082
f 10200 10198 10082
f 10089 10201 10091
f 10201 10200 10091
f 10253 10252 10088
f 10252 10201 10088
f 10201 10089 10088
f 10199 9886 9887
f 10202 9887 9888
f 10203 9888 10204
f 10177 10207 10255
f 10191 10183 10182
f 10189 10181 10180
f 10189 10186 10178
f 10186 10187 10179
f 10176 10184 10256
f 10023 10022 10211
f 10257 10021 10020
f 10016 10179 10176
f 10012 10183 10180
f 10010 10177 10182
f 10193 10187 10186
f 10192 10186 10189
f 10195 10189 10188
f 10196 10197 10191
f 10176 10179 10187
f 10183 10191 10188
f 10177 10185 10190
f 9888 9887 10197
f 9885 10195 10194
f 9884 10192 10195
f 9883 10193 10192
f 10258 10184 10187
f 10188 10191 10197
f 10190 10185 10259
f 10249 10083 10260
f 10083 10093 10203
f 10254 10083 10203
f 10203 10093 10092
f 10092 10090 10202
f 10199 10202 10087
f 10202 10090 10087
f 10205 9883 10201
f 9884 10200 10201
f 9885 10198 10200
f 9886 10199 10198
f 10221 10211 10222
f 10211 10257 10225
f 10257 10230 10229
f 10229 10228 10257
f 10228 10227 10257
f 10227 10226 10257
f 10226 10225 10257
f 10225 10224 10211
f 10224 10223 10211
f 10261 10209 10219
f 10263 10236 10234
f 10209 10210 10220
f 10234 10233 10213
f 10233 10232 10213
f 10210 10211 10221
f 10232 10231 10212
f 10231 10230 10212
f 10244 10206 10218
f 10250 10214 10216
f 10250 10216 10251
f 10216 10256 10251
f 10238 10242 10256
f 10242 10251 10256
f 10258 10205 10252
f 10256 10258 10245
f 10239 10256 10245
f 10239 10238 10256
f 10246 10245 10258
f 10253 10248 10246
f 10258 10252 10253
f 10208 10261 10262
f 10260 10254 10259
f 10254 10204 10259
f 10240 10247 10255
f 10247 10260 10259
f 10243 10241 10255
f 10241 10240 10255
f 10206 10244 10207
f 10244 10243 10207
f 10255 10207 10243
f 10250 10237 10235
f 10215 10235 10236
f 10336 10308 10304
f 10315 10310 10316
f 10336 10332 10335
f 10319 10320 10312
f 10323 10324 10320
f 10327 10328 10324
f 10348 10328 10331
f 10339 10340 10332
f 10340 10347 10344
f 10347 10348 10344
f 10316 10312 10315
f 10297 10371 10274
f 10292 10329 10286
f 10268 10291 10293
f 10290 10325 10292
f 10279 10297 10274
f 10299 10350 10346
f 10270 10289 10291
f 10295 10329 10350
f 10287 10277 10264
f 10294 10283 10277
f 10301 10346 10342
f 10298 10281 10283
f 10285 10313 10288
f 10303 10342 10338
f 10281 10302 10279
f 10296 10338 10337
f 10361 10305 10307
f 10357 10317 10311
f 10269 10330 10326
f 10288 10321 10290
f 10264 10293 10287
f 10378 10337 10305
f 10309 10356 10311
f 10275 10333 10278
f 10278 10341 10280
f 10280 10345 10282
f 10282 10349 10276
f 10272 10284 10289
f 10276 10330 10265
f 10271 10326 10322
f 10273 10322 10318
f 10266 10318 10317
f 10352 10374 10365
f 10337 10304 10305
f 10307 10315 10314
f 10313 10315 10312
f 10318 10316 10317
f 10313 10320 10321
f 10318 10323 10319
f 10321 10324 10325
f 10326 10323 10322
f 10325 10328 10329
f 10326 10331 10327
f 10333 10335 10332
f 10338 10336 10337
f 10333 10340 10341
f 10342 10339 10338
f 10341 10344 10345
f 10346 10343 10342
f 10345 10348 10349
f 10346 10351 10347
f 10349 10331 10330
f 10329 10351 10350
f 10364 10285 10284
f 10353 10266 10357
f 10289 10285 10288
f 10272 10266 10267
f 10289 10290 10291
f 10270 10273 10272
f 10293 10290 10292
f 10270 10269 10271
f 10293 10286 10287
f 10268 10265 10269
f 10279 10275 10278
f 10302 10296 10297
f 10281 10278 10280
f 10300 10303 10302
f 10281 10282 10283
f 10298 10301 10300
f 10283 10276 10277
f 10298 10295 10299
f 10360 10314 10285
f 10267 10364 10284
f 10277 10265 10264
f 10287 10295 10294
f 10368 10334 10275
f 10361 10374 10377
f 10275 10371 10368
f 10356 10358 10311
f 10358 10359 10311
f 10359 10357 10311
f 10360 10362 10307
f 10362 10363 10307
f 10363 10361 10307
f 10360 10366 10362
f 10362 10367 10363
f 10367 10361 10363
f 10357 10355 10353
f 10359 10354 10355
f 10354 10356 10352
f 10353 10366 10364
f 10355 10367 10366
f 10354 10365 10367
f 10375 10296 10378
f 10368 10370 10309
f 10370 10369 10309
f 10377 10379 10305
f 10379 10378 10305
f 10378 10376 10375
f 10376 10377 10374
f 10368 10373 10370
f 10373 10369 10370
f 10375 10373 10371
f 10376 10372 10373
f 10372 10356 10369
f 10311 10316 10310
f 10308 10334 10309
f 10336 10335 10308
f 10315 10306 10310
f 10336 10339 10332
f 10319 10323 10320
f 10323 10327 10324
f 10327 10331 10328
f 10348 10351 10328
f 10339 10343 10340
f 10340 10343 10347
f 10347 10351 10348
f 10316 10319 10312
f 10297 10375 10371
f 10292 10325 10329
f 10268 10270 10291
f 10290 10321 10325
f 10279 10302 10297
f 10299 10295 10350
f 10270 10272 10289
f 10295 10286 10329
f 10287 10294 10277
f 10294 10298 10283
f 10301 10299 10346
f 10298 10300 10281
f 10285 10314 10313
f 10303 10301 10342
f 10281 10300 10302
f 10296 10303 10338
f 10361 10377 10305
f 10357 10266 10317
f 10269 10265 10330
f 10288 10313 10321
f 10264 10268 10293
f 10378 10296 10337
f 10309 10369 10356
f 10275 10334 10333
f 10278 10333 10341
f 10280 10341 10345
f 10282 10345 10349
f 10272 10267 10284
f 10276 10349 10330
f 10271 10269 10326
f 10273 10271 10322
f 10266 10273 10318
f 10352 10372 10374
f 10337 10336 10304
f 10307 10306 10315
f 10313 10314 10315
f 10318 10319 10316
f 10313 10312 10320
f 10318 10322 10323
f 10321 10320 10324
f 10326 10327 10323
f 10325 10324 10328
f 10326 10330 10331
f 10333 10334 10335
f 10338 10339 10336
f 10333 10332 10340
f 10342 10343 10339
f 10341 10340 10344
f 10346 10347 10343
f 10345 10344 10348
f 10346 10350 10351
f 10349 10348 10331
f 10329 10328 10351
f 10364 10360 10285
f 10353 10267 10266
f 10289 10284 10285
f 10272 10273 10266
f 10289 10288 10290
f 10270 10271 10273
f 10293 10291 10290
f 10270 10268 10269
f 10293 10292 10286
f 10268 10264 10265
f 10279 10274 10275
f 10302 10303 10296
f 10281 10279 10278
f 10300 10301 10303
f 10281 10280 10282
f 10298 10299 10301
f 10283 10282 10276
f 10298 10294 10295
f 10360 10307 10314
f 10267 10353 10364
f 10277 10276 10265
f 10287 10286 10295
f 10368 10309 10334
f 10361 10365 10374
f 10275 10274 10371
f 10360 10364 10366
f 10362 10366 10367
f 10367 10365 10361
f 10357 10359 10355
f 10359 10358 10354
f 10354 10358 10356
f 10353 10355 10366
f 10355 10354 10367
f 10354 10352 10365
f 10375 10297 10296
f 10378 10379 10376
f 10376 10379 10377
f 10368 10371 10373
f 10373 10372 10369
f 10375 10376 10373
f 10376 10374 10372
f 10372 10352 10356
f 10311 10317 10316
f 10308 10335 10334
f 10381 10382 10380
f 10383 10384 10382
f 10385 10386 10384
f 10387 10388 10386
f 10389 10390 10388
f 10391 10392 10390
f 10393 10394 10392
f 10395 10396 10394
f 10397 10398 10396
f 10399 10400 10398
f 10401 10402 10400
f 10403 10404 10402
f 10405 10406 10404
f 10407 10408 10406
f 10381 10427 10413
f 10409 10410 10408
f 10411 10380 10410
f 10426 10423 10413
f 10389 10415 10416
f 10397 10421 10399
f 10407 10426 10409
f 10393 10419 10395
f 10403 10424 10405
f 10391 10416 10417
f 10411 10426 10427
f 10387 10414 10415
f 10395 10420 10397
f 10405 10425 10407
f 10381 10412 10383
f 10393 10417 10418
f 10403 10422 10423
f 10417 10416 10420
f 10385 10401 10399
f 10399 10414 10385
f 10412 10401 10383
f 10381 10383 10382
f 10383 10385 10384
f 10385 10387 10386
f 10387 10389 10388
f 10389 10391 10390
f 10391 10393 10392
f 10393 10395 10394
f 10395 10397 10396
f 10397 10399 10398
f 10399 10401 10400
f 10401 10403 10402
f 10403 10405 10404
f 10405 10407 10406
f 10407 10409 10408
f 10381 10411 10427
f 10409 10411 10410
f 10411 10381 10380
f 10422 10412 10413
f 10413 10427 10426
f 10426 10425 10424
f 10424 10423 10426
f 10423 10422 10413
f 10389 10387 10415
f 10397 10420 10421
f 10407 10425 10426
f 10393 10418 10419
f 10403 10423 10424
f 10391 10389 10416
f 10411 10409 10426
f 10387 10385 10414
f 10395 10419 10420
f 10405 10424 10425
f 10381 10413 10412
f 10393 10391 10417
f 10403 10401 10422
f 10416 10415 10420
f 10415 10414 10420
f 10414 10421 10420
f 10420 10419 10418
f 10418 10417 10420
f 10385 10383 10401
f 10399 10421 10414
f 10412 10422 10401
f 10429 10430 10428
f 10431 10432 10430
f 10433 10434 10432
f 10435 10436 10434
f 10437 10438 10436
f 10439 10440 10438
f 10441 10442 10440
f 10443 10444 10442
f 10445 10446 10444
f 10447 10448 10446
f 10449 10450 10448
f 10451 10452 10450
f 10453 10454 10452
f 10455 10456 10454
f 10429 10475 10461
f 10457 10458 10456
f 10459 10428 10458
f 10474 10471 10461
f 10437 10463 10464
f 10445 10469 10447
f 10455 10474 10457
f 10441 10467 10443
f 10451 10472 10453
f 10439 10464 10465
f 10459 10474 10475
f 10435 10462 10463
f 10443 10468 10445
f 10453 10473 10455
f 10429 10460 10431
f 10441 10465 10466
f 10451 10470 10471
f 10465 10464 10468
f 10433 10449 10447
f 10447 10462 10433
f 10460 10449 10431
f 10429 10431 10430
f 10431 10433 10432
f 10433 10435 10434
f 10435 10437 10436
f 10437 10439 10438
f 10439 10441 10440
f 10441 10443 10442
f 10443 10445 10444
f 10445 10447 10446
f 10447 10449 10448
f 10449 10451 10450
f 10451 10453 10452
f 10453 10455 10454
f 10455 10457 10456
f 10429 10459 10475
f 10457 10459 10458
f 10459 10429 10428
f 10470 10460 10461
f 10461 10475 10474
f 10474 10473 10472
f 10472 10471 10474
f 10471 10470 10461
f 10437 10435 10463
f 10445 10468 10469
f 10455 10473 10474
f 10441 10466 10467
f 10451 10471 10472
f 10439 10437 10464
f 10459 10457 10474
f 10435 10433 10462
f 10443 10467 10468
f 10453 10472 10473
f 10429 10461 10460
f 10441 10439 10465
f 10451 10449 10470
f 10464 10463 10468
f 10463 10462 10468
f 10462 10469 10468
f 10468 10467 10466
f 10466 10465 10468
f 10433 10431 10449
f 10447 10469 10462
f 10460 10470 10449
f 10477 10478 10476
f 10479 10480 10478
f 10481 10482 10480
f 10483 10484 10482
f 10485 10486 10484
f 10487 10488 10486
f 10488 10505 10490
f 10505 10491 10490
f 10492 10493 10491
f 10494 10495 10493
f 10498 10483 10503
f 10485 10500 10487
f 10500 10489 10487
f 10502 10505 10489
f 10497 10503 10506
f 10498 10499 10500
f 10502 10499 10501
f 10504 10501 10507
f 10510 10504 10507
f 10503 10483 10509
f 10508 10511 10499
f 10509 10481 10479
f 10492 10505 10510
f 10512 10477 10476
f 10514 10513 10512
f 10516 10515 10514
f 10518 10517 10516
f 10520 10519 10518
f 10522 10521 10520
f 10522 10537 10523
f 10525 10537 10524
f 10527 10526 10525
f 10495 10528 10527
f 10530 10517 10519
f 10519 10532 10530
f 10523 10532 10521
f 10537 10534 10523
f 10529 10535 10530
f 10531 10530 10532
f 10534 10531 10532
f 10536 10533 10534
f 10536 10537 10510
f 10509 10517 10535
f 10531 10533 10511
f 10515 10517 10509
f 10510 10537 10526
f 10477 10479 10478
f 10479 10481 10480
f 10481 10483 10482
f 10483 10485 10484
f 10485 10487 10486
f 10487 10489 10488
f 10488 10489 10505
f 10505 10492 10491
f 10492 10494 10493
f 10494 10496 10495
f 10498 10485 10483
f 10485 10498 10500
f 10500 10502 10489
f 10502 10504 10505
f 10497 10498 10503
f 10498 10497 10499
f 10502 10500 10499
f 10504 10502 10501
f 10507 10511 10510
f 10510 10505 10504
f 10508 10506 10509
f 10506 10503 10509
f 10511 10507 10501
f 10501 10499 10511
f 10499 10497 10508
f 10497 10506 10508
f 10479 10477 10509
f 10509 10483 10481
f 10496 10494 10510
f 10494 10492 10510
f 10512 10513 10477
f 10514 10515 10513
f 10516 10517 10515
f 10518 10519 10517
f 10520 10521 10519
f 10522 10523 10521
f 10522 10524 10537
f 10525 10526 10537
f 10527 10528 10526
f 10495 10496 10528
f 10530 10535 10517
f 10519 10521 10532
f 10523 10534 10532
f 10537 10536 10534
f 10529 10538 10535
f 10531 10529 10530
f 10534 10533 10531
f 10536 10539 10533
f 10510 10511 10539
f 10539 10536 10510
f 10535 10538 10509
f 10538 10508 10509
f 10533 10539 10511
f 10511 10508 10531
f 10508 10538 10529
f 10531 10508 10529
f 10509 10477 10513
f 10513 10515 10509
f 10526 10528 10510
f 10528 10496 10510
f 10541 10542 10540
f 10543 10544 10542
f 10545 10546 10544
f 10547 10548 10546
f 10549 10550 10548
f 10551 10552 10550
f 10553 10554 10552
f 10555 10556 10554
f 10557 10558 10556
f 10559 10560 10558
f 10561 10553 10545
f 10561 10562 10560
f 10563 10540 10562
f 10541 10543 10542
f 10543 10545 10544
f 10545 10547 10546
f 10547 10549 10548
f 10549 10551 10550
f 10551 10553 10552
f 10553 10555 10554
f 10555 10557 10556
f 10557 10559 10558
f 10559 10561 10560
f 10545 10543 10541
f 10541 10563 10561
f 10561 10559 10557
f 10557 10555 10553
f 10553 10551 10549
f 10549 10547 10545
f 10545 10541 10561
f 10561 10557 10553
f 10553 10549 10545
f 10561 10563 10562
f 10563 10541 10540
f 10565 10566 10564
f 10567 10568 10566
f 10568 10571 10570
f 10591 10608 10609
f 10592 10609 10610
f 10593 10610 10611
f 10593 10612 10594
f 10571 10573 10589
f 10597 10584 10583
f 10584 10585 10583
f 10586 10587 10585
f 10583 10587 10576
f 10596 10581 10580
f 10595 10580 10579
f 10594 10579 10578
f 10593 10578 10577
f 10592 10577 10576
f 10591 10576 10575
f 10590 10575 10574
f 10572 10590 10574
f 10599 10608 10607
f 10598 10609 10608
f 10600 10610 10609
f 10601 10611 10610
f 10602 10612 10611
f 10603 10613 10612
f 10604 10614 10613
f 10605 10615 10614
f 10573 10607 10589
f 10597 10606 10582
f 10590 10607 10608
f 10596 10615 10597
f 10595 10614 10596
f 10573 10569 10586
f 10594 10613 10595
f 10587 10565 10564
f 10565 10567 10566
f 10567 10569 10568
f 10568 10569 10571
f 10591 10590 10608
f 10592 10591 10609
f 10593 10592 10610
f 10593 10611 10612
f 10572 10570 10589
f 10570 10571 10589
f 10583 10581 10597
f 10597 10582 10584
f 10584 10586 10585
f 10586 10588 10587
f 10587 10564 10566
f 10566 10568 10570
f 10570 10572 10574
f 10574 10575 10576
f 10576 10577 10578
f 10578 10579 10576
f 10579 10580 10576
f 10580 10581 10583
f 10583 10585 10587
f 10587 10566 10570
f 10570 10574 10587
f 10574 10576 10587
f 10580 10583 10576
f 10596 10597 10581
f 10595 10596 10580
f 10594 10595 10579
f 10593 10594 10578
f 10592 10593 10577
f 10591 10592 10576
f 10590 10591 10575
f 10572 10589 10590
f 10599 10598 10608
f 10598 10600 10609
f 10600 10601 10610
f 10601 10602 10611
f 10602 10603 10612
f 10603 10604 10613
f 10604 10605 10614
f 10605 10606 10615
f 10573 10599 10607
f 10597 10615 10606
f 10590 10589 10607
f 10596 10614 10615
f 10595 10613 10614
f 10569 10567 10565
f 10565 10588 10586
f 10586 10584 10582
f 10582 10606 10573
f 10606 10605 10599
f 10573 10606 10599
f 10605 10604 10601
f 10604 10603 10601
f 10603 10602 10601
f 10601 10600 10598
f 10598 10599 10605
f 10573 10571 10569
f 10569 10565 10586
f 10586 10582 10573
f 10601 10598 10605
f 10594 10612 10613
f 10587 10588 10565
f 10618 10621 10626
f 10636 10620 10632
f 10627 10622 10620
f 10631 10623 10622
f 10630 10624 10623
f 10641 10625 10640
f 10628 10621 10625
f 10632 10637 10636
f 10635 10638 10637
f 10634 10639 10638
f 10646 10743 10708
f 10629 10640 10624
f 10633 10642 10639
f 10653 10644 10660
f 10617 10642 10643
f 10675 10617 10643
f 10619 10669 10642
f 10675 10661 10659
f 10678 10662 10661
f 10677 10663 10662
f 10676 10660 10663
f 10664 10673 10666
f 10666 10672 10667
f 10667 10671 10668
f 10683 10789 10688
f 10682 10698 10694
f 10684 10689 10682
f 10685 10693 10684
f 10686 10692 10685
f 10687 10703 10702
f 10683 10690 10687
f 10699 10694 10698
f 10700 10697 10699
f 10701 10696 10700
f 10702 10691 10686
f 10704 10695 10701
f 10747 10680 10748
f 10748 10721 10749
f 10747 10724 10681
f 10749 10736 10733
f 10737 10734 10735
f 10739 10734 10738
f 10740 10731 10728
f 10742 10731 10741
f 10750 10735 10736
f 10745 10730 10742
f 10737 10764 10759
f 10618 10786 10616
f 10620 10684 10682
f 10627 10693 10631
f 10623 10684 10622
f 10630 10693 10692
f 10624 10685 10623
f 10629 10692 10691
f 10624 10702 10686
f 10641 10690 10628
f 10621 10687 10625
f 10626 10690 10688
f 10616 10683 10621
f 10618 10688 10789
f 10636 10699 10698
f 10632 10697 10635
f 10638 10699 10637
f 10634 10697 10696
f 10638 10701 10700
f 10634 10695 10633
f 10639 10704 10701
f 10620 10694 10632
f 10627 10698 10689
f 10640 10687 10702
f 10629 10703 10641
f 10633 10705 10643
f 10653 10744 10644
f 10646 10713 10651
f 10651 10712 10650
f 10650 10711 10649
f 10649 10710 10648
f 10648 10709 10647
f 10647 10707 10645
f 10652 10716 10654
f 10654 10717 10655
f 10655 10718 10656
f 10656 10719 10657
f 10657 10720 10658
f 10658 10715 10653
f 10647 10645 10646
f 10678 10733 10736
f 10677 10736 10735
f 10676 10735 10734
f 10676 10732 10674
f 10673 10728 10731
f 10673 10730 10672
f 10672 10729 10671
f 10671 10727 10669
f 10674 10714 10652
f 10675 10705 10733
f 10670 10707 10728
f 10669 10704 10642
f 10661 10662 10723
f 10768 10780 10775
f 10708 10743 10740
f 10716 10714 10715
f 10740 10771 10772
f 10760 10739 10759
f 10742 10767 10725
f 10763 10751 10760
f 10743 10776 10779
f 10668 10669 10665
f 10746 10729 10745
f 10721 10750 10749
f 10705 10749 10733
f 10704 10748 10705
f 10704 10746 10747
f 10724 10745 10726
f 10726 10742 10725
f 10722 10737 10750
f 10751 10758 10753
f 10753 10757 10754
f 10754 10755 10752
f 10764 10761 10759
f 10766 10762 10761
f 10765 10760 10762
f 10771 10770 10773
f 10773 10769 10774
f 10774 10767 10772
f 10780 10777 10775
f 10782 10778 10777
f 10781 10776 10778
f 10744 10755 10644
f 10791 10618 10790
f 10616 10792 10793
f 10785 10788 10786
f 10783 10785 10618
f 10784 10787 10783
f 10616 10788 10784
f 10679 10790 10789
f 10793 10791 10790
f 10792 10783 10791
f 10618 10616 10621
f 10636 10627 10620
f 10627 10631 10622
f 10631 10630 10623
f 10630 10629 10624
f 10641 10628 10625
f 10628 10626 10621
f 10632 10635 10637
f 10635 10634 10638
f 10634 10633 10639
f 10646 10706 10743
f 10629 10641 10640
f 10633 10643 10642
f 10660 10674 10653
f 10674 10652 10653
f 10652 10654 10653
f 10654 10655 10658
f 10653 10654 10658
f 10655 10656 10657
f 10657 10658 10655
f 10617 10619 10642
f 10675 10659 10617
f 10619 10665 10669
f 10675 10678 10661
f 10678 10677 10662
f 10677 10676 10663
f 10676 10674 10660
f 10664 10670 10673
f 10666 10673 10672
f 10667 10672 10671
f 10683 10679 10789
f 10682 10689 10698
f 10684 10693 10689
f 10685 10692 10693
f 10686 10691 10692
f 10687 10690 10703
f 10683 10688 10690
f 10699 10697 10694
f 10700 10696 10697
f 10701 10695 10696
f 10702 10703 10691
f 10704 10705 10695
f 10747 10681 10680
f 10748 10680 10721
f 10747 10746 10724
f 10749 10750 10736
f 10737 10738 10734
f 10739 10732 10734
f 10740 10741 10731
f 10742 10730 10731
f 10750 10737 10735
f 10745 10729 10730
f 10737 10723 10764
f 10618 10785 10786
f 10620 10622 10684
f 10627 10689 10693
f 10623 10685 10684
f 10630 10631 10693
f 10624 10686 10685
f 10629 10630 10692
f 10624 10640 10702
f 10641 10703 10690
f 10621 10683 10687
f 10626 10628 10690
f 10616 10679 10683
f 10618 10626 10688
f 10636 10637 10699
f 10632 10694 10697
f 10638 10700 10699
f 10634 10635 10697
f 10638 10639 10701
f 10634 10696 10695
f 10639 10642 10704
f 10620 10682 10694
f 10627 10636 10698
f 10640 10625 10687
f 10629 10691 10703
f 10633 10695 10705
f 10653 10715 10744
f 10646 10708 10713
f 10651 10713 10712
f 10650 10712 10711
f 10649 10711 10710
f 10648 10710 10709
f 10647 10709 10707
f 10652 10714 10716
f 10654 10716 10717
f 10655 10717 10718
f 10656 10718 10719
f 10657 10719 10720
f 10658 10720 10715
f 10645 10670 10646
f 10670 10664 10646
f 10664 10706 10646
f 10646 10651 10647
f 10651 10650 10648
f 10650 10649 10648
f 10648 10647 10651
f 10678 10675 10733
f 10677 10678 10736
f 10676 10677 10735
f 10676 10734 10732
f 10673 10670 10728
f 10673 10731 10730
f 10672 10730 10729
f 10671 10729 10727
f 10674 10732 10714
f 10675 10643 10705
f 10670 10645 10707
f 10669 10727 10704
f 10665 10619 10681
f 10619 10617 10680
f 10776 10706 10775
f 10706 10664 10775
f 10777 10778 10776
f 10768 10775 10664
f 10775 10777 10776
f 10769 10770 10768
f 10725 10767 10666
f 10767 10769 10768
f 10724 10726 10668
f 10726 10725 10668
f 10724 10668 10665
f 10680 10681 10619
f 10681 10724 10665
f 10722 10721 10661
f 10721 10680 10659
f 10659 10680 10617
f 10766 10764 10765
f 10764 10723 10663
f 10765 10764 10763
f 10723 10722 10661
f 10767 10768 10664
f 10666 10767 10664
f 10721 10659 10661
f 10756 10763 10660
f 10660 10763 10764
f 10757 10758 10756
f 10644 10755 10756
f 10755 10757 10756
f 10660 10644 10756
f 10725 10666 10667
f 10764 10663 10660
f 10725 10667 10668
f 10662 10663 10723
f 10768 10771 10780
f 10740 10728 10708
f 10728 10707 10708
f 10707 10709 10708
f 10709 10710 10713
f 10708 10709 10713
f 10710 10711 10712
f 10712 10713 10710
f 10714 10732 10715
f 10732 10739 10715
f 10739 10744 10715
f 10715 10720 10716
f 10720 10719 10717
f 10719 10718 10717
f 10717 10716 10720
f 10740 10743 10780
f 10743 10779 10780
f 10779 10781 10782
f 10782 10780 10779
f 10780 10771 10740
f 10771 10773 10774
f 10774 10772 10771
f 10772 10742 10741
f 10772 10741 10740
f 10738 10737 10759
f 10759 10761 10762
f 10762 10760 10759
f 10760 10751 10739
f 10751 10753 10754
f 10754 10752 10751
f 10752 10744 10751
f 10739 10738 10759
f 10744 10739 10751
f 10742 10772 10767
f 10763 10756 10751
f 10743 10706 10776
f 10668 10671 10669
f 10746 10727 10729
f 10721 10722 10750
f 10705 10748 10749
f 10704 10747 10748
f 10704 10727 10746
f 10724 10746 10745
f 10726 10745 10742
f 10722 10723 10737
f 10751 10756 10758
f 10753 10758 10757
f 10754 10757 10755
f 10764 10766 10761
f 10766 10765 10762
f 10765 10763 10760
f 10771 10768 10770
f 10773 10770 10769
f 10774 10769 10767
f 10780 10782 10777
f 10782 10781 10778
f 10781 10779 10776
f 10744 10752 10755
f 10783 10618 10791
f 10618 10789 10790
f 10793 10679 10616
f 10616 10784 10792
f 10785 10787 10788
f 10783 10787 10785
f 10784 10788 10787
f 10616 10786 10788
f 10679 10793 10790
f 10793 10792 10791
f 10792 10784 10783
f 10796 10829 10840
f 10869 10799 10852
f 11068 10850 10833
f 10895 10972 10893
f 10802 10801 10794
f 10974 10811 10802
f 10951 10898 10916
f 10948 10901 10896
f 11087 10799 11082
f 10877 10797 10800
f 10928 11005 10925
f 10795 10840 10816
f 10919 10854 10924
f 10800 10884 10877
f 10924 10983 10990
f 10977 10810 10811
f 10963 11013 10935
f 10975 10902 10976
f 10976 10905 10978
f 10978 10908 10980
f 10914 11066 11061
f 11070 10848 11071
f 10953 10916 10913
f 10935 10967 10963
f 10961 10904 10901
f 10959 10907 10904
f 10957 10910 10907
f 10955 10913 10910
f 10979 10808 10810
f 10947 10934 10898
f 10981 10806 10808
f 10982 10804 10806
f 10816 10842 10828
f 10842 10825 10828
f 10825 10845 10824
f 10824 10847 10822
f 10822 10849 10820
f 10849 10817 10820
f 10851 10814 10817
f 10829 10842 10840
f 10831 10843 10842
f 10843 10834 10845
f 10834 10847 10845
f 10837 10849 10847
f 10838 10851 10849
f 10839 10841 10851
f 10854 10870 10867
f 10867 10871 10865
f 10865 10872 10863
f 10863 10873 10861
f 10873 10859 10861
f 10874 10856 10859
f 10875 10852 10856
f 11085 10867 11090
f 11090 10865 11084
f 11084 10863 11086
f 11086 10861 11088
f 11088 10859 11089
f 10859 11083 11089
f 11083 10852 11087
f 10877 10886 10883
f 10883 10887 10882
f 10887 10881 10882
f 10888 10880 10881
f 10889 10879 10880
f 10890 10878 10879
f 10891 10876 10878
f 10830 10878 10876
f 10839 10879 10878
f 10838 10880 10879
f 10837 10881 10880
f 10834 10882 10881
f 10882 10831 10883
f 10883 10829 10877
f 10860 11059 11081
f 10891 10804 10803
f 10890 10806 10804
f 10889 10808 10806
f 10888 10810 10808
f 10887 10811 10810
f 10886 10802 10811
f 10900 10930 10899
f 10896 10903 10897
f 10903 10895 10897
f 10901 10906 10903
f 10903 10905 10902
f 10904 10909 10906
f 10906 10908 10905
f 10907 10912 10909
f 10909 10911 10908
f 10910 10915 10912
f 10912 10914 10911
f 10913 10918 10915
f 10915 10917 10914
f 10916 10900 10918
f 10918 10899 10917
f 10898 10939 10900
f 10896 10894 10892
f 10897 10893 10894
f 11053 10846 10850
f 10924 10921 10919
f 10926 10922 10921
f 10922 10928 10923
f 10923 10925 10920
f 11036 11005 11035
f 10926 10995 10927
f 11059 10862 11056
f 10927 11002 10928
f 10939 10933 10930
f 10941 10932 10933
f 10942 10931 10932
f 10943 10929 10931
f 10934 10941 10939
f 10936 10942 10941
f 10937 10943 10942
f 10938 10940 10943
f 10993 10987 10998
f 10988 10930 10992
f 10991 10997 10998
f 10994 10933 10932
f 10996 11001 10997
f 10932 10999 10994
f 11000 11006 11001
f 10931 11003 10999
f 10936 10965 10971
f 10937 10971 10969
f 10938 10969 10967
f 10929 11015 11003
f 10868 11007 11039
f 10948 10892 10945
f 10961 10949 10960
f 10959 10960 10958
f 10957 10958 10956
f 10955 10956 10954
f 10953 10954 10952
f 10951 10952 10950
f 10947 10950 10946
f 10945 10949 10948
f 10966 10963 10967
f 10968 10967 10969
f 10970 10969 10971
f 10970 10965 10964
f 10962 11040 10963
f 10946 10965 10947
f 10954 11038 11045
f 10976 10974 10975
f 10978 10977 10976
f 10978 10981 10979
f 11078 10982 11050
f 10924 11052 10983
f 10973 10975 10974
f 10974 10794 10973
f 11048 11044 11018
f 10984 11030 10983
f 10990 11030 11031
f 11002 11033 11034
f 10989 11031 11032
f 10995 11032 11033
f 11005 11034 11035
f 10998 11027 10993
f 10993 11026 10984
f 10997 11028 10998
f 11001 11029 10997
f 11006 11025 11001
f 11000 11021 11022
f 10987 11018 11019
f 10996 11020 11021
f 10991 11019 11020
f 11004 11022 11023
f 10992 11043 10988
f 10988 11044 10986
f 10999 11017 10994
f 10994 11042 10992
f 11012 10935 11013
f 11016 11003 11015
f 11036 10920 10925
f 11014 10940 11012
f 11024 11004 11023
f 11010 11047 11011
f 11039 11045 11038
f 11008 11045 11007
f 11039 11009 11010
f 11026 11018 11046
f 10818 10857 10853
f 10813 10858 10805
f 10917 11067 11066
f 11073 10899 10930
f 10891 10803 11080
f 10804 11078 11075
f 11067 10899 11054
f 10805 10807 10812
f 10823 10850 10846
f 10826 10864 10812
f 10911 11061 11063
f 10836 11064 11062
f 11069 11048 10985
f 10857 11079 11076
f 10835 10855 10853
f 10855 10833 10850
f 10833 11062 11065
f 10830 10876 11055
f 11069 10985 10984
f 10844 10827 10848
f 10827 10846 10848
f 10853 10821 10818
f 10821 10850 10819
f 10858 10809 10805
f 10809 10857 10807
f 10862 10815 10866
f 10815 10864 10866
f 10980 10982 10981
f 10866 11051 11058
f 10860 11079 10857
f 10833 11065 11068
f 10866 11056 10862
f 10835 11077 11049
f 10848 11074 11071
f 10844 11051 10864
f 11057 10924 11055
f 11073 10930 10986
f 11058 11055 11056
f 11054 11074 11053
f 11066 11068 11065
f 11057 11051 11052
f 11070 11072 11069
f 11051 11069 11052
f 11060 11081 11059
f 11064 11050 11063
f 11071 11073 11072
f 11055 11059 11056
f 11079 11075 11076
f 11078 11076 11075
f 11067 11053 11068
f 11064 11061 11062
f 11081 10803 11079
f 11066 11062 11061
f 11049 11078 11050
f 11063 10980 10908
f 10803 10804 11075
f 10828 11087 10816
f 11089 10828 10825
f 10824 11089 10825
f 10822 11088 10824
f 10820 11086 10822
f 10817 11084 10820
f 11085 10817 10814
f 10816 11082 10795
f 11118 10796 11129
f 11158 10799 10798
f 11348 11139 11333
f 10972 11181 10893
f 10801 11091 10794
f 11100 11256 11091
f 11184 11235 11202
f 11187 11232 11182
f 10799 11366 11082
f 10797 11166 10800
f 11214 11287 11284
f 11129 10795 11105
f 11205 11143 11157
f 11173 10800 11166
f 11272 11265 11210
f 11099 11259 11100
f 11247 11294 11321
f 11257 11188 11181
f 11258 11191 11188
f 11260 11194 11191
f 11200 11346 11203
f 11350 11137 11133
f 11202 11237 11199
f 11251 11221 11247
f 11190 11245 11187
f 11193 11243 11190
f 11196 11241 11193
f 11199 11239 11196
f 11097 11261 11099
f 11231 11220 11249
f 11095 11263 11097
f 11093 11264 11095
f 11105 11131 11129
f 11114 11131 11117
f 11114 11134 11132
f 11113 11136 11134
f 11111 11138 11136
f 11106 11138 11109
f 11103 11140 11106
f 11131 11118 11129
f 11132 11120 11131
f 11132 11123 11121
f 11136 11123 11134
f 11138 11126 11136
f 11140 11127 11138
f 11130 11128 11140
f 11143 11159 11157
f 11156 11160 11159
f 11154 11161 11160
f 11152 11162 11161
f 11148 11162 11150
f 11145 11163 11148
f 11141 11164 11145
f 11364 11156 11143
f 11369 11154 11156
f 11363 11152 11154
f 11365 11150 11152
f 11367 11148 11150
f 11362 11148 11368
f 11362 11141 11145
f 11166 11175 11173
f 11172 11176 11175
f 11170 11176 11171
f 11169 11177 11170
f 11168 11178 11169
f 11167 11179 11168
f 11165 11180 11167
f 11167 11119 11165
f 11168 11128 11167
f 11169 11127 11168
f 11170 11126 11169
f 11171 11123 11170
f 11171 11120 11121
f 11172 11118 11120
f 11339 11149 11361
f 11093 11180 11092
f 11095 11179 11093
f 11097 11178 11095
f 11099 11177 11097
f 11100 11176 11099
f 11091 11175 11100
f 11186 11216 11225
f 11182 11189 11187
f 11181 11189 11183
f 11187 11192 11190
f 11189 11191 11192
f 11190 11195 11193
f 11192 11194 11195
f 11193 11198 11196
f 11195 11197 11198
f 11196 11201 11199
f 11198 11200 11201
f 11199 11204 11202
f 11201 11203 11204
f 11202 11186 11184
f 11204 11185 11186
f 11184 11225 11220
f 10894 11182 10892
f 10893 11183 10894
f 11333 11135 11354
f 11207 11210 11205
f 11208 11212 11207
f 11208 11214 11213
f 11209 11211 11214
f 11287 11317 11316
f 11212 11277 11271
f 11339 11151 11147
f 11213 11284 11277
f 11219 11225 11216
f 11218 11227 11219
f 11217 11228 11218
f 11215 11229 11217
f 11227 11220 11225
f 11228 11222 11227
f 11229 11223 11228
f 11226 11224 11229
f 11267 11266 11275
f 11216 11268 11270
f 11273 11279 11278
f 11276 11219 11274
f 11278 11283 11282
f 11281 11218 11276
f 11282 11288 11286
f 11285 11217 11281
f 11249 11222 11255
f 11255 11223 11253
f 11253 11224 11251
f 11296 11215 11285
f 11289 11290 11157
f 10892 11232 10945
f 11245 11233 11232
f 11243 11244 11245
f 11241 11242 11243
f 11239 11240 11241
f 11237 11238 11239
f 11235 11236 11237
f 11231 11234 11235
f 11233 10945 11232
f 11250 11247 11246
f 11252 11251 11250
f 11254 11253 11252
f 11249 11254 11248
f 11246 11321 11322
f 11230 11249 11248
f 11291 11047 11233
f 11256 11258 11257
f 11259 11260 11258
f 11260 11263 11262
f 11358 11330 11264
f 11210 11265 11332
f 11257 10973 11256
f 10794 11256 10973
f 11325 11268 11328
f 11311 11266 11265
f 11272 11311 11265
f 11284 11314 11277
f 11271 11312 11272
f 11277 11313 11271
f 11287 11315 11284
f 11308 11280 11275
f 11307 11275 11266
f 11309 11279 11280
f 11310 11283 11279
f 11306 11288 11283
f 11282 11302 11278
f 11269 11299 11267
f 11278 11301 11273
f 11273 11300 11269
f 11286 11303 11282
f 11324 11274 11270
f 11325 11270 11268
f 11298 11281 11276
f 11323 11276 11274
f 11221 11293 11294
f 11285 11297 11296
f 11317 11206 11318
f 11226 11295 11293
f 11286 11305 11304
f 11047 11292 11011
f 11320 11326 11289
f 11326 11290 11289
f 11292 11319 11320
f 11311 11312 11290
f 11107 11146 11096
f 11147 11102 11094
f 11203 11346 11347
f 11185 11353 11216
f 11360 11180 11174
f 11093 11355 11358
f 11347 11185 11203
f 11096 11094 11101
f 11112 11139 11108
f 11153 11115 11101
f 11197 11341 11200
f 11125 11344 11124
f 11349 11328 11352
f 11356 11146 11142
f 11144 11124 11142
f 11144 11122 11125
f 11122 11342 11125
f 11130 11103 11335
f 11266 11267 11349
f 11133 11116 11115
f 11135 11116 11137
f 11110 11142 11107
f 11110 11139 11144
f 11098 11147 11094
f 11098 11146 11149
f 11151 11104 11102
f 11153 11104 11155
f 11262 11264 11330
f 11155 11331 11153
f 11149 11359 11361
f 11122 11348 11345
f 11336 11155 11151
f 11329 11357 11124
f 11354 11137 11351
f 11331 11133 11153
f 11210 11332 11337
f 11268 11216 11353
f 11335 11338 11336
f 11334 11354 11353
f 11346 11348 11347
f 11331 11337 11332
f 11350 11352 11351
f 11331 11349 11350
f 11340 11361 11360
f 11344 11330 11329
f 11351 11353 11354
f 11335 11339 11340
f 11355 11359 11356
f 11356 11358 11355
f 11347 11333 11334
f 11341 11344 11342
f 11092 11361 11359
f 11342 11346 11341
f 11329 11358 11357
f 11262 11330 11343
f 11092 11355 11093
f 11117 11366 11362
f 11117 11368 11114
f 11113 11368 11367
f 11111 11367 11365
f 11109 11365 11363
f 11106 11363 11369
f 11106 11364 11103
f 11082 11105 10795
f 10796 10797 10829
f 10869 10798 10799
f 11068 11053 10850
f 10895 10975 10972
f 10802 10884 10801
f 10974 10977 10811
f 10951 10947 10898
f 10948 10961 10901
f 11087 10852 10799
f 10877 10829 10797
f 10928 11002 11005
f 10795 10796 10840
f 10919 10868 10854
f 10800 10801 10884
f 10990 10989 10924
f 10989 10926 10924
f 10977 10979 10810
f 10963 11040 11013
f 10975 10895 10902
f 10976 10902 10905
f 10978 10905 10908
f 10914 10917 11066
f 11070 10844 10848
f 10953 10951 10916
f 10935 10938 10967
f 10961 10959 10904
f 10959 10957 10907
f 10957 10955 10910
f 10955 10953 10913
f 10979 10981 10808
f 10947 10965 10934
f 10981 10982 10806
f 10982 11078 10804
f 10816 10840 10842
f 10842 10843 10825
f 10825 10843 10845
f 10824 10845 10847
f 10822 10847 10849
f 10849 10851 10817
f 10851 10841 10814
f 10829 10831 10842
f 10831 10832 10843
f 10843 10832 10834
f 10834 10837 10847
f 10837 10838 10849
f 10838 10839 10851
f 10839 10830 10841
f 10854 10868 10870
f 10867 10870 10871
f 10865 10871 10872
f 10863 10872 10873
f 10873 10874 10859
f 10874 10875 10856
f 10875 10869 10852
f 11085 10854 10867
f 11090 10867 10865
f 11084 10865 10863
f 11086 10863 10861
f 11088 10861 10859
f 10859 10856 11083
f 11083 10856 10852
f 10877 10884 10886
f 10883 10886 10887
f 10887 10888 10881
f 10888 10889 10880
f 10889 10890 10879
f 10890 10891 10878
f 10891 10885 10876
f 10830 10839 10878
f 10839 10838 10879
f 10838 10837 10880
f 10837 10834 10881
f 10834 10832 10882
f 10882 10832 10831
f 10883 10831 10829
f 10860 10858 11059
f 10891 10890 10804
f 10890 10889 10806
f 10889 10888 10808
f 10888 10887 10810
f 10887 10886 10811
f 10886 10884 10802
f 10900 10939 10930
f 10896 10901 10903
f 10903 10902 10895
f 10901 10904 10906
f 10903 10906 10905
f 10904 10907 10909
f 10906 10909 10908
f 10907 10910 10912
f 10909 10912 10911
f 10910 10913 10915
f 10912 10915 10914
f 10913 10916 10918
f 10915 10918 10917
f 10916 10898 10900
f 10918 10900 10899
f 10898 10934 10939
f 10896 10897 10894
f 10897 10895 10893
f 11053 11074 10846
f 10924 10926 10921
f 10926 10927 10922
f 10922 10927 10928
f 10923 10928 10925
f 11036 10925 11005
f 10926 10989 10995
f 11059 10858 10862
f 10927 10995 11002
f 10939 10941 10933
f 10941 10942 10932
f 10942 10943 10931
f 10943 10940 10929
f 10934 10936 10941
f 10936 10937 10942
f 10937 10938 10943
f 10938 10935 10940
f 10993 10984 10985
f 10987 10991 10998
f 10993 10985 10987
f 10988 10986 10930
f 10930 10933 10992
f 10991 10996 10997
f 10994 10992 10933
f 10996 11000 11001
f 10932 10931 10999
f 11000 11004 11006
f 10931 10929 11003
f 10936 10934 10965
f 10937 10936 10971
f 10938 10937 10969
f 10929 11014 11015
f 10873 10872 10868
f 10872 10871 10870
f 10868 10872 10870
f 10868 10919 11008
f 10919 10921 10920
f 11008 10919 11037
f 10921 10922 10923
f 10923 10920 10921
f 10920 11037 10919
f 10875 10874 11039
f 10874 10873 10868
f 11039 10874 10868
f 10798 10869 11010
f 10869 10875 11010
f 11010 11011 10798
f 11039 11010 10875
f 10868 11008 11007
f 10948 10896 10892
f 10961 10948 10949
f 10959 10961 10960
f 10957 10959 10958
f 10955 10957 10956
f 10953 10955 10954
f 10951 10953 10952
f 10947 10951 10950
f 10945 10944 10949
f 10966 10962 10963
f 10968 10966 10967
f 10970 10968 10969
f 10970 10971 10965
f 10962 11041 11040
f 10946 10964 10965
f 11046 11041 10964
f 11041 10962 10964
f 10962 10966 10964
f 10966 10968 10970
f 10964 10966 10970
f 10964 10946 11046
f 10946 10950 11046
f 10950 10952 11045
f 10952 10954 11045
f 10954 10956 11038
f 10956 10958 11038
f 10958 10960 11009
f 10960 10949 11009
f 10949 10944 11047
f 10949 11047 11009
f 11046 10950 11045
f 10958 11009 11038
f 10976 10977 10974
f 10978 10979 10977
f 10978 10980 10981
f 10973 10972 10975
f 10974 10802 10794
f 11018 10985 11048
f 11048 10986 11044
f 10984 11026 11030
f 10990 10983 11030
f 11002 10995 11033
f 10989 10990 11031
f 10995 10989 11032
f 11005 11002 11034
f 10998 11028 11027
f 10993 11027 11026
f 10997 11029 11028
f 11001 11025 11029
f 11006 11024 11025
f 11000 10996 11021
f 10987 10985 11018
f 10996 10991 11020
f 10991 10987 11019
f 11004 11000 11022
f 10992 11042 11043
f 10988 11043 11044
f 10999 11016 11017
f 10994 11017 11042
f 11012 10940 10935
f 11016 10999 11003
f 11036 11037 10920
f 11014 10929 10940
f 11024 11006 11004
f 11010 11009 11047
f 11039 11007 11045
f 11008 11046 11045
f 11039 11038 11009
f 11016 11015 11014
f 11016 11014 11017
f 11014 11012 11046
f 11017 11014 11042
f 11042 11014 11043
f 11013 11040 11041
f 11012 11013 11046
f 11014 11046 11043
f 11013 11041 11046
f 11046 11008 11026
f 11008 11037 11036
f 11030 11008 11031
f 11036 11035 11008
f 11035 11034 11008
f 11034 11033 11008
f 11033 11032 11008
f 11044 11043 11046
f 11018 11044 11046
f 11032 11031 11008
f 11024 11023 11025
f 11023 11022 11025
f 11025 11022 11021
f 11029 11025 11021
f 11029 11021 11020
f 11028 11029 11020
f 11028 11020 11027
f 11020 11019 11027
f 11027 11019 11018
f 11026 11027 11018
f 11008 11030 11026
f 10818 10807 10857
f 10813 10862 10858
f 11073 11054 10899
f 11080 11060 10885
f 10885 10891 11080
f 11067 10917 10899
f 10812 10815 10813
f 10813 10805 10812
f 10805 10809 10807
f 10807 10818 10826
f 10812 10807 10826
f 10818 10821 10819
f 10819 10823 10826
f 10823 10827 10826
f 10819 10826 10818
f 10823 10819 10850
f 10826 10844 10864
f 10911 10914 11061
f 10836 10835 11064
f 11069 11072 11048
f 11076 10835 10853
f 10853 10857 11076
f 10835 10836 10855
f 10855 10836 10833
f 10833 10836 11062
f 11060 11055 10885
f 11055 10854 11085
f 10885 11055 10876
f 11085 10814 11055
f 10814 10841 11055
f 10841 10830 11055
f 10983 11052 10984
f 11052 11069 10984
f 10844 10826 10827
f 10827 10823 10846
f 10853 10855 10821
f 10821 10855 10850
f 10858 10860 10809
f 10809 10860 10857
f 10862 10813 10815
f 10815 10812 10864
f 10980 11050 10982
f 10866 10864 11051
f 10860 11081 11079
f 10866 11058 11056
f 11049 11064 10835
f 10835 11076 11077
f 10848 10846 11074
f 10844 11070 11051
f 11057 11052 10924
f 10924 10854 11055
f 11048 11072 10986
f 11072 11073 10986
f 11058 11057 11055
f 11054 11073 11074
f 11066 11067 11068
f 11057 11058 11051
f 11070 11071 11072
f 11051 11070 11069
f 11060 11080 11081
f 11064 11049 11050
f 11071 11074 11073
f 11055 11060 11059
f 11079 10803 11075
f 11078 11077 11076
f 11067 11054 11053
f 11064 11063 11061
f 11081 11080 10803
f 11066 11065 11062
f 11049 11077 11078
f 10908 10911 11063
f 11063 11050 10980
f 10828 11083 11087
f 11089 11083 10828
f 10824 11088 11089
f 10822 11086 11088
f 10820 11084 11086
f 10817 11090 11084
f 11085 11090 10817
f 10816 11087 11082
f 11118 10797 10796
f 11158 11141 10799
f 11348 11122 11139
f 10972 11257 11181
f 10801 11173 11091
f 11100 11259 11256
f 11184 11231 11235
f 11187 11245 11232
f 10799 11141 11366
f 10797 11118 11166
f 11214 11211 11287
f 11129 10796 10795
f 11205 11210 11143
f 11173 10801 10800
f 11212 11271 11210
f 11271 11272 11210
f 11099 11261 11259
f 11247 11221 11294
f 11257 11258 11188
f 11258 11260 11191
f 11260 11262 11194
f 11200 11341 11346
f 11350 11351 11137
f 11202 11235 11237
f 11251 11224 11221
f 11190 11243 11245
f 11193 11241 11243
f 11196 11239 11241
f 11199 11237 11239
f 11097 11263 11261
f 11231 11184 11220
f 11095 11264 11263
f 11093 11358 11264
f 11105 11117 11131
f 11114 11132 11131
f 11114 11113 11134
f 11113 11111 11136
f 11111 11109 11138
f 11106 11140 11138
f 11103 11130 11140
f 11131 11120 11118
f 11132 11121 11120
f 11132 11134 11123
f 11136 11126 11123
f 11138 11127 11126
f 11140 11128 11127
f 11130 11119 11128
f 11143 11156 11159
f 11156 11154 11160
f 11154 11152 11161
f 11152 11150 11162
f 11148 11163 11162
f 11145 11164 11163
f 11141 11158 11164
f 11364 11369 11156
f 11369 11363 11154
f 11363 11365 11152
f 11365 11367 11150
f 11367 11368 11148
f 11362 11145 11148
f 11362 11366 11141
f 11166 11172 11175
f 11172 11171 11176
f 11170 11177 11176
f 11169 11178 11177
f 11168 11179 11178
f 11167 11180 11179
f 11165 11174 11180
f 11167 11128 11119
f 11168 11127 11128
f 11169 11126 11127
f 11170 11123 11126
f 11171 11121 11123
f 11171 11172 11120
f 11172 11166 11118
f 11339 11147 11149
f 11093 11179 11180
f 11095 11178 11179
f 11097 11177 11178
f 11099 11176 11177
f 11100 11175 11176
f 11091 11173 11175
f 11186 11185 11216
f 11182 11183 11189
f 11181 11188 11189
f 11187 11189 11192
f 11189 11188 11191
f 11190 11192 11195
f 11192 11191 11194
f 11193 11195 11198
f 11195 11194 11197
f 11196 11198 11201
f 11198 11197 11200
f 11199 11201 11204
f 11201 11200 11203
f 11202 11204 11186
f 11204 11203 11185
f 11184 11186 11225
f 10894 11183 11182
f 10893 11181 11183
f 11333 11139 11135
f 11207 11212 11210
f 11208 11213 11212
f 11208 11209 11214
f 11209 11206 11211
f 11287 11211 11317
f 11212 11213 11277
f 11339 11336 11151
f 11213 11214 11284
f 11219 11227 11225
f 11218 11228 11227
f 11217 11229 11228
f 11215 11226 11229
f 11227 11222 11220
f 11228 11223 11222
f 11229 11224 11223
f 11226 11221 11224
f 11275 11280 11269
f 11280 11273 11269
f 11269 11267 11275
f 11270 11274 11216
f 11274 11219 11216
f 11273 11280 11279
f 11276 11218 11219
f 11278 11279 11283
f 11281 11217 11218
f 11282 11283 11288
f 11285 11215 11217
f 11249 11220 11222
f 11255 11222 11223
f 11253 11223 11224
f 11296 11295 11215
f 11160 11161 11159
f 11161 11162 11157
f 11159 11161 11157
f 11162 11163 11157
f 11163 11164 11320
f 11164 11158 11292
f 11158 10798 11292
f 10798 11011 11292
f 11292 11320 11164
f 11163 11320 11157
f 11205 11157 11290
f 11289 11157 11320
f 11208 11207 11205
f 11206 11209 11208
f 11290 11318 11205
f 11318 11206 11205
f 11206 11208 11205
f 10892 11182 11232
f 11245 11244 11233
f 11243 11242 11244
f 11241 11240 11242
f 11239 11238 11240
f 11237 11236 11238
f 11235 11234 11236
f 11231 11230 11234
f 11233 10944 10945
f 11250 11251 11247
f 11252 11253 11251
f 11254 11255 11253
f 11249 11255 11254
f 11246 11247 11321
f 11230 11231 11249
f 11246 11322 11248
f 11322 11327 11248
f 11250 11246 11248
f 11254 11252 11250
f 11230 11248 11327
f 11248 11254 11250
f 11236 11234 11326
f 11234 11230 11327
f 11326 11234 11327
f 11240 11238 11319
f 11238 11236 11326
f 11319 11238 11326
f 11244 11242 11291
f 11242 11240 11319
f 11291 11242 11319
f 10944 11233 11047
f 11233 11244 11291
f 11256 11259 11258
f 11259 11261 11260
f 11260 11261 11263
f 11257 10972 10973
f 10794 11091 11256
f 11328 11267 11299
f 11299 11325 11328
f 11311 11307 11266
f 11272 11312 11311
f 11284 11315 11314
f 11271 11313 11312
f 11277 11314 11313
f 11287 11316 11315
f 11308 11309 11280
f 11307 11308 11275
f 11309 11310 11279
f 11310 11306 11283
f 11306 11305 11288
f 11282 11303 11302
f 11269 11300 11299
f 11278 11302 11301
f 11273 11301 11300
f 11286 11304 11303
f 11324 11323 11274
f 11325 11324 11270
f 11298 11297 11281
f 11323 11298 11276
f 11221 11226 11293
f 11285 11281 11297
f 11317 11211 11206
f 11226 11215 11295
f 11286 11288 11305
f 11047 11291 11292
f 11320 11319 11326
f 11326 11327 11290
f 11292 11291 11319
f 11303 11304 11305
f 11303 11305 11306
f 11302 11303 11306
f 11302 11306 11310
f 11301 11302 11310
f 11301 11310 11309
f 11300 11301 11308
f 11301 11309 11308
f 11299 11300 11308
f 11299 11308 11307
f 11325 11299 11327
f 11299 11307 11327
f 11295 11296 11297
f 11293 11295 11327
f 11295 11297 11298
f 11295 11298 11323
f 11322 11321 11294
f 11294 11293 11327
f 11295 11323 11324
f 11327 11295 11324
f 11327 11322 11294
f 11318 11290 11317
f 11290 11327 11307
f 11311 11290 11307
f 11316 11317 11290
f 11315 11316 11290
f 11314 11315 11290
f 11313 11314 11290
f 11327 11324 11325
f 11312 11313 11290
f 11107 11142 11146
f 11147 11151 11102
f 11185 11334 11353
f 11174 11340 11360
f 11360 11092 11180
f 11347 11334 11185
f 11102 11104 11101
f 11101 11115 11096
f 11115 11116 11112
f 11107 11115 11108
f 11112 11108 11115
f 11108 11110 11107
f 11107 11096 11115
f 11096 11098 11094
f 11101 11094 11102
f 11112 11135 11139
f 11153 11133 11115
f 11197 11343 11341
f 11125 11342 11344
f 11349 11267 11328
f 11142 11124 11356
f 11356 11359 11146
f 11144 11125 11124
f 11144 11139 11122
f 11122 11345 11342
f 11143 11335 11364
f 11335 11340 11174
f 11364 11335 11103
f 11174 11165 11335
f 11165 11119 11335
f 11119 11130 11335
f 11349 11332 11266
f 11332 11265 11266
f 11133 11137 11116
f 11135 11112 11116
f 11110 11144 11142
f 11110 11108 11139
f 11098 11149 11147
f 11098 11096 11146
f 11151 11155 11104
f 11153 11101 11104
f 11262 11263 11264
f 11155 11338 11331
f 11149 11146 11359
f 11336 11338 11155
f 11124 11344 11329
f 11357 11356 11124
f 11354 11135 11137
f 11331 11350 11133
f 11337 11335 11210
f 11335 11143 11210
f 11353 11352 11268
f 11352 11328 11268
f 11335 11337 11338
f 11334 11333 11354
f 11346 11345 11348
f 11331 11338 11337
f 11350 11349 11352
f 11331 11332 11349
f 11340 11339 11361
f 11344 11343 11330
f 11351 11352 11353
f 11335 11336 11339
f 11355 11092 11359
f 11356 11357 11358
f 11347 11348 11333
f 11341 11343 11344
f 11092 11360 11361
f 11342 11345 11346
f 11329 11330 11358
f 11343 11197 11194
f 11194 11262 11343
f 11117 11105 11366
f 11117 11362 11368
f 11113 11114 11368
f 11111 11113 11367
f 11109 11111 11365
f 11106 11109 11363
f 11106 11369 11364
f 11082 11366 11105
f 11726 11623 11706
f 11622 11678 11671
f 11724 11621 11705
f 11688 11598 11627
f 11596 11667 11670
f 11708 11685 11727
f 11692 11600 11693
f 11643 11612 11639
f 11668 11682 11669
f 11611 11641 11637
f 11627 11694 11699
f 11677 11683 11672
f 11685 11597 11680
f 11676 11682 11687
f 11697 11599 11692
f 11709 11701 11731
f 11626 11691 11597
f 11700 11600 11631
f 11734 11626 11708
f 11632 11659 11629
f 11628 11695 11625
f 11634 11640 11636
f 11709 11665 11719
f 11658 11717 11720
f 11638 11644 11640
f 11642 11648 11644
f 11648 11645 11616
f 11646 11619 11615
f 11596 11601 11595
f 11602 11603 11601
f 11604 11605 11603
f 11606 11607 11605
f 11608 11609 11607
f 11610 11611 11609
f 11618 11619 11611
f 11673 11679 11668
f 11622 11636 11623
f 11614 11617 11620
f 11615 11618 11616
f 11647 11620 11612
f 11703 11615 11645
f 11704 11614 11647
f 11707 11688 11627
f 11728 11673 11723
f 11730 11676 11687
f 11689 11625 11684
f 11710 11696 11629
f 11732 11627 11699
f 11701 11629 11696
f 11666 11654 11664
f 11657 11650 11651
f 11706 11636 11711
f 11705 11634 11622
f 11711 11640 11713
f 11712 11638 11634
f 11713 11644 11715
f 11714 11642 11638
f 11715 11648 11704
f 11716 11645 11642
f 11675 11596 11670
f 11664 11650 11656
f 11654 11651 11650
f 11651 11652 11649
f 11599 11652 11600
f 11717 11663 11718
f 11718 11662 11719
f 11656 11721 11720
f 11657 11722 11721
f 11658 11663 11661
f 11663 11659 11662
f 11710 11655 11630
f 11631 11652 11665
f 11630 11649 11599
f 11665 11653 11666
f 11655 11651 11649
f 11669 11667 11668
f 11723 11674 11724
f 11725 11678 11726
f 11667 11673 11668
f 11672 11678 11677
f 11676 11670 11669
f 11595 11674 11667
f 11681 11679 11680
f 11727 11686 11728
f 11729 11690 11730
f 11680 11686 11685
f 11684 11690 11689
f 11681 11687 11682
f 11680 11598 11681
f 11693 11691 11692
f 11731 11702 11732
f 11697 11734 11733
f 11692 11698 11697
f 11696 11702 11701
f 11693 11699 11694
f 11597 11694 11598
f 11733 11695 11696
f 11700 11732 11699
f 11729 11687 11688
f 11727 11683 11684
f 11725 11675 11676
f 11723 11671 11672
f 11629 11722 11710
f 11721 11659 11660
f 11720 11660 11658
f 11666 11719 11665
f 11664 11718 11666
f 11646 11716 11641
f 11647 11715 11704
f 11641 11714 11637
f 11643 11713 11715
f 11637 11712 11633
f 11639 11711 11713
f 11633 11705 11621
f 11635 11706 11711
f 11628 11732 11702
f 11630 11733 11710
f 11677 11730 11690
f 11672 11728 11723
f 11689 11707 11628
f 11720 11664 11656
f 11632 11719 11662
f 11625 11734 11708
f 11631 11731 11700
f 11684 11708 11727
f 11622 11724 11705
f 11624 11726 11706
f 11620 11617 11612
f 11618 11612 11617
f 11726 11678 11623
f 11622 11623 11678
f 11724 11674 11621
f 11688 11681 11598
f 11596 11595 11667
f 11708 11626 11685
f 11692 11599 11600
f 11602 11596 11635
f 11596 11624 11635
f 11606 11604 11635
f 11604 11602 11635
f 11606 11635 11639
f 11610 11608 11639
f 11608 11606 11639
f 11647 11612 11643
f 11612 11610 11639
f 11668 11679 11682
f 11621 11595 11633
f 11595 11601 11633
f 11601 11603 11633
f 11603 11605 11633
f 11633 11605 11637
f 11605 11607 11637
f 11607 11609 11637
f 11609 11611 11637
f 11611 11646 11641
f 11627 11598 11694
f 11677 11690 11683
f 11685 11626 11597
f 11676 11669 11682
f 11697 11630 11599
f 11709 11632 11701
f 11626 11698 11691
f 11700 11693 11600
f 11734 11698 11626
f 11632 11662 11659
f 11628 11702 11695
f 11634 11638 11640
f 11709 11631 11665
f 11658 11661 11717
f 11638 11642 11644
f 11642 11645 11648
f 11616 11613 11648
f 11613 11614 11648
f 11645 11615 11616
f 11646 11611 11619
f 11596 11602 11601
f 11602 11604 11603
f 11604 11606 11605
f 11606 11608 11607
f 11608 11610 11609
f 11610 11612 11611
f 11673 11686 11679
f 11622 11634 11636
f 11614 11613 11617
f 11615 11619 11618
f 11647 11614 11620
f 11703 11646 11615
f 11704 11648 11614
f 11707 11729 11688
f 11728 11686 11673
f 11730 11725 11676
f 11689 11628 11625
f 11710 11733 11696
f 11732 11707 11627
f 11701 11632 11629
f 11666 11653 11654
f 11657 11656 11650
f 11706 11623 11636
f 11705 11712 11634
f 11711 11636 11640
f 11712 11714 11638
f 11713 11640 11644
f 11714 11716 11642
f 11715 11644 11648
f 11716 11703 11645
f 11675 11624 11596
f 11664 11654 11650
f 11654 11653 11651
f 11651 11653 11652
f 11599 11649 11652
f 11717 11661 11663
f 11718 11663 11662
f 11656 11657 11721
f 11657 11655 11722
f 11658 11660 11663
f 11663 11660 11659
f 11710 11722 11655
f 11631 11600 11652
f 11630 11655 11649
f 11665 11652 11653
f 11655 11657 11651
f 11669 11670 11667
f 11723 11673 11674
f 11725 11677 11678
f 11667 11674 11673
f 11672 11671 11678
f 11676 11675 11670
f 11595 11621 11674
f 11681 11682 11679
f 11727 11685 11686
f 11729 11689 11690
f 11680 11679 11686
f 11684 11683 11690
f 11681 11688 11687
f 11680 11597 11598
f 11693 11694 11691
f 11731 11701 11702
f 11697 11698 11734
f 11692 11691 11698
f 11696 11695 11702
f 11693 11700 11699
f 11597 11691 11694
f 11733 11734 11695
f 11700 11731 11732
f 11729 11730 11687
f 11727 11728 11683
f 11725 11726 11675
f 11723 11724 11671
f 11629 11659 11722
f 11721 11722 11659
f 11720 11721 11660
f 11666 11718 11719
f 11664 11717 11718
f 11646 11703 11716
f 11647 11643 11715
f 11641 11716 11714
f 11643 11639 11713
f 11637 11714 11712
f 11639 11635 11711
f 11633 11712 11705
f 11635 11624 11706
f 11628 11707 11732
f 11630 11697 11733
f 11677 11725 11730
f 11672 11683 11728
f 11689 11729 11707
f 11720 11717 11664
f 11632 11709 11719
f 11625 11695 11734
f 11631 11709 11731
f 11684 11625 11708
f 11622 11671 11724
f 11624 11675 11726
f 11618 11611 11612
